input,method,entity,group,episode_id,family_id,windows,ADE_mm,FDE_mm
full,stationary,target,all,family0004_detach,family0004,21,4.546790739163716,7.558220252957434
full,stationary,target,detach,family0004_detach,family0004,21,4.546790739163716,7.558220252957434
full,stationary,target,stationary,family0004_detach,family0004,10,0.0002387982267038069,0.00029920718533915647
full,stationary,tool,all,family0004_detach,family0004,21,14.708130797814755,24.672344814808596
full,stationary,tool,detach,family0004_detach,family0004,21,14.708130797814755,24.672344814808596
full,stationary,tool,stationary,family0004_detach,family0004,10,12.786775175482035,21.380515303462744
full,stationary,all,all,family0004_detach,family0004,21,9.627460734918714,16.11528257351546
full,stationary,all,detach,family0004_detach,family0004,21,9.627460734918714,16.11528257351546
full,stationary,all,stationary,family0004_detach,family0004,10,6.393506960012019,10.690407594665885
full,stationary,target,near_establish,family0004_detach,family0004,4,3.045466117806761,6.410988496819758
full,stationary,tool,near_establish,family0004_detach,family0004,4,7.118830108083785,12.132384814321995
full,stationary,all,near_establish,family0004_detach,family0004,4,5.082148069050163,9.271686431020498
full,stationary,target,moving,family0004_detach,family0004,11,8.680019776379181,14.429057567295702
full,stationary,tool,moving,family0004_detach,family0004,11,16.454817727208138,27.664917097850278
full,stationary,all,moving,family0004_detach,family0004,11,12.567418712106617,21.04698709974235
full,stationary,target,near_release,family0004_detach,family0004,5,3.98850694695696,5.464035440103743
full,stationary,tool,near_release,family0004_detach,family0004,5,19.127008691430092,31.140055507421494
full,stationary,all,near_release,family0004_detach,family0004,5,11.5577582269907,18.30204576253891
full,stationary,target,all,family0004_engage_pull,family0004,21,5.601491668742787,9.522270561035256
full,stationary,target,engage_pull,family0004_engage_pull,family0004,21,5.601491668742787,9.522270561035256
full,stationary,target,stationary,family0004_engage_pull,family0004,3,2.423746832865466e-05,1.8510774246749406e-05
full,stationary,tool,all,family0004_engage_pull,family0004,21,6.9284883460828235,11.623164949317774
full,stationary,tool,engage_pull,family0004_engage_pull,family0004,21,6.9284883460828235,11.623164949317774
full,stationary,tool,stationary,family0004_engage_pull,family0004,3,6.244027987122536,10.93623818208774
full,stationary,all,all,family0004_engage_pull,family0004,21,6.264989918452644,10.572717879854498
full,stationary,all,engage_pull,family0004_engage_pull,family0004,21,6.264989918452644,10.572717879854498
full,stationary,all,stationary,family0004_engage_pull,family0004,3,3.1220261783649526,5.468128404269616
full,stationary,target,near_establish,family0004_engage_pull,family0004,4,2.9372586582452342,5.86995154825809
full,stationary,tool,near_establish,family0004_engage_pull,family0004,4,7.037454284727573,11.725506745278835
full,stationary,all,near_establish,family0004_engage_pull,family0004,4,4.987356544006616,8.797728922218084
full,stationary,target,moving,family0004_engage_pull,family0004,18,6.535069573955196,11.109312569412092
full,stationary,tool,moving,family0004_engage_pull,family0004,18,7.042565072576205,11.737652743856112
full,stationary,all,moving,family0004_engage_pull,family0004,18,6.7888172084672584,11.423482792451978
full,stationary,target,all,family0004_pass_by,family0004,21,2.0435235810401492e-05,2.0481134248890548e-05
full,stationary,target,pass_by,family0004_pass_by,family0004,21,2.0435235810401492e-05,2.0481134248890548e-05
full,stationary,target,stationary,family0004_pass_by,family0004,21,2.0435235810401492e-05,2.0481134248890548e-05
full,stationary,tool,all,family0004_pass_by,family0004,21,6.897828586044765,11.689552305532354
full,stationary,tool,pass_by,family0004_pass_by,family0004,21,6.897828586044765,11.689552305532354
full,stationary,tool,stationary,family0004_pass_by,family0004,21,6.897828586044765,11.689552305532354
full,stationary,all,all,family0004_pass_by,family0004,21,3.448924504309183,5.8447864305760175
full,stationary,all,pass_by,family0004_pass_by,family0004,21,3.448924504309183,5.8447864305760175
full,stationary,all,stationary,family0004_pass_by,family0004,21,3.448924504309183,5.8447864305760175
full,stationary,target,all,family0007_detach,family0007,21,4.49327819071888,7.455225765897701
full,stationary,target,detach,family0007_detach,family0007,21,4.49327819071888,7.455225765897701
full,stationary,target,stationary,family0007_detach,family0007,11,0.13254629448734467,0.1621962149324994
full,stationary,tool,all,family0007_detach,family0007,21,14.24040448563617,24.008218354235094
full,stationary,tool,detach,family0007_detach,family0007,21,14.24040448563617,24.008218354235094
full,stationary,tool,stationary,family0007_detach,family0007,11,12.335066313178025,20.658536009829152
full,stationary,all,all,family0007_detach,family0007,21,9.366841424101343,15.73172187255252
full,stationary,all,detach,family0007_detach,family0007,21,9.366841424101343,15.73172187255252
full,stationary,all,stationary,family0007_detach,family0007,11,6.233806324995715,10.410366198894652
full,constant_velocity,target,all,family0004_detach,family0004,21,1.8769449219240708,3.8999563720397967
full,constant_velocity,target,detach,family0004_detach,family0004,21,1.8769449219240708,3.8999563720397967
full,constant_velocity,target,stationary,family0004_detach,family0004,10,0.3936715494422316,0.656069857033259
full,constant_velocity,tool,all,family0004_detach,family0004,21,3.15273848892026,6.580619407724866
full,constant_velocity,tool,detach,family0004_detach,family0004,21,3.15273848892026,6.580619407724866
full,constant_velocity,tool,stationary,family0004_detach,family0004,10,1.4771830963582033,2.731815175320662
full,constant_velocity,all,all,family0004_detach,family0004,21,2.514841600302697,5.240287792384195
full,constant_velocity,all,detach,family0004_detach,family0004,21,2.514841600302697,5.240287792384195
full,constant_velocity,all,stationary,family0004_detach,family0004,10,0.9354272388463869,1.6939425547207065
full,constant_velocity,target,near_establish,family0004_detach,family0004,4,2.172218640449586,4.945815885596616
full,constant_velocity,tool,near_establish,family0004_detach,family0004,4,0.20003188228656654,0.9469147780691856
full,constant_velocity,all,near_establish,family0004_detach,family0004,4,1.186125301614993,2.9463651528658374
full,constant_velocity,target,moving,family0004_detach,family0004,11,3.2253752605439248,6.848944112954831
full,constant_velocity,tool,moving,family0004_detach,family0004,11,4.675970663976676,10.079532346274142
full,constant_velocity,all,moving,family0004_detach,family0004,11,3.9506728379902514,8.464238008441912
full,constant_velocity,target,near_release,family0004_detach,family0004,5,3.6661231600476185,7.288004514379054
full,constant_velocity,tool,near_release,family0004_detach,family0004,5,5.9490880579687655,11.28284870646894
full,constant_velocity,all,near_release,family0004_detach,family0004,5,4.8076054896228015,9.285426489077508
full,constant_velocity,target,all,family0004_engage_pull,family0004,21,0.39838863080277065,0.8500993694007147
full,constant_velocity,target,engage_pull,family0004_engage_pull,family0004,21,0.39838863080277065,0.8500993694007147
full,constant_velocity,target,stationary,family0004_engage_pull,family0004,3,9.985179971749858e-05,0.00014912153763665023
full,constant_velocity,tool,all,family0004_engage_pull,family0004,21,0.24660797539798382,0.4876540855266718
full,constant_velocity,tool,engage_pull,family0004_engage_pull,family0004,21,0.24660797539798382,0.4876540855266718
full,constant_velocity,tool,stationary,family0004_engage_pull,family0004,3,1.6769999989871092,3.3252562564788
full,constant_velocity,all,all,family0004_engage_pull,family0004,21,0.3224983031378499,0.6688767228600531
full,constant_velocity,all,engage_pull,family0004_engage_pull,family0004,21,0.3224983031378499,0.6688767228600531
full,constant_velocity,all,stationary,family0004_engage_pull,family0004,3,0.838549876940912,1.6627027571303188
full,constant_velocity,target,near_establish,family0004_engage_pull,family0004,4,2.0668698173231803,4.41907182817225
full,constant_velocity,tool,near_establish,family0004_engage_pull,family0004,4,0.01714708560029976,0.03249072778999107
full,constant_velocity,all,near_establish,family0004_engage_pull,family0004,4,1.0420084882980518,2.225781202696453
full,constant_velocity,target,moving,family0004_engage_pull,family0004,18,0.4647700939699462,0.9917577440445611
full,constant_velocity,tool,moving,family0004_engage_pull,family0004,18,0.008209304799796277,0.014720390367983782
full,constant_velocity,all,moving,family0004_engage_pull,family0004,18,0.23648970750400622,0.5032390504816754
full,constant_velocity,target,all,family0004_pass_by,family0004,21,6.99910497389954e-05,0.00010627672659373795
full,constant_velocity,target,pass_by,family0004_pass_by,family0004,21,6.99910497389954e-05,0.00010627672659373795
full,constant_velocity,target,stationary,family0004_pass_by,family0004,21,6.99910497389954e-05,0.00010627672659373795
full,constant_velocity,tool,all,family0004_pass_by,family0004,21,0.3190670250887706,0.7247065369656844
full,constant_velocity,tool,pass_by,family0004_pass_by,family0004,21,0.3190670250887706,0.7247065369656844
full,constant_velocity,tool,stationary,family0004_pass_by,family0004,21,0.3190670250887706,0.7247065369656844
full,constant_velocity,all,all,family0004_pass_by,family0004,21,0.15956850752662008,0.3624064162457736
full,constant_velocity,all,pass_by,family0004_pass_by,family0004,21,0.15956850752662008,0.3624064162457736
full,constant_velocity,all,stationary,family0004_pass_by,family0004,21,0.15956850752662008,0.3624064162457736
full,constant_velocity,target,all,family0007_detach,family0007,21,1.8168130692517015,3.817207485151506
full,constant_velocity,target,detach,family0007_detach,family0007,21,1.8168130692517015,3.817207485151506
full,constant_velocity,target,stationary,family0007_detach,family0007,11,0.38664018921575793,0.7433707471559036
full,constant_velocity,tool,all,family0007_detach,family0007,21,3.250781304294443,6.861035916569692
full,constant_velocity,tool,detach,family0007_detach,family0007,21,3.250781304294443,6.861035916569692
full,constant_velocity,tool,stationary,family0007_detach,family0007,11,1.896083221502274,3.929926371049739
full,constant_velocity,all,all,family0007_detach,family0007,21,2.533797034196877,5.3391216514726345
full,constant_velocity,all,detach,family0007_detach,family0007,21,2.533797034196877,5.3391216514726345
full,constant_velocity,all,stationary,family0007_detach,family0007,11,1.1413617483578327,2.336648552789649
full,A,target,all,family0004_detach,family0004,21,1.4218125517280507,2.0680967039273432
full,A,target,detach,family0004_detach,family0004,21,1.4218125517280507,2.0680967039273432
full,A,target,stationary,family0004_detach,family0004,10,0.7836775999749079,1.1341046047164127
full,A,tool,all,family0004_detach,family0004,21,2.427114922154163,3.514399746477249
full,A,tool,detach,family0004_detach,family0004,21,2.427114922154163,3.514399746477249
full,A,tool,stationary,family0004_detach,family0004,10,1.9067823537625372,2.476770244538784
full,A,all,all,family0004_detach,family0004,21,1.924463786140439,2.7912482730157318
full,A,all,detach,family0004_detach,family0004,21,1.924463786140439,2.7912482730157318
full,A,all,stationary,family0004_detach,family0004,10,1.345230033621192,1.8054373911581933
full,A,target,near_establish,family0004_detach,family0004,4,1.6766685002949089,2.9175945674069226
full,A,tool,near_establish,family0004_detach,family0004,4,0.9976430592359975,1.2086143833585083
full,A,all,near_establish,family0004_detach,family0004,4,1.33715572883375,2.063104446278885
full,A,target,moving,family0004_detach,family0004,11,2.0019352351399986,2.9171804304827345
full,A,tool,moving,family0004_detach,family0004,11,2.900144529782913,4.457699293694035
full,A,all,moving,family0004_detach,family0004,11,2.4510399247943,3.6874399837953122
full,A,target,near_release,family0004_detach,family0004,5,1.360522408504039,1.8548485357314348
full,A,tool,near_release,family0004_detach,family0004,5,2.821574779227376,4.569159634411335
full,A,all,near_release,family0004_detach,family0004,5,2.0910487277433276,3.2120040617883205
full,A,target,all,family0004_engage_pull,family0004,21,0.9391426990207817,1.3911457721232658
full,A,target,engage_pull,family0004_engage_pull,family0004,21,0.9391426990207817,1.3911457721232658
full,A,target,stationary,family0004_engage_pull,family0004,3,1.2781302211806178,2.1774079650640488
full,A,tool,all,family0004_engage_pull,family0004,21,0.9141240956350452,1.382050769669669
full,A,tool,engage_pull,family0004_engage_pull,family0004,21,0.9141240956350452,1.382050769669669
full,A,tool,stationary,family0004_engage_pull,family0004,3,1.0096914678191145,1.0873412247747183
full,A,all,all,family0004_engage_pull,family0004,21,0.9266334292035372,1.3865983152451615
full,A,all,engage_pull,family0004_engage_pull,family0004,21,0.9266334292035372,1.3865983152451615
full,A,all,stationary,family0004_engage_pull,family0004,3,1.1439109221100807,1.632374517309169
full,A,target,near_establish,family0004_engage_pull,family0004,4,1.699846558040008,2.571284887380898
full,A,tool,near_establish,family0004_engage_pull,family0004,4,0.8764203957980499,1.2673321762122214
full,A,all,near_establish,family0004_engage_pull,family0004,4,1.2881334696430713,1.9193084735888988
full,A,target,moving,family0004_engage_pull,family0004,18,0.882644778660809,1.260102073299802
full,A,tool,moving,family0004_engage_pull,family0004,18,0.8981962002710335,1.4311690271521609
full,A,all,moving,family0004_engage_pull,family0004,18,0.8904205137191133,1.3456356149011601
full,A,target,all,family0004_pass_by,family0004,21,0.651885891178002,0.7605117072151708
full,A,target,pass_by,family0004_pass_by,family0004,21,0.651885891178002,0.7605117072151708
full,A,target,stationary,family0004_pass_by,family0004,21,0.651885891178002,0.7605117072151708
full,A,tool,all,family0004_pass_by,family0004,21,0.8968916372396052,1.0377016955143994
full,A,tool,pass_by,family0004_pass_by,family0004,21,0.8968916372396052,1.0377016955143994
full,A,tool,stationary,family0004_pass_by,family0004,21,0.8968916372396052,1.0377016955143994
full,A,all,all,family0004_pass_by,family0004,21,0.7743887808395639,0.8991067353192539
full,A,all,pass_by,family0004_pass_by,family0004,21,0.7743887808395639,0.8991067353192539
full,A,all,stationary,family0004_pass_by,family0004,21,0.7743887808395639,0.8991067353192539
full,A,target,all,family0007_detach,family0007,21,1.4435471634247474,2.27880131153922
full,A,target,detach,family0007_detach,family0007,21,1.4435471634247474,2.27880131153922
full,A,target,stationary,family0007_detach,family0007,11,0.9237347297709096,1.3787807547487319
full,A,tool,all,family0007_detach,family0007,21,2.4961831125741205,3.3860202335442104
full,A,tool,detach,family0007_detach,family0007,21,2.4961831125741205,3.3860202335442104
full,A,tool,stationary,family0007_detach,family0007,11,2.004355663137341,2.3481855063106525
full,A,all,all,family0007_detach,family0007,21,1.9698650908789463,2.832410818276306
full,A,all,detach,family0007_detach,family0007,21,1.9698650908789463,2.832410818276306
full,A,all,stationary,family0007_detach,family0007,11,1.4640451832251116,1.8634831278838895
full,B,target,all,family0004_detach,family0004,21,1.7193637793839334,2.56433702694873
full,B,target,detach,family0004_detach,family0004,21,1.7193637793839334,2.56433702694873
full,B,target,stationary,family0004_detach,family0004,10,0.8990256756078452,1.0316753759980202
full,B,tool,all,family0004_detach,family0004,21,2.7257702036184215,3.9868250744239915
full,B,tool,detach,family0004_detach,family0004,21,2.7257702036184215,3.9868250744239915
full,B,tool,stationary,family0004_detach,family0004,10,2.556376566644758,3.2201304333284497
full,B,all,all,family0004_detach,family0004,21,2.2225669762563136,3.2755810312838074
full,B,all,detach,family0004_detach,family0004,21,2.2225669762563136,3.2755810312838074
full,B,all,stationary,family0004_detach,family0004,10,1.7277010949328542,2.1259028231725097
full,B,target,near_establish,family0004_detach,family0004,4,2.4125617783283815,4.143538419157267
full,B,tool,near_establish,family0004_detach,family0004,4,1.1239797750022262,1.8063882307615131
full,B,all,near_establish,family0004_detach,family0004,4,1.7682706529740244,2.974963455926627
full,B,target,moving,family0004_detach,family0004,11,2.46512569190765,3.9576658005402847
full,B,tool,moving,family0004_detach,family0004,11,2.8797644190490246,4.683820202692666
full,B,all,moving,family0004_detach,family0004,11,2.6724450501867314,4.320743038657714
full,B,target,near_release,family0004_detach,family0004,5,1.9890561001375318,2.489014295861125
full,B,tool,near_release,family0004_detach,family0004,5,2.7359348256140947,4.112239880487323
full,B,all,near_release,family0004_detach,family0004,5,2.362495381385088,3.3006269950419664
full,B,target,all,family0004_engage_pull,family0004,21,1.1253322397048275,1.6294547267967747
full,B,target,engage_pull,family0004_engage_pull,family0004,21,1.1253322397048275,1.6294547267967747
full,B,target,stationary,family0004_engage_pull,family0004,3,0.9316458599641919,1.314749747204284
full,B,tool,all,family0004_engage_pull,family0004,21,1.0548937744239257,1.4117957630549514
full,B,tool,engage_pull,family0004_engage_pull,family0004,21,1.0548937744239257,1.4117957630549514
full,B,tool,stationary,family0004_engage_pull,family0004,3,1.3905181161438425,2.360926785816749
full,B,all,all,family0004_engage_pull,family0004,21,1.0901129959772031,1.5206252435399663
full,B,all,engage_pull,family0004_engage_pull,family0004,21,1.0901129959772031,1.5206252435399663
full,B,all,stationary,family0004_engage_pull,family0004,3,1.1610820268591244,1.8378383247181773
full,B,target,near_establish,family0004_engage_pull,family0004,4,2.4844953877618536,3.810925059951842
full,B,tool,near_establish,family0004_engage_pull,family0004,4,0.9631298162275925,1.4440782251767814
full,B,all,near_establish,family0004_engage_pull,family0004,4,1.7238124564755708,2.627501729875803
full,B,target,moving,family0004_engage_pull,family0004,18,1.1576133029949334,1.6819055567288563
full,B,tool,moving,family0004_engage_pull,family0004,18,0.9989563841372728,1.2536072592613183
full,B,all,moving,family0004_engage_pull,family0004,18,1.0782848241635494,1.4677563966769311
full,B,target,all,family0004_pass_by,family0004,21,0.8445369700590769,0.9891996021559906
full,B,target,pass_by,family0004_pass_by,family0004,21,0.8445369700590769,0.9891996021559906
full,B,target,stationary,family0004_pass_by,family0004,21,0.8445369700590769,0.9891996021559906
full,B,tool,all,family0004_pass_by,family0004,21,1.0425259298201472,1.1543782865850343
full,B,tool,pass_by,family0004_pass_by,family0004,21,1.0425259298201472,1.1543782865850343
full,B,tool,stationary,family0004_pass_by,family0004,21,1.0425259298201472,1.1543782865850343
full,B,all,all,family0004_pass_by,family0004,21,0.9435314596408889,1.0717889720884461
full,B,all,pass_by,family0004_pass_by,family0004,21,0.9435314596408889,1.0717889720884461
full,B,all,stationary,family0004_pass_by,family0004,21,0.9435314596408889,1.0717889720884461
full,B,target,all,family0007_detach,family0007,21,1.7834734947731097,2.668254695544463
full,B,target,detach,family0007_detach,family0007,21,1.7834734947731097,2.668254695544463
full,B,target,stationary,family0007_detach,family0007,11,1.096667817116461,1.3934174838306552
full,B,tool,all,family0007_detach,family0007,21,2.8001977674042187,3.823716880842334
full,B,tool,detach,family0007_detach,family0007,21,2.8001977674042187,3.823716880842334
full,B,tool,stationary,family0007_detach,family0007,11,2.6383025423538955,3.0332236042754217
full,B,all,all,family0007_detach,family0007,21,2.29183557842459,3.245985745230601
full,B,all,detach,family0007_detach,family0007,21,2.29183557842459,3.245985745230601
full,B,all,stationary,family0007_detach,family0007,11,1.8674851056527009,2.2133204831995745
full,C,target,all,family0004_detach,family0004,21,2.5649528335114673,3.68542534886815
full,C,target,detach,family0004_detach,family0004,21,2.5649528335114673,3.68542534886815
full,C,target,stationary,family0004_detach,family0004,10,1.4400202606339008,1.7921223130542785
full,C,tool,all,family0004_detach,family0004,21,3.5420277355504886,4.02236341809233
full,C,tool,detach,family0004_detach,family0004,21,3.5420277355504886,4.02236341809233
full,C,tool,stationary,family0004_detach,family0004,10,3.0534454970620573,3.9385581272654235
full,C,all,all,family0004_detach,family0004,21,3.0534902997758415,3.853894348832823
full,C,all,detach,family0004_detach,family0004,21,3.0534902997758415,3.853894348832823
full,C,all,stationary,family0004_detach,family0004,10,2.2467328584752977,2.865340141579509
full,C,target,near_establish,family0004_detach,family0004,4,2.2811627422925085,4.003571753855795
full,C,tool,near_establish,family0004_detach,family0004,4,1.7094958457164466,2.093568880809471
full,C,all,near_establish,family0004_detach,family0004,4,1.9953293376602232,3.0485703609883785
full,C,target,moving,family0004_detach,family0004,11,3.58761880885471,5.406609926880761
full,C,tool,moving,family0004_detach,family0004,11,3.9861934069036082,4.098550046116791
full,C,all,moving,family0004_detach,family0004,11,3.7869061555036088,4.752579991790381
full,C,target,near_release,family0004_detach,family0004,5,3.139004996046424,4.12743054330349
full,C,tool,near_release,family0004_detach,family0004,5,4.711289145052433,4.605170851573348
full,C,all,near_release,family0004_detach,family0004,5,3.925146907567978,4.366300813853741
full,C,target,all,family0004_engage_pull,family0004,21,1.1913436104632205,1.653337291264463
full,C,target,engage_pull,family0004_engage_pull,family0004,21,1.1913436104632205,1.653337291264463
full,C,target,stationary,family0004_engage_pull,family0004,3,1.5786649504055579,2.3142004696031413
full,C,tool,all,family0004_engage_pull,family0004,21,1.4103356959475648,1.5248337572085715
full,C,tool,engage_pull,family0004_engage_pull,family0004,21,1.4103356959475648,1.5248337572085715
full,C,tool,stationary,family0004_engage_pull,family0004,3,1.9536704057827592,2.2976198621715107
full,C,all,all,family0004_engage_pull,family0004,21,1.3008396379605291,1.5890855353236908
full,C,all,engage_pull,family0004_engage_pull,family0004,21,1.3008396379605291,1.5890855353236908
full,C,all,stationary,family0004_engage_pull,family0004,3,1.7661676198864977,2.305910146484772
full,C,target,near_establish,family0004_engage_pull,family0004,4,2.361817838391289,3.674495208542794
full,C,tool,near_establish,family0004_engage_pull,family0004,4,1.5673577145207673,1.7148254555650055
full,C,all,near_establish,family0004_engage_pull,family0004,4,1.9645878346636891,2.6946603902615607
full,C,target,moving,family0004_engage_pull,family0004,18,1.1267900538061641,1.5431934282080166
full,C,tool,moving,family0004_engage_pull,family0004,18,1.3197799109750323,1.3960360730480816
full,C,all,moving,family0004_engage_pull,family0004,18,1.2232849743062009,1.4696147667968438
full,C,target,all,family0004_pass_by,family0004,21,1.1355036209958296,1.1931459829654723
full,C,target,pass_by,family0004_pass_by,family0004,21,1.1355036209958296,1.1931459829654723
full,C,target,stationary,family0004_pass_by,family0004,21,1.1355036209958296,1.1931459829654723
full,C,tool,all,family0004_pass_by,family0004,21,1.5401052577154977,1.2861608383467509
full,C,tool,pass_by,family0004_pass_by,family0004,21,1.5401052577154977,1.2861608383467509
full,C,tool,stationary,family0004_pass_by,family0004,21,1.5401052577154977,1.2861608383467509
full,C,all,all,family0004_pass_by,family0004,21,1.3378044157954199,1.2396534383740454
full,C,all,pass_by,family0004_pass_by,family0004,21,1.3378044157954199,1.2396534383740454
full,C,all,stationary,family0004_pass_by,family0004,21,1.3378044157954199,1.2396534383740454
full,C,target,all,family0007_detach,family0007,21,2.5750575947486576,3.9505809074312093
full,C,target,detach,family0007_detach,family0007,21,2.5750575947486576,3.9505809074312093
full,C,target,stationary,family0007_detach,family0007,11,1.7124631981873377,2.4127520313909785
full,C,tool,all,family0007_detach,family0007,21,3.444943100302702,3.5906056873500347
full,C,tool,detach,family0007_detach,family0007,21,3.444943100302702,3.5906056873500347
full,C,tool,stationary,family0007_detach,family0007,11,3.001220704225654,3.2938042846084996
full,C,all,all,family0007_detach,family0007,21,3.010000274073155,3.7705932821457586
full,C,all,detach,family0007_detach,family0007,21,3.010000274073155,3.7705932821457586
full,C,all,stationary,family0007_detach,family0007,11,2.356841937977482,2.8532782082699915
full,stationary,target,near_establish,family0007_detach,family0007,5,2.976194832260859,6.063217348196304
full,stationary,tool,near_establish,family0007_detach,family0007,5,7.529029436409473,12.742397747933865
full,stationary,all,near_establish,family0007_detach,family0007,5,5.252612102776766,9.402807615697384
full,stationary,target,moving,family0007_detach,family0007,10,9.290083276573569,15.477558271959424
full,stationary,tool,moving,family0007_detach,family0007,10,16.336276475340128,27.692868933081627
full,stationary,all,moving,family0007_detach,family0007,10,12.813180033117533,21.585213113576174
full,stationary,target,near_release,family0007_detach,family0007,4,3.846699874356929,5.1242249566127995
full,stationary,tool,near_release,family0007_detach,family0007,4,20.06935002282262,32.531405333429575
full,stationary,all,near_release,family0007_detach,family0007,4,11.95802423171699,18.82781437598169
full,stationary,target,all,family0007_engage_pull,family0007,21,5.6880151735534294,9.67788321822391
full,stationary,target,engage_pull,family0007_engage_pull,family0007,21,5.6880151735534294,9.67788321822391
full,stationary,target,stationary,family0007_engage_pull,family0007,4,0.020389540635434855,0.10182605196940031
full,stationary,tool,all,family0007_engage_pull,family0007,21,7.066846387239084,11.975816694930906
full,stationary,tool,engage_pull,family0007_engage_pull,family0007,21,7.066846387239084,11.975816694930906
full,stationary,tool,stationary,family0007_engage_pull,family0007,4,5.34277330734767,9.941493975929916
full,stationary,all,all,family0007_engage_pull,family0007,21,6.377430735266811,10.826849933004095
full,stationary,all,engage_pull,family0007_engage_pull,family0007,21,6.377430735266811,10.826849933004095
full,stationary,all,stationary,family0007_engage_pull,family0007,4,2.6815814926521853,5.021660006605089
full,stationary,target,near_establish,family0007_engage_pull,family0007,5,2.8937924353137134,5.651204711534774
full,stationary,tool,near_establish,family0007_engage_pull,family0007,5,7.470066100358963,12.447581253945827
full,stationary,all,near_establish,family0007_engage_pull,family0007,5,5.181929189711809,9.049392864108086
full,stationary,target,moving,family0007_engage_pull,family0007,17,7.021574146004722,11.93107313969556
full,stationary,tool,moving,family0007_engage_pull,family0007,17,7.472510641331182,12.454480864107609
full,stationary,all,moving,family0007_engage_pull,family0007,17,7.247042321764371,12.192776974509744
full,stationary,target,all,family0007_pass_by,family0007,21,1.7771909996543488e-05,1.7014734404476767e-05
full,stationary,target,pass_by,family0007_pass_by,family0007,21,1.7771909996543488e-05,1.7014734404476767e-05
full,stationary,target,stationary,family0007_pass_by,family0007,21,1.7771909996543488e-05,1.7014734404476767e-05
full,stationary,tool,all,family0007_pass_by,family0007,21,8.635569075565963,14.487406726749171
full,stationary,tool,pass_by,family0007_pass_by,family0007,21,8.635569075565963,14.487406726749171
full,stationary,tool,stationary,family0007_pass_by,family0007,21,8.635569075565963,14.487406726749171
full,stationary,all,all,family0007_pass_by,family0007,21,4.31779354056787,7.243711833975145
full,stationary,all,pass_by,family0007_pass_by,family0007,21,4.31779354056787,7.243711833975145
full,stationary,all,stationary,family0007_pass_by,family0007,21,4.31779354056787,7.243711833975145
full,stationary,target,all,family0013_detach,family0013,21,4.352262333308258,7.223648256538323
full,stationary,target,detach,family0013_detach,family0013,21,4.352262333308258,7.223648256538323
full,stationary,target,stationary,family0013_detach,family0013,10,0.00026792610539061457,0.00032807962107028743
full,stationary,tool,all,family0013_detach,family0013,21,15.579846554568835,26.078080181919393
full,stationary,tool,detach,family0013_detach,family0013,21,15.579846554568835,26.078080181919393
full,stationary,tool,stationary,family0013_detach,family0013,10,14.791858661919832,24.315648898482323
full,stationary,all,all,family0013_detach,family0013,21,9.966054343662801,16.650864654885872
full,stationary,all,detach,family0013_detach,family0013,21,9.966054343662801,16.650864654885872
full,stationary,all,stationary,family0013_detach,family0013,10,7.39606290590018,12.157989060506225
full,stationary,target,near_establish,family0013_detach,family0013,4,2.3540639422052756,4.913365106546053
full,stationary,tool,near_establish,family0013_detach,family0013,4,7.279767305590212,12.129287701100111
full,stationary,all,near_establish,family0013_detach,family0013,4,4.816915781702846,8.521326701156795
full,constant_velocity,target,near_establish,family0007_detach,family0007,5,1.7364896680902575,3.940954448781042
full,constant_velocity,tool,near_establish,family0007_detach,family0007,5,0.27352630204404704,0.9362580782180885
full,constant_velocity,all,near_establish,family0007_detach,family0007,5,1.0050080418295693,2.4386062315898016
full,constant_velocity,target,moving,family0007_detach,family0007,10,3.390003237291239,7.198427896946669
full,constant_velocity,tool,moving,family0007_detach,family0007,10,4.740949195365829,10.085256416641641
full,constant_velocity,all,moving,family0007_detach,family0007,10,4.065475848619826,8.641842060023919
full,constant_velocity,target,near_release,family0007_detach,family0007,4,3.9284320849901633,7.760616201039738
full,constant_velocity,tool,near_release,family0007_detach,family0007,4,7.248460795381106,13.783359492663294
full,constant_velocity,all,near_release,family0007_detach,family0007,4,5.588446219917387,10.77198761049658
full,constant_velocity,target,all,family0007_engage_pull,family0007,21,0.40110699597340455,0.8667484997767853
full,constant_velocity,target,engage_pull,family0007_engage_pull,family0007,21,0.40110699597340455,0.8667484997767853
full,constant_velocity,target,stationary,family0007_engage_pull,family0007,4,0.02044309488979934,0.10189807428595543
full,constant_velocity,tool,all,family0007_engage_pull,family0007,21,0.33979996471446483,0.7655750453176595
full,constant_velocity,tool,engage_pull,family0007_engage_pull,family0007,21,0.33979996471446483,0.7655750453176595
full,constant_velocity,tool,stationary,family0007_engage_pull,family0007,4,1.722756825529359,3.912117176241736
full,constant_velocity,all,all,family0007_engage_pull,family0007,21,0.3704534779206456,0.816161772166067
full,constant_velocity,all,engage_pull,family0007_engage_pull,family0007,21,0.3704534779206456,0.816161772166067
full,constant_velocity,all,stationary,family0007_engage_pull,family0007,4,0.8715998910702183,2.007007602514932
full,constant_velocity,target,near_establish,family0007_engage_pull,family0007,5,1.670814453225944,3.6125783977425385
full,constant_velocity,tool,near_establish,family0007_engage_pull,family0007,5,0.13032201459282078,0.22023658420948777
full,constant_velocity,all,near_establish,family0007_engage_pull,family0007,5,0.900568282668246,1.9164075172739103
full,constant_velocity,target,moving,family0007_engage_pull,family0007,17,0.4906749726989587,1.0467133057746276
full,constant_velocity,tool,moving,family0007_engage_pull,family0007,17,0.014398350405077935,0.025212190982582636
full,constant_velocity,all,moving,family0007_engage_pull,family0007,17,0.2525366748266285,0.5359627532604517
full,constant_velocity,target,all,family0007_pass_by,family0007,21,6.814412204884472e-05,0.00010615758938570252
full,constant_velocity,target,pass_by,family0007_pass_by,family0007,21,6.814412204884472e-05,0.00010615758938570252
full,constant_velocity,target,stationary,family0007_pass_by,family0007,21,6.814412204884472e-05,0.00010615758938570252
full,constant_velocity,tool,all,family0007_pass_by,family0007,21,0.30645905983527927,0.6055747937699336
full,constant_velocity,tool,pass_by,family0007_pass_by,family0007,21,0.30645905983527927,0.6055747937699336
full,constant_velocity,tool,stationary,family0007_pass_by,family0007,21,0.30645905983527927,0.6055747937699336
full,constant_velocity,all,all,family0007_pass_by,family0007,21,0.15326361220840704,0.30284047315511825
full,constant_velocity,all,pass_by,family0007_pass_by,family0007,21,0.15326361220840704,0.30284047315511825
full,constant_velocity,all,stationary,family0007_pass_by,family0007,21,0.15326361220840704,0.30284047315511825
full,constant_velocity,target,all,family0013_detach,family0013,21,1.6740590548406111,3.5317030141629724
full,constant_velocity,target,detach,family0013_detach,family0013,21,1.6740590548406111,3.5317030141629724
full,constant_velocity,target,stationary,family0013_detach,family0013,10,0.43331054293958005,0.7221624626616574
full,constant_velocity,tool,all,family0013_detach,family0013,21,2.9994137461082055,6.243769045362396
full,constant_velocity,tool,detach,family0013_detach,family0013,21,2.9994137461082055,6.243769045362396
full,constant_velocity,tool,stationary,family0013_detach,family0013,10,2.048335438985305,3.890794922972418
full,constant_velocity,all,all,family0013_detach,family0013,21,2.3367364068192167,4.887736022088315
full,constant_velocity,all,detach,family0013_detach,family0013,21,2.3367364068192167,4.887736022088315
full,constant_velocity,all,stationary,family0013_detach,family0013,10,1.2408230309347346,2.306478579839677
full,constant_velocity,target,near_establish,family0013_detach,family0013,4,2.251017291920121,4.751134264223467
full,constant_velocity,tool,near_establish,family0013_detach,family0013,4,0.02074827932574408,0.037261331499394146
full,constant_velocity,all,near_establish,family0013_detach,family0013,4,1.1358828881498084,2.394197825537958
full,A,target,near_establish,family0007_detach,family0007,5,1.5035507269203663,2.6242876891046762
full,A,tool,near_establish,family0007_detach,family0007,5,1.0015062056481838,1.320629077963531
full,A,all,near_establish,family0007_detach,family0007,5,1.2525285128504038,1.972458348609507
full,A,target,moving,family0007_detach,family0007,10,2.0153408404439688,3.268823924008757
full,A,tool,moving,family0007_detach,family0007,10,3.0371933069545776,4.527638433501124
full,A,all,moving,family0007_detach,family0007,10,2.526266989298165,3.898231277707964
full,A,target,near_release,family0007_detach,family0007,4,1.594364846823737,2.4844685394782573
full,A,tool,near_release,family0007_detach,family0007,4,3.0427395249716938,4.6184860984794796
full,A,all,near_release,family0007_detach,family0007,4,2.318552025826648,3.5514773917384446
full,A,target,all,family0007_engage_pull,family0007,21,0.884298354365109,1.323568968689956
full,A,target,engage_pull,family0007_engage_pull,family0007,21,0.884298354365109,1.323568968689956
full,A,target,stationary,family0007_engage_pull,family0007,4,1.112275233026594,1.9376372219994664
full,A,tool,all,family0007_engage_pull,family0007,21,1.0291615645179437,1.5345891006290913
full,A,tool,engage_pull,family0007_engage_pull,family0007,21,1.0291615645179437,1.5345891006290913
full,A,tool,stationary,family0007_engage_pull,family0007,4,1.768167203408666,2.084981941152364
full,A,all,all,family0007_engage_pull,family0007,21,0.9567299663710097,1.429079022879402
full,A,all,engage_pull,family0007_engage_pull,family0007,21,0.9567299663710097,1.429079022879402
full,A,all,stationary,family0007_engage_pull,family0007,4,1.4402212691493332,2.0113095233682543
full,A,target,near_establish,family0007_engage_pull,family0007,5,1.4946645591408014,2.3606200702488422
full,A,tool,near_establish,family0007_engage_pull,family0007,5,0.9300586534664035,1.430989126674831
full,A,all,near_establish,family0007_engage_pull,family0007,5,1.212361641228199,1.8958045868203044
full,A,target,moving,family0007_engage_pull,family0007,17,0.8306567358565243,1.1790823208524244
full,A,tool,moving,family0007_engage_pull,family0007,17,0.8552778847789502,1.4050849028589094
full,A,all,moving,family0007_engage_pull,family0007,17,0.8429673068937572,1.2920836109996718
full,A,target,all,family0007_pass_by,family0007,21,0.5854380738344931,0.5245669537024307
full,A,target,pass_by,family0007_pass_by,family0007,21,0.5854380738344931,0.5245669537024307
full,A,target,stationary,family0007_pass_by,family0007,21,0.5854380738344931,0.5245669537024307
full,A,tool,all,family0007_pass_by,family0007,21,1.1935858166820945,2.158909997281929
full,A,tool,pass_by,family0007_pass_by,family0007,21,1.1935858166820945,2.158909997281929
full,A,tool,stationary,family0007_pass_by,family0007,21,1.1935858166820945,2.158909997281929
full,A,all,all,family0007_pass_by,family0007,21,0.8895119618890541,1.3417384886581982
full,A,all,pass_by,family0007_pass_by,family0007,21,0.8895119618890541,1.3417384886581982
full,A,all,stationary,family0007_pass_by,family0007,21,0.8895119618890541,1.3417384886581982
full,A,target,all,family0013_detach,family0013,21,1.2844341399613768,1.6935846956801557
full,A,target,detach,family0013_detach,family0013,21,1.2844341399613768,1.6935846956801557
full,A,target,stationary,family0013_detach,family0013,10,0.7011468784185126,0.884782598586753
full,A,tool,all,family0013_detach,family0013,21,2.546477076109676,3.9434554277076606
full,A,tool,detach,family0013_detach,family0013,21,2.546477076109676,3.9434554277076606
full,A,tool,stationary,family0013_detach,family0013,10,2.0709212869405746,2.8925989288836718
full,A,all,all,family0013_detach,family0013,21,1.915455576852851,2.8185200478349413
full,A,all,detach,family0013_detach,family0013,21,1.915455576852851,2.8185200478349413
full,A,all,stationary,family0013_detach,family0013,10,1.38603406958282,1.8886907957494259
full,A,target,near_establish,family0013_detach,family0013,4,1.4389407297130674,1.8003226723521948
full,A,tool,near_establish,family0013_detach,family0013,4,0.7027267711237073,1.0767445783130825
full,A,all,near_establish,family0013_detach,family0013,4,1.0708338086260483,1.4385335962288082
full,B,target,near_establish,family0007_detach,family0007,5,1.7983761383220553,3.277617273852229
full,B,tool,near_establish,family0007_detach,family0007,5,1.2981794774532318,2.1482080221176147
full,B,all,near_establish,family0007_detach,family0007,5,1.5482777263969183,2.7129125315696
full,B,target,moving,family0007_detach,family0007,10,2.5389597401954234,4.070575628429651
full,B,tool,moving,family0007_detach,family0007,10,2.9782825149595737,4.693259485065937
full,B,all,moving,family0007_detach,family0007,10,2.758621098473668,4.38191753346473
full,B,target,near_release,family0007_detach,family0007,4,2.866524737328291,4.009261494502425
full,B,tool,near_release,family0007_detach,family0007,4,2.9028597637079656,3.8760140305384994
full,B,all,near_release,family0007_detach,family0007,4,2.884692104998976,3.942637937143445
full,B,target,all,family0007_engage_pull,family0007,21,0.9902984311338514,1.4534554072833132
full,B,target,engage_pull,family0007_engage_pull,family0007,21,0.9902984311338514,1.4534554072833132
full,B,target,stationary,family0007_engage_pull,family0007,4,0.9217024053214118,1.362814218737185
full,B,tool,all,family0007_engage_pull,family0007,21,1.175358520066809,1.5470228141306765
full,B,tool,engage_pull,family0007_engage_pull,family0007,21,1.175358520066809,1.5470228141306765
full,B,tool,stationary,family0007_engage_pull,family0007,4,1.8120295426342636,2.6543857529759407
full,B,all,all,family0007_engage_pull,family0007,21,1.082828443031758,1.5002391079352015
full,B,all,engage_pull,family0007_engage_pull,family0007,21,1.082828443031758,1.5002391079352015
full,B,all,stationary,family0007_engage_pull,family0007,4,1.3668658793903887,2.008599927648902
full,B,target,near_establish,family0007_engage_pull,family0007,5,1.848748722113669,3.022941527888179
full,B,tool,near_establish,family0007_engage_pull,family0007,5,1.2047798372805119,1.9198335008695722
full,B,all,near_establish,family0007_engage_pull,family0007,5,1.5267641749233007,2.4713875260204077
full,B,target,moving,family0007_engage_pull,family0007,17,1.0064386725014842,1.474782745764755
full,B,tool,moving,family0007_engage_pull,family0007,17,1.0255535735803492,1.2864668285200263
full,B,all,moving,family0007_engage_pull,family0007,17,1.0159961050650215,1.3806247974143309
full,B,target,all,family0007_pass_by,family0007,21,0.8119860708358742,0.9757308511152154
full,B,target,pass_by,family0007_pass_by,family0007,21,0.8119860708358742,0.9757308511152154
full,B,target,stationary,family0007_pass_by,family0007,21,0.8119860708358742,0.9757308511152154
full,B,tool,all,family0007_pass_by,family0007,21,1.3040210053856884,2.201965006644882
full,B,tool,pass_by,family0007_pass_by,family0007,21,1.3040210053856884,2.201965006644882
full,B,tool,stationary,family0007_pass_by,family0007,21,1.3040210053856884,2.201965006644882
full,B,all,all,family0007_pass_by,family0007,21,1.0580035242518144,1.5888478983903216
full,B,all,pass_by,family0007_pass_by,family0007,21,1.0580035242518144,1.5888478983903216
full,B,all,stationary,family0007_pass_by,family0007,21,1.0580035242518144,1.5888478983903216
full,B,target,all,family0013_detach,family0013,21,1.412576843341369,2.0763154579548253
full,B,target,detach,family0013_detach,family0013,21,1.412576843341369,2.0763154579548253
full,B,target,stationary,family0013_detach,family0013,10,0.9022153448313475,1.0163676633965224
full,B,tool,all,family0013_detach,family0013,21,2.894168500677638,4.230153261839102
full,B,tool,detach,family0013_detach,family0013,21,2.894168500677638,4.230153261839102
full,B,tool,stationary,family0013_detach,family0013,10,2.775707293767482,3.3156313002109528
full,B,all,all,family0013_detach,family0013,21,2.153372702499231,3.153234409789244
full,B,all,detach,family0013_detach,family0013,21,2.153372702499231,3.153234409789244
full,B,all,stationary,family0013_detach,family0013,10,1.8389613134786487,2.1659995312802494
full,B,target,near_establish,family0013_detach,family0013,4,1.2426100292941555,1.9022028427571058
full,B,tool,near_establish,family0013_detach,family0013,4,1.187291185487993,1.7654646217124537
full,B,all,near_establish,family0013_detach,family0013,4,1.2149506364949048,1.8338337249588221
full,C,target,near_establish,family0007_detach,family0007,5,2.03763407189399,3.764799330383539
full,C,tool,near_establish,family0007_detach,family0007,5,1.7539382446557283,2.432882389985025
full,C,all,near_establish,family0007_detach,family0007,5,1.8957861699163914,3.0988409649580717
full,C,target,moving,family0007_detach,family0007,10,3.523911430966109,5.642192671075463
full,C,tool,moving,family0007_detach,family0007,10,3.9330377359874547,3.9170872303657234
full,C,all,moving,family0007_detach,family0007,10,3.7284744437783957,4.779639863409102
full,C,target,near_release,family0007_detach,family0007,4,3.4599018399603665,5.443361529614776
full,C,tool,near_release,family0007_detach,family0007,4,4.467588965781033,3.8802307099103928
full,C,all,near_release,family0007_detach,family0007,4,3.9637451991438866,4.661796148866415
full,C,target,all,family0007_engage_pull,family0007,21,1.231303773931272,1.7729564264993227
full,C,target,engage_pull,family0007_engage_pull,family0007,21,1.231303773931272,1.7729564264993227
full,C,target,stationary,family0007_engage_pull,family0007,4,1.568596955621615,2.402982150670141
full,C,tool,all,family0007_engage_pull,family0007,21,1.6228274907916784,1.823478832929617
full,C,tool,engage_pull,family0007_engage_pull,family0007,21,1.6228274907916784,1.823478832929617
full,C,tool,stationary,family0007_engage_pull,family0007,4,2.4936303088907152,2.763189928373322
full,C,all,all,family0007_engage_pull,family0007,21,1.4270656060294382,1.7982176532747136
full,C,all,engage_pull,family0007_engage_pull,family0007,21,1.4270656060294382,1.7982176532747136
full,C,all,stationary,family0007_engage_pull,family0007,4,2.031113690463826,2.583086083177477
full,C,target,near_establish,family0007_engage_pull,family0007,5,2.11389132309705,3.5223384387791157
full,C,tool,near_establish,family0007_engage_pull,family0007,5,1.7040462465956807,2.1435249596834183
full,C,all,near_establish,family0007_engage_pull,family0007,5,1.9089685752987862,2.8329317923635244
full,C,target,moving,family0007_engage_pull,family0007,17,1.1519406723570735,1.624715079635601
full,C,tool,moving,family0007_engage_pull,family0007,17,1.4179327100624932,1.6023703398840392
full,C,all,moving,family0007_engage_pull,family0007,17,1.2849366449860526,1.6135427285917103
full,C,target,all,family0007_pass_by,family0007,21,1.1503057432405295,1.2999318229655425
full,C,target,pass_by,family0007_pass_by,family0007,21,1.1503057432405295,1.2999318229655425
full,C,target,stationary,family0007_pass_by,family0007,21,1.1503057432405295,1.2999318229655425
full,C,tool,all,family0007_pass_by,family0007,21,1.6744447750083746,1.8951416381501727
full,C,tool,pass_by,family0007_pass_by,family0007,21,1.6744447750083746,1.8951416381501727
full,C,tool,stationary,family0007_pass_by,family0007,21,1.6744447750083746,1.8951416381501727
full,C,all,all,family0007_pass_by,family0007,21,1.412375309016733,1.5975367000681304
full,C,all,pass_by,family0007_pass_by,family0007,21,1.412375309016733,1.5975367000681304
full,C,all,stationary,family0007_pass_by,family0007,21,1.412375309016733,1.5975367000681304
full,C,target,all,family0013_detach,family0013,21,2.402131124177859,3.2511496018352255
full,C,target,detach,family0013_detach,family0013,21,2.402131124177859,3.2511496018352255
full,C,target,stationary,family0013_detach,family0013,10,1.5148830250836909,1.6534487018361688
full,C,tool,all,family0013_detach,family0013,21,3.5173164104067145,4.037976797137942
full,C,tool,detach,family0013_detach,family0013,21,3.5173164104067145,4.037976797137942
full,C,tool,stationary,family0013_detach,family0013,10,2.96408636495471,3.581440122798085
full,C,all,all,family0013_detach,family0013,21,2.959723800553807,3.644563152366096
full,C,all,detach,family0013_detach,family0013,21,2.959723800553807,3.644563152366096
full,C,all,stationary,family0013_detach,family0013,10,2.2394847008399665,2.617444423958659
full,C,target,near_establish,family0013_detach,family0013,4,1.6309409984387457,2.7192762645427138
full,C,tool,near_establish,family0013_detach,family0013,4,1.5200285706669092,2.050794952083379
full,C,all,near_establish,family0013_detach,family0013,4,1.5754847845528275,2.385035593761131
full,stationary,target,moving,family0013_detach,family0013,11,8.308620885310864,13.790302962826734
full,stationary,tool,moving,family0013_detach,family0013,11,16.296199184249748,27.680290439589456
full,stationary,all,moving,family0013_detach,family0013,11,12.302410196174275,20.735297013412822
full,stationary,target,near_release,family0013_detach,family0013,5,4.198410908454164,5.6787803242414725
full,stationary,tool,near_release,family0013_detach,family0013,5,20.752644911408424,33.88042002916336
full,stationary,all,near_release,family0013_detach,family0013,5,12.475528381764889,19.77960094809532
full,stationary,target,all,family0013_engage_pull,family0013,21,6.005720906913167,10.198863961491611
full,stationary,target,engage_pull,family0013_engage_pull,family0013,21,6.005720906913167,10.198863961491611
full,stationary,target,stationary,family0013_engage_pull,family0013,2,2.1166168817643438e-05,1.5028071231881768e-05
full,stationary,tool,all,family0013_engage_pull,family0013,21,7.276804629890692,12.130521282198883
full,stationary,tool,engage_pull,family0013_engage_pull,family0013,21,7.276804629890692,12.130521282198883
full,stationary,tool,stationary,family0013_engage_pull,family0013,2,7.2502936236560345,12.110017240047455
full,stationary,all,all,family0013_engage_pull,family0013,21,6.6412627541770535,11.164692563137837
full,stationary,all,engage_pull,family0013_engage_pull,family0013,21,6.6412627541770535,11.164692563137837
full,stationary,all,stationary,family0013_engage_pull,family0013,2,3.62515717279166,6.055016769096255
full,stationary,target,near_establish,family0013_engage_pull,family0013,4,2.3540639422052756,4.913365106546053
full,stationary,tool,near_establish,family0013_engage_pull,family0013,4,7.279767305590212,12.129287701100111
full,stationary,all,near_establish,family0013_engage_pull,family0013,4,4.816915781702846,8.521326701156795
full,stationary,target,moving,family0013_engage_pull,family0013,19,6.637899826991519,11.272427007114809
full,stationary,tool,moving,family0013_engage_pull,family0013,19,7.279595262125919,12.13267960242535
full,stationary,all,moving,family0013_engage_pull,family0013,19,6.958747552217622,11.702553173036952
full,stationary,target,all,family0013_pass_by,family0013,21,1.8133463534974497e-05,1.721803563218113e-05
full,stationary,target,pass_by,family0013_pass_by,family0013,21,1.8133463534974497e-05,1.721803563218113e-05
full,stationary,target,stationary,family0013_pass_by,family0013,21,1.8133463534974497e-05,1.721803563218113e-05
full,stationary,tool,all,family0013_pass_by,family0013,21,7.6704914681613445,12.82833144068718
full,stationary,tool,pass_by,family0013_pass_by,family0013,21,7.6704914681613445,12.82833144068718
full,stationary,tool,stationary,family0013_pass_by,family0013,21,7.6704914681613445,12.82833144068718
full,stationary,all,all,family0013_pass_by,family0013,21,3.8352548144757748,6.414174146595455
full,stationary,all,pass_by,family0013_pass_by,family0013,21,3.8352548144757748,6.414174146595455
full,stationary,all,stationary,family0013_pass_by,family0013,21,3.8352548144757748,6.414174146595455
full,stationary,target,all,family0019_detach,family0019,21,5.921235816824239,9.830983247418938
full,stationary,target,detach,family0019_detach,family0019,21,5.921235816824239,9.830983247418938
full,stationary,target,stationary,family0019_detach,family0019,9,0.03270685591121807,0.16189913055736976
full,stationary,tool,all,family0019_detach,family0019,21,15.856225675504122,26.664246139781817
full,stationary,tool,detach,family0019_detach,family0019,21,15.856225675504122,26.664246139781817
full,stationary,tool,stationary,family0019_detach,family0019,9,13.502998096454474,22.71089568320248
full,stationary,all,all,family0019_detach,family0019,21,10.888730874285102,18.247615213372878
full,stationary,all,detach,family0019_detach,family0019,21,10.888730874285102,18.247615213372878
full,stationary,all,stationary,family0019_detach,family0019,9,6.767852361210519,11.436397571944529
full,stationary,target,near_establish,family0019_detach,family0019,5,3.654373033038638,7.053758694837597
full,stationary,tool,near_establish,family0019_detach,family0019,5,8.6691839620471,14.455877430737019
full,stationary,all,near_establish,family0019_detach,family0019,5,6.161778699606657,10.754818189889193
full,constant_velocity,target,moving,family0013_detach,family0013,11,2.802012247477912,6.085830788255077
full,constant_velocity,tool,moving,family0013_detach,family0013,11,3.864030388947206,8.382836429353285
full,constant_velocity,all,moving,family0013_detach,family0013,11,3.3330212939869273,7.234333696859804
full,constant_velocity,target,near_release,family0013_detach,family0013,5,3.297582116516651,6.675200105617307
full,constant_velocity,tool,near_release,family0013_detach,family0013,5,5.191102594835684,10.490822489373386
full,constant_velocity,all,near_release,family0013_detach,family0013,5,4.244342120364308,8.583011478185654
full,constant_velocity,target,all,family0013_engage_pull,family0013,21,0.43443105187078246,0.9143596414682114
full,constant_velocity,target,engage_pull,family0013_engage_pull,family0013,21,0.43443105187078246,0.9143596414682114
full,constant_velocity,target,stationary,family0013_engage_pull,family0013,2,6.14509652052675e-05,9.974009174129606e-05
full,constant_velocity,tool,all,family0013_engage_pull,family0013,21,0.35185004795883806,0.5897663662121236
full,constant_velocity,tool,engage_pull,family0013_engage_pull,family0013,21,0.35185004795883806,0.5897663662121236
full,constant_velocity,tool,stationary,family0013_engage_pull,family0013,2,3.607219565083142,6.038263526988885
full,constant_velocity,all,all,family0013_engage_pull,family0013,21,0.39314058660368445,0.7520629753474039
full,constant_velocity,all,engage_pull,family0013_engage_pull,family0013,21,0.39314058660368445,0.7520629753474039
full,constant_velocity,all,stationary,family0013_engage_pull,family0013,2,1.8036406896726476,3.019181277295502
full,constant_velocity,target,near_establish,family0013_engage_pull,family0013,4,2.251017291920121,4.751134264223467
full,constant_velocity,tool,near_establish,family0013_engage_pull,family0013,4,0.02074827932574408,0.037261331499394146
full,constant_velocity,all,near_establish,family0013_engage_pull,family0013,4,1.1358828881498084,2.394197825537958
full,constant_velocity,target,moving,family0013_engage_pull,family0013,19,0.48015416775558006,1.0105975258236293
full,constant_velocity,tool,moving,family0013_engage_pull,family0013,19,0.009179572472069259,0.01624034928825399
full,constant_velocity,all,moving,family0013_engage_pull,family0013,19,0.2446668915437936,0.5134189435633935
full,constant_velocity,target,all,family0013_pass_by,family0013,21,6.71129146753845e-05,0.00010218564162030253
full,constant_velocity,target,pass_by,family0013_pass_by,family0013,21,6.71129146753845e-05,0.00010218564162030253
full,constant_velocity,target,stationary,family0013_pass_by,family0013,21,6.71129146753845e-05,0.00010218564162030253
full,constant_velocity,tool,all,family0013_pass_by,family0013,21,0.3083429942524249,0.5573532334784388
full,constant_velocity,tool,pass_by,family0013_pass_by,family0013,21,0.3083429942524249,0.5573532334784388
full,constant_velocity,tool,stationary,family0013_pass_by,family0013,21,0.3083429942524249,0.5573532334784388
full,constant_velocity,all,all,family0013_pass_by,family0013,21,0.15420506058273445,0.2787276823439589
full,constant_velocity,all,pass_by,family0013_pass_by,family0013,21,0.15420506058273445,0.2787276823439589
full,constant_velocity,all,stationary,family0013_pass_by,family0013,21,0.15420506058273445,0.2787276823439589
full,constant_velocity,target,all,family0019_detach,family0019,21,2.009241044354277,4.146445923549687
full,constant_velocity,target,detach,family0019_detach,family0019,21,2.009241044354277,4.146445923549687
full,constant_velocity,target,stationary,family0019_detach,family0019,9,0.5186468306135339,0.9718787458478713
full,constant_velocity,tool,all,family0019_detach,family0019,21,3.250741931532546,6.8108812035158435
full,constant_velocity,tool,detach,family0019_detach,family0019,21,3.250741931532546,6.8108812035158435
full,constant_velocity,tool,stationary,family0019_detach,family0019,9,2.43840307050252,4.52372849192923
full,constant_velocity,all,all,family0019_detach,family0019,21,2.6299914482349,5.478663560574032
full,constant_velocity,all,detach,family0019_detach,family0019,21,2.6299914482349,5.478663560574032
full,constant_velocity,all,stationary,family0019_detach,family0019,9,1.4785248414328735,2.747803704955408
full,constant_velocity,target,near_establish,family0019_detach,family0019,5,2.4557886680014462,5.055950699002665
full,constant_velocity,tool,near_establish,family0019_detach,family0019,5,1.7655036755968467,2.9542904601839837
full,constant_velocity,all,near_establish,family0019_detach,family0019,5,2.1106461150338873,4.005120787769556
full,A,target,moving,family0013_detach,family0013,11,1.814695286818526,2.4288593294014307
full,A,tool,moving,family0013_detach,family0013,11,2.9788005208088593,4.898779517547651
full,A,all,moving,family0013_detach,family0013,11,2.396747856189243,3.6638193679126827
full,A,target,near_release,family0013_detach,family0013,5,1.2326678086537868,1.4129452523775399
full,A,tool,near_release,family0013_detach,family0013,5,3.0148631893098354,4.671550588682294
full,A,all,near_release,family0013_detach,family0013,5,2.123765484429896,3.0422478215768933
full,A,target,all,family0013_engage_pull,family0013,21,0.7042631983668322,0.8971941743289963
full,A,target,engage_pull,family0013_engage_pull,family0013,21,0.7042631983668322,0.8971941743289963
full,A,target,stationary,family0013_engage_pull,family0013,2,1.1482736153993756,1.8812102498486638
full,A,tool,all,family0013_engage_pull,family0013,21,0.8478557574562728,1.2710054704387272
full,A,tool,engage_pull,family0013_engage_pull,family0013,21,0.8478557574562728,1.2710054704387272
full,A,tool,stationary,family0013_engage_pull,family0013,2,1.5344301937147975,2.5614636251702905
full,A,all,all,family0013_engage_pull,family0013,21,0.7760594931564161,1.084099836935777
full,A,all,engage_pull,family0013_engage_pull,family0013,21,0.7760594931564161,1.084099836935777
full,A,all,stationary,family0013_engage_pull,family0013,2,1.3413519482128322,2.221337053924799
full,A,target,near_establish,family0013_engage_pull,family0013,4,1.4389407297130674,1.8003226723521948
full,A,tool,near_establish,family0013_engage_pull,family0013,4,0.7027267711237073,1.0767445783130825
full,A,all,near_establish,family0013_engage_pull,family0013,4,1.0708338086260483,1.4385335962288082
full,A,target,moving,family0013_engage_pull,family0013,19,0.6575252597318276,0.7936135348006103
full,A,tool,moving,family0013_engage_pull,family0013,19,0.7755847641659018,1.135167769940668
full,A,all,moving,family0013_engage_pull,family0013,19,0.7165550242031091,0.9643906562000906
full,A,target,all,family0013_pass_by,family0013,21,0.5565716488663817,0.5554285820662266
full,A,target,pass_by,family0013_pass_by,family0013,21,0.5565716488663817,0.5554285820662266
full,A,target,stationary,family0013_pass_by,family0013,21,0.5565716488663817,0.5554285820662266
full,A,tool,all,family0013_pass_by,family0013,21,0.6250757945790177,0.8340547612446937
full,A,tool,pass_by,family0013_pass_by,family0013,21,0.6250757945790177,0.8340547612446937
full,A,tool,stationary,family0013_pass_by,family0013,21,0.6250757945790177,0.8340547612446937
full,A,all,all,family0013_pass_by,family0013,21,0.5908237210297513,0.6947416820496853
full,A,all,pass_by,family0013_pass_by,family0013,21,0.5908237210297513,0.6947416820496853
full,A,all,stationary,family0013_pass_by,family0013,21,0.5908237210297513,0.6947416820496853
full,A,target,all,family0019_detach,family0019,21,1.590106350791064,2.4870871787979487
full,A,target,detach,family0019_detach,family0019,21,1.590106350791064,2.4870871787979487
full,A,target,stationary,family0019_detach,family0019,9,0.7487265845864184,0.994531282534202
full,A,tool,all,family0019_detach,family0019,21,2.6084236534578458,3.9070516802547943
full,A,tool,detach,family0019_detach,family0019,21,2.6084236534578458,3.9070516802547943
full,A,tool,stationary,family0019_detach,family0019,9,1.8765412581463654,2.4316919087949724
full,A,all,all,family0019_detach,family0019,21,2.099265028456492,3.197069473875066
full,A,all,detach,family0019_detach,family0019,21,2.099265028456492,3.197069473875066
full,A,all,stationary,family0019_detach,family0019,9,1.3126339763402939,1.7131115439244442
full,A,target,near_establish,family0019_detach,family0019,5,1.37217256706208,2.1540256682783365
full,A,tool,near_establish,family0019_detach,family0019,5,1.7695224843919277,2.9004185926169157
full,A,all,near_establish,family0019_detach,family0019,5,1.570847537368536,2.5272220838814974
full,B,target,moving,family0013_detach,family0013,11,1.8765418419868432,3.039904362098737
full,B,tool,moving,family0013_detach,family0013,11,3.001860506959598,5.061536863319237
full,B,all,moving,family0013_detach,family0013,11,2.4392012379724872,4.05072066297924
full,B,target,near_release,family0013_detach,family0013,5,1.7972834408283234,2.329273894429207
full,B,tool,near_release,family0013_detach,family0013,5,2.8779680840671062,4.078990360721946
full,B,all,near_release,family0013_detach,family0013,5,2.3376258090138435,3.2041321974247694
full,B,target,all,family0013_engage_pull,family0013,21,0.913226308988496,1.3779728019255257
full,B,target,engage_pull,family0013_engage_pull,family0013,21,0.913226308988496,1.3779728019255257
full,B,target,stationary,family0013_engage_pull,family0013,2,0.8249589300248772,1.242620695848018
full,B,tool,all,family0013_engage_pull,family0013,21,1.088798026709507,1.4378566272734177
full,B,tool,engage_pull,family0013_engage_pull,family0013,21,1.088798026709507,1.4378566272734177
full,B,tool,stationary,family0013_engage_pull,family0013,2,2.5594650651328266,4.249895922839642
full,B,all,all,family0013_engage_pull,family0013,21,1.0010121401310677,1.4079147617199592
full,B,all,engage_pull,family0013_engage_pull,family0013,21,1.0010121401310677,1.4079147617199592
full,B,all,stationary,family0013_engage_pull,family0013,2,1.6922119539231062,2.746258513070643
full,B,target,near_establish,family0013_engage_pull,family0013,4,1.2426100292941555,1.9022028427571058
full,B,tool,near_establish,family0013_engage_pull,family0013,4,1.187291185487993,1.7654646217124537
full,B,all,near_establish,family0013_engage_pull,family0013,4,1.2149506364949048,1.8338337249588221
full,B,target,moving,family0013_engage_pull,family0013,19,0.9225176120372979,1.3922203920389478
full,B,tool,moving,family0013_engage_pull,family0013,19,0.933990970033368,1.1418524908980257
full,B,all,moving,family0013_engage_pull,family0013,19,0.9282542649950636,1.2670364721040976
full,B,target,all,family0013_pass_by,family0013,21,0.7132434236284878,0.696684835323443
full,B,target,pass_by,family0013_pass_by,family0013,21,0.7132434236284878,0.696684835323443
full,B,target,stationary,family0013_pass_by,family0013,21,0.7132434236284878,0.696684835323443
full,B,tool,all,family0013_pass_by,family0013,21,1.0015124820971064,1.5710079488122748
full,B,tool,pass_by,family0013_pass_by,family0013,21,1.0015124820971064,1.5710079488122748
full,B,tool,stationary,family0013_pass_by,family0013,21,1.0015124820971064,1.5710079488122748
full,B,all,all,family0013_pass_by,family0013,21,0.8573779514769003,1.133846396225549
full,B,all,pass_by,family0013_pass_by,family0013,21,0.8573779514769003,1.133846396225549
full,B,all,stationary,family0013_pass_by,family0013,21,0.8573779514769003,1.133846396225549
full,B,target,all,family0019_detach,family0019,21,1.7733757461731632,2.694740678028514
full,B,target,detach,family0019_detach,family0019,21,1.7733757461731632,2.694740678028514
full,B,target,stationary,family0019_detach,family0019,9,0.9358151583001018,1.1423934160524771
full,B,tool,all,family0019_detach,family0019,21,3.0114428262181936,4.540378704578394
full,B,tool,detach,family0019_detach,family0019,21,3.0114428262181936,4.540378704578394
full,B,tool,stationary,family0019_detach,family0019,9,2.6893569673928948,3.6128405222876205
full,B,all,all,family0019_detach,family0019,21,2.3924093083700253,3.6175596095355496
full,B,all,detach,family0019_detach,family0019,21,2.3924093083700253,3.6175596095355496
full,B,all,stationary,family0019_detach,family0019,9,1.812586082249052,2.3776169271311827
full,B,target,near_establish,family0019_detach,family0019,5,1.854760362766683,3.0598527984693646
full,B,tool,near_establish,family0019_detach,family0019,5,2.3144044214859605,3.8348774425685406
full,B,all,near_establish,family0019_detach,family0019,5,2.0845824386924505,3.447365155443549
full,C,target,moving,family0013_detach,family0013,11,3.208720305172557,4.703604965470731
full,C,tool,moving,family0013_detach,family0013,11,4.020252815363082,4.453010137446902
full,C,all,moving,family0013_detach,family0013,11,3.6144866184754805,4.578307450918311
full,C,target,near_release,family0013_detach,family0013,5,3.4985316917300224,3.95307713188231
full,C,tool,near_release,family0013_detach,family0013,5,4.175596404820681,2.694638492539525
full,C,all,near_release,family0013_detach,family0013,5,3.837064141407609,3.3238579519093037
full,C,target,all,family0013_engage_pull,family0013,21,1.003224646583909,1.4281521573485363
full,C,target,engage_pull,family0013_engage_pull,family0013,21,1.003224646583909,1.4281521573485363
full,C,target,stationary,family0013_engage_pull,family0013,2,1.5736999921500683,2.581981709226966
full,C,tool,all,family0013_engage_pull,family0013,21,1.3677950427379637,1.5220447787128033
full,C,tool,engage_pull,family0013_engage_pull,family0013,21,1.3677950427379637,1.5220447787128033
full,C,tool,stationary,family0013_engage_pull,family0013,2,2.274177735671401,3.882222925312817
full,C,all,all,family0013_engage_pull,family0013,21,1.1855098668352835,1.475098431997356
full,C,all,engage_pull,family0013_engage_pull,family0013,21,1.1855098668352835,1.475098431997356
full,C,all,stationary,family0013_engage_pull,family0013,2,1.9239389221183956,3.232102026231587
full,C,target,near_establish,family0013_engage_pull,family0013,4,1.6309409984387457,2.7192762645427138
full,C,tool,near_establish,family0013_engage_pull,family0013,4,1.5200285706669092,2.050794952083379
full,C,all,near_establish,family0013_engage_pull,family0013,4,1.5754847845528275,2.385035593761131
full,C,target,moving,family0013_engage_pull,family0013,19,0.9431746102085239,1.3066964150455438
full,C,tool,moving,family0013_engage_pull,family0013,19,1.2723863382186544,1.2736049738075388
full,C,all,moving,family0013_engage_pull,family0013,19,1.1077804925949557,1.290150685235858
full,C,target,all,family0013_pass_by,family0013,21,1.1622845527849026,1.250171540526762
full,C,target,pass_by,family0013_pass_by,family0013,21,1.1622845527849026,1.250171540526762
full,C,target,stationary,family0013_pass_by,family0013,21,1.1622845527849026,1.250171540526762
full,C,tool,all,family0013_pass_by,family0013,21,1.38625900061535,1.3696338643231207
full,C,tool,pass_by,family0013_pass_by,family0013,21,1.38625900061535,1.3696338643231207
full,C,tool,stationary,family0013_pass_by,family0013,21,1.38625900061535,1.3696338643231207
full,C,all,all,family0013_pass_by,family0013,21,1.2742717184924655,1.3099027176698048
full,C,all,pass_by,family0013_pass_by,family0013,21,1.2742717184924655,1.3099027176698048
full,C,all,stationary,family0013_pass_by,family0013,21,1.2742717184924655,1.3099027176698048
full,C,target,all,family0019_detach,family0019,21,2.809083798811549,3.7949995575694455
full,C,target,detach,family0019_detach,family0019,21,2.809083798811549,3.7949995575694455
full,C,target,stationary,family0019_detach,family0019,9,1.6244054875440068,1.8563879744356706
full,C,tool,all,family0019_detach,family0019,21,3.7427762013283514,4.207995138131082
full,C,tool,detach,family0019_detach,family0019,21,3.7427762013283514,4.207995138131082
full,C,tool,stationary,family0019_detach,family0019,9,3.356211922234959,3.7668781199802956
full,C,all,all,family0019_detach,family0019,21,3.275930005613537,4.001497385269475
full,C,all,detach,family0019_detach,family0019,21,3.275930005613537,4.001497385269475
full,C,all,stationary,family0019_detach,family0019,9,2.490308704889483,2.8116330633767777
full,C,target,near_establish,family0019_detach,family0019,5,2.280693780630827,3.92405204474926
full,C,tool,near_establish,family0019_detach,family0019,5,2.141863526776433,3.575556632131338
full,C,all,near_establish,family0019_detach,family0019,5,2.211278583854437,3.749804198741913
full,stationary,target,moving,family0019_detach,family0019,12,10.337632537509004,17.082796335065115
full,stationary,tool,moving,family0019_detach,family0019,12,17.621146359791357,29.629258982216317
full,stationary,all,moving,family0019_detach,family0019,12,13.97938975909104,23.35602844444414
full,stationary,target,near_release,family0019_detach,family0019,5,4.699971203149289,6.308921348750118
full,stationary,tool,near_release,family0019_detach,family0019,5,20.346706360578537,33.12630541622639
full,stationary,all,near_release,family0019_detach,family0019,5,12.523339502513409,19.717614725232124
full,stationary,target,all,family0019_engage_pull,family0019,21,7.084654006236336,12.037726862901975
full,stationary,target,engage_pull,family0019_engage_pull,family0019,21,7.084654006236336,12.037726862901975
full,stationary,target,stationary,family0019_engage_pull,family0019,3,0.0968736491995988,0.4842564681884672
full,stationary,tool,all,family0019_engage_pull,family0019,21,8.434628236240574,14.197984399894873
full,stationary,tool,engage_pull,family0019_engage_pull,family0019,21,8.434628236240574,14.197984399894873
full,stationary,tool,stationary,family0019_engage_pull,family0019,3,6.9204706232994795,12.514199751118818
full,stationary,all,all,family0019_engage_pull,family0019,21,7.75964095789407,13.11785588040948
full,stationary,all,engage_pull,family0019_engage_pull,family0019,21,7.75964095789407,13.11785588040948
full,stationary,all,stationary,family0019_engage_pull,family0019,3,3.5086721957971654,6.49922884379824
full,stationary,target,near_establish,family0019_engage_pull,family0019,5,3.654373033038638,7.053758694837597
full,stationary,tool,near_establish,family0019_engage_pull,family0019,5,8.6691839620471,14.455877430737019
full,stationary,all,near_establish,family0019_engage_pull,family0019,5,6.161778699606657,10.754818189889193
full,stationary,target,moving,family0019_engage_pull,family0019,18,8.24928406574246,13.963305262020892
full,stationary,tool,moving,family0019_engage_pull,family0019,18,8.686987838397423,14.478615174690882
full,stationary,all,moving,family0019_engage_pull,family0019,18,8.468135751576888,14.220960386511353
full,stationary,target,all,family0019_pass_by,family0019,21,2.6147246653554896e-05,2.7854208886491872e-05
full,stationary,target,pass_by,family0019_pass_by,family0019,21,2.6147246653554896e-05,2.7854208886491872e-05
full,stationary,target,stationary,family0019_pass_by,family0019,21,2.6147246653554896e-05,2.7854208886491872e-05
full,stationary,tool,all,family0019_pass_by,family0019,21,6.115688742803676,10.3641192960952
full,stationary,tool,pass_by,family0019_pass_by,family0019,21,6.115688742803676,10.3641192960952
full,stationary,tool,stationary,family0019_pass_by,family0019,21,6.115688742803676,10.3641192960952
full,stationary,all,all,family0019_pass_by,family0019,21,3.0578574459511962,5.182073495927311
full,stationary,all,pass_by,family0019_pass_by,family0019,21,3.0578574459511962,5.182073495927311
full,stationary,all,stationary,family0019_pass_by,family0019,21,3.0578574459511962,5.182073495927311
full,stationary,target,all,family0027_detach,family0027,21,4.99114233907698,8.285289900771115
full,stationary,target,detach,family0027_detach,family0027,21,4.99114233907698,8.285289900771115
full,stationary,target,stationary,family0027_detach,family0027,9,9.554299494772699e-05,0.00014170061361321964
full,stationary,tool,all,family0027_detach,family0027,21,15.82342375158554,26.535951931561744
full,stationary,tool,detach,family0027_detach,family0027,21,15.82342375158554,26.535951931561744
full,stationary,tool,stationary,family0027_detach,family0027,9,14.759098127898243,24.499763113756973
full,stationary,all,all,family0027_detach,family0027,21,10.407282959758525,17.410621357460816
full,stationary,all,detach,family0027_detach,family0027,21,10.407282959758525,17.410621357460816
full,stationary,all,stationary,family0027_detach,family0027,9,7.3795966648807125,12.249953010016018
full,stationary,target,near_establish,family0027_detach,family0027,4,2.593002917277154,5.405603707792306
full,stationary,tool,near_establish,family0027_detach,family0027,4,8.246749872341752,13.74010811559856
full,stationary,all,near_establish,family0027_detach,family0027,4,5.419876426458359,9.572855778969824
full,stationary,target,moving,family0027_detach,family0027,12,8.734427436138503,14.499151050889244
full,stationary,tool,moving,family0027_detach,family0027,12,16.621667969351012,28.06309354491532
full,stationary,all,moving,family0027_detach,family0027,12,12.678047680916885,21.281122618044417
full,constant_velocity,target,moving,family0019_detach,family0019,12,3.1271867046598345,6.52737130682605
full,constant_velocity,tool,moving,family0019_detach,family0019,12,3.8599960773050648,8.526245737205803
full,constant_velocity,all,moving,family0019_detach,family0019,12,3.4935914033364193,7.526808452287999
full,constant_velocity,target,near_release,family0019_detach,family0019,5,3.773141241003941,7.471631326689021
full,constant_velocity,tool,near_release,family0019_detach,family0019,5,3.7182249943725765,7.311622332781553
full,constant_velocity,all,near_release,family0019_detach,family0019,5,3.7456829682923853,7.3916265508159995
full,constant_velocity,target,all,family0019_engage_pull,family0019,21,0.5910089070192996,1.215354759625124
full,constant_velocity,target,engage_pull,family0019_engage_pull,family0019,21,0.5910089070192996,1.215354759625124
full,constant_velocity,target,stationary,family0019_engage_pull,family0019,3,0.09694706617816944,0.4843607871999704
full,constant_velocity,tool,all,family0019_engage_pull,family0019,21,0.5866020165913575,1.1189929011617918
full,constant_velocity,tool,engage_pull,family0019_engage_pull,family0019,21,0.5866020165913575,1.1189929011617918
full,constant_velocity,tool,stationary,family0019_engage_pull,family0019,3,4.02312704045471,7.687519099514854
full,constant_velocity,all,all,family0019_engage_pull,family0019,21,0.5888054517332161,1.1671738760534416
full,constant_velocity,all,engage_pull,family0019_engage_pull,family0019,21,0.5888054517332161,1.1671738760534416
full,constant_velocity,all,stationary,family0019_engage_pull,family0019,3,2.060037004412152,4.085940153648456
full,constant_velocity,target,near_establish,family0019_engage_pull,family0019,5,2.4557886680014462,5.055950699002665
full,constant_velocity,tool,near_establish,family0019_engage_pull,family0019,5,1.7655036755968467,2.9542904601839837
full,constant_velocity,all,near_establish,family0019_engage_pull,family0019,5,2.1106461150338873,4.005120787769556
full,constant_velocity,target,moving,family0019_engage_pull,family0019,18,0.673352547159488,1.3371870883626495
full,constant_velocity,tool,moving,family0019_engage_pull,family0019,18,0.01384784594746533,0.02423853476961489
full,constant_velocity,all,moving,family0019_engage_pull,family0019,18,0.34360019295339345,0.6807128297876059
full,constant_velocity,target,all,family0019_pass_by,family0019,21,8.953794641169701e-05,0.000137305842801403
full,constant_velocity,target,pass_by,family0019_pass_by,family0019,21,8.953794641169701e-05,0.000137305842801403
full,constant_velocity,target,stationary,family0019_pass_by,family0019,21,8.953794641169701e-05,0.000137305842801403
full,constant_velocity,tool,all,family0019_pass_by,family0019,21,0.28042320998013437,0.6380478569856981
full,constant_velocity,tool,pass_by,family0019_pass_by,family0019,21,0.28042320998013437,0.6380478569856981
full,constant_velocity,tool,stationary,family0019_pass_by,family0019,21,0.28042320998013437,0.6380478569856981
full,constant_velocity,all,all,family0019_pass_by,family0019,21,0.14025636360635135,0.3190925984935824
full,constant_velocity,all,pass_by,family0019_pass_by,family0019,21,0.14025636360635135,0.3190925984935824
full,constant_velocity,all,stationary,family0019_pass_by,family0019,21,0.14025636360635135,0.3190925984935824
full,constant_velocity,target,all,family0027_detach,family0027,21,1.9831048144807606,4.126119918359856
full,constant_velocity,target,detach,family0027_detach,family0027,21,1.9831048144807606,4.126119918359856
full,constant_velocity,target,stationary,family0027_detach,family0027,9,0.247580439769024,0.41261541148350667
full,constant_velocity,tool,all,family0027_detach,family0027,21,3.2181826172312693,6.706425334933946
full,constant_velocity,tool,detach,family0027_detach,family0027,21,3.2181826172312693,6.706425334933946
full,constant_velocity,tool,stationary,family0027_detach,family0027,9,2.0827496749310135,4.118039542744453
full,constant_velocity,all,all,family0027_detach,family0027,21,2.600643808753895,5.416272848378867
full,constant_velocity,all,detach,family0027_detach,family0027,21,2.600643808753895,5.416272848378867
full,constant_velocity,all,stationary,family0027_detach,family0027,9,1.1651651681556057,2.265327616542992
full,constant_velocity,target,near_establish,family0027_detach,family0027,4,2.2065291590944724,4.825209252121709
full,constant_velocity,tool,near_establish,family0027_detach,family0027,4,0.16630345976409444,0.28391376145009417
full,constant_velocity,all,near_establish,family0027_detach,family0027,4,1.1864162952406332,2.554561520810239
full,constant_velocity,target,moving,family0027_detach,family0027,12,3.2847480955145634,6.911248298517118
full,constant_velocity,tool,moving,family0027_detach,family0027,12,4.069757323956462,8.647714679076065
full,constant_velocity,all,moving,family0027_detach,family0027,12,3.677252789202612,7.779481772255774
full,A,target,moving,family0019_detach,family0019,12,2.2211411754445485,3.606504100995759
full,A,tool,moving,family0019_detach,family0019,12,3.1573354499414563,5.013571508849661
full,A,all,moving,family0019_detach,family0019,12,2.6892383175436407,4.310037921338032
full,A,target,near_release,family0019_detach,family0019,5,1.5987377264536917,2.2916531073860824
full,A,tool,near_release,family0019_detach,family0019,5,2.5423567974939942,3.9575973991304636
full,A,all,near_release,family0019_detach,family0019,5,2.070547267794609,3.124625375494361
full,A,target,all,family0019_engage_pull,family0019,21,0.9596938963070334,1.3424164845630349
full,A,target,engage_pull,family0019_engage_pull,family0019,21,0.9596938963070334,1.3424164845630349
full,A,target,stationary,family0019_engage_pull,family0019,3,1.0145442987171311,1.4652742150550087
full,A,tool,all,family0019_engage_pull,family0019,21,1.2734796258709615,1.8143103058849062
full,A,tool,engage_pull,family0019_engage_pull,family0019,21,1.2734796258709615,1.8143103058849062
full,A,tool,stationary,family0019_engage_pull,family0019,3,2.3633760089675584,3.2856809363390007
full,A,all,all,family0019_engage_pull,family0019,21,1.116586738221702,1.5783633931451255
full,A,all,engage_pull,family0019_engage_pull,family0019,21,1.116586738221702,1.5783633931451255
full,A,all,stationary,family0019_engage_pull,family0019,3,1.6889602411538363,2.375477459281683
full,A,target,near_establish,family0019_engage_pull,family0019,5,1.37217256706208,2.1540256682783365
full,A,tool,near_establish,family0019_engage_pull,family0019,5,1.7695224843919277,2.9004185926169157
full,A,all,near_establish,family0019_engage_pull,family0019,5,1.570847537368536,2.5272220838814974
full,A,target,moving,family0019_engage_pull,family0019,18,0.9505521625720171,1.321940196147706
full,A,tool,moving,family0019_engage_pull,family0019,18,1.0918302286881953,1.5690818674758904
full,A,all,moving,family0019_engage_pull,family0019,18,1.0211911543996797,1.4455110487890326
full,A,target,all,family0019_pass_by,family0019,21,0.6779356682229609,0.5776885179026673
full,A,target,pass_by,family0019_pass_by,family0019,21,0.6779356682229609,0.5776885179026673
full,A,target,stationary,family0019_pass_by,family0019,21,0.6779356682229609,0.5776885179026673
full,A,tool,all,family0019_pass_by,family0019,21,1.1262022668407077,1.4572838692748475
full,A,tool,pass_by,family0019_pass_by,family0019,21,1.1262022668407077,1.4572838692748475
full,A,tool,stationary,family0019_pass_by,family0019,21,1.1262022668407077,1.4572838692748475
full,A,all,all,family0019_pass_by,family0019,21,0.9020690118805283,1.0174862136842595
full,A,all,pass_by,family0019_pass_by,family0019,21,0.9020690118805283,1.0174862136842595
full,A,all,stationary,family0019_pass_by,family0019,21,0.9020690118805283,1.0174862136842595
full,A,target,all,family0027_detach,family0027,21,1.6066760526016532,2.5675178511023877
full,A,target,detach,family0027_detach,family0027,21,1.6066760526016532,2.5675178511023877
full,A,target,stationary,family0027_detach,family0027,9,0.7356676667566515,1.0397426279572148
full,A,tool,all,family0027_detach,family0027,21,2.5356168958491514,3.7211778884132705
full,A,tool,detach,family0027_detach,family0027,21,2.5356168958491514,3.7211778884132705
full,A,tool,stationary,family0027_detach,family0027,9,1.708612479786906,2.2014844257177577
full,A,all,all,family0027_detach,family0027,21,2.071146509565768,3.144347829566825
full,A,all,detach,family0027_detach,family0027,21,2.071146509565768,3.144347829566825
full,A,all,stationary,family0027_detach,family0027,9,1.2221400522523456,1.6206134783311024
full,A,target,near_establish,family0027_detach,family0027,4,1.9189388549420983,3.0724206881131977
full,A,tool,near_establish,family0027_detach,family0027,4,1.5906589396763593,2.7226909005548805
full,A,all,near_establish,family0027_detach,family0027,4,1.7547988973092288,2.8975558234378695
full,A,target,moving,family0027_detach,family0027,12,2.2599323419854045,3.713349268461267
full,A,tool,moving,family0027_detach,family0027,12,3.1558702078958354,4.860947985434905
full,A,all,moving,family0027_detach,family0027,12,2.7079013525508344,4.287148592993617
full,B,target,moving,family0019_detach,family0019,12,2.4015461870779595,3.8590011245105416
full,B,tool,moving,family0019_detach,family0019,12,3.2530072203371674,5.236032341296474
full,B,all,moving,family0019_detach,family0019,12,2.8272767279607556,4.547516621338825
full,B,target,near_release,family0019_detach,family0019,5,1.9048318266868591,2.5408969609998167
full,B,tool,near_release,family0019_detach,family0019,5,2.584545034915209,3.8062461651861668
full,B,all,near_release,family0019_detach,family0019,5,2.2446884075179696,3.1735714059323072
full,B,target,all,family0019_engage_pull,family0019,21,1.0572458295861171,1.631879968391288
full,B,target,engage_pull,family0019_engage_pull,family0019,21,1.0572458295861171,1.631879968391288
full,B,target,stationary,family0019_engage_pull,family0019,3,1.033177211259802,1.4548688583696883
full,B,tool,all,family0019_engage_pull,family0019,21,1.4298123645684904,1.960877833577494
full,B,tool,engage_pull,family0019_engage_pull,family0019,21,1.4298123645684904,1.960877833577494
full,B,tool,stationary,family0019_engage_pull,family0019,3,2.7962996003528438,4.349692103763421
full,B,all,all,family0019_engage_pull,family0019,21,1.243529109550374,1.796378887125424
full,B,all,engage_pull,family0019_engage_pull,family0019,21,1.243529109550374,1.796378887125424
full,B,all,stationary,family0019_engage_pull,family0019,3,1.9147384446114302,2.902280578079323
full,B,target,near_establish,family0019_engage_pull,family0019,5,1.854760362766683,3.0598527984693646
full,B,tool,near_establish,family0019_engage_pull,family0019,5,2.3144044214859605,3.8348774425685406
full,B,all,near_establish,family0019_engage_pull,family0019,5,2.0845824386924505,3.447365155443549
full,B,target,moving,family0019_engage_pull,family0019,18,1.0612572659738362,1.6613818200615544
full,B,tool,moving,family0019_engage_pull,family0019,18,1.2020644919377648,1.5627421218798392
full,B,all,moving,family0019_engage_pull,family0019,18,1.1316608870401978,1.6120619386331074
full,B,target,all,family0019_pass_by,family0019,21,0.7801627341125693,0.6128416016941801
full,B,target,pass_by,family0019_pass_by,family0019,21,0.7801627341125693,0.6128416016941801
full,B,target,stationary,family0019_pass_by,family0019,21,0.7801627341125693,0.6128416016941801
full,B,tool,all,family0019_pass_by,family0019,21,0.9812061602826274,1.204658119517955
full,B,tool,pass_by,family0019_pass_by,family0019,21,0.9812061602826274,1.204658119517955
full,B,tool,stationary,family0019_pass_by,family0019,21,0.9812061602826274,1.204658119517955
full,B,all,all,family0019_pass_by,family0019,21,0.8806844319527348,0.9087498848592597
full,B,all,pass_by,family0019_pass_by,family0019,21,0.8806844319527348,0.9087498848592597
full,B,all,stationary,family0019_pass_by,family0019,21,0.8806844319527348,0.9087498848592597
full,B,target,all,family0027_detach,family0027,21,1.8308267019511688,2.798844253577824
full,B,target,detach,family0027_detach,family0027,21,1.8308267019511688,2.798844253577824
full,B,target,stationary,family0027_detach,family0027,9,0.8986577417494522,1.1443794355727732
full,B,tool,all,family0027_detach,family0027,21,3.242199420041981,4.7410809479299045
full,B,tool,detach,family0027_detach,family0027,21,3.242199420041981,4.7410809479299045
full,B,tool,stationary,family0027_detach,family0027,9,3.08795262955957,3.5637108764300742
full,B,all,all,family0027_detach,family0027,21,2.536513011104294,3.769962477409059
full,B,all,detach,family0027_detach,family0027,21,2.536513011104294,3.769962477409059
full,B,all,stationary,family0027_detach,family0027,9,1.9933051533169217,2.354045152767665
full,B,target,near_establish,family0027_detach,family0027,4,1.9798156863544136,3.224481304641813
full,B,tool,near_establish,family0027_detach,family0027,4,2.479782240698114,4.200050956569612
full,B,all,near_establish,family0027_detach,family0027,4,2.2297989926300943,3.712266217917204
full,B,target,moving,family0027_detach,family0027,12,2.5299534221024564,4.039692867081612
full,B,tool,moving,family0027_detach,family0027,12,3.3578845129037895,5.624108501554777
full,B,all,moving,family0027_detach,family0027,12,2.9439189044448235,4.831900470890105
full,C,target,moving,family0019_detach,family0019,12,3.697592532262206,5.248958244919777
full,C,tool,moving,family0019_detach,family0019,12,4.032699410648395,4.538832901744172
full,C,all,moving,family0019_detach,family0019,12,3.865145981156578,4.893895626688997
full,C,target,near_release,family0019_detach,family0019,5,3.7773489486426115,3.9392236853018403
full,C,tool,near_release,family0019_detach,family0019,5,4.847116395831108,4.360624682158232
full,C,all,near_release,family0019_detach,family0019,5,4.312232881784439,4.149924125522375
full,C,target,all,family0019_engage_pull,family0019,21,1.2963745920431047,1.8817736417986453
full,C,target,engage_pull,family0019_engage_pull,family0019,21,1.2963745920431047,1.8817736417986453
full,C,target,stationary,family0019_engage_pull,family0019,3,1.7688516527414322,2.3585935899366937
full,C,tool,all,family0019_engage_pull,family0019,21,1.7544641547525923,2.070625079795718
full,C,tool,engage_pull,family0019_engage_pull,family0019,21,1.7544641547525923,2.070625079795718
full,C,tool,stationary,family0019_engage_pull,family0019,3,2.8584282069156566,3.8640007066229978
full,C,all,all,family0019_engage_pull,family0019,21,1.5254193096466007,1.9761993400087314
full,C,all,engage_pull,family0019_engage_pull,family0019,21,1.5254193096466007,1.9761993400087314
full,C,all,stationary,family0019_engage_pull,family0019,3,2.313639735803008,3.1112971482798457
full,C,target,near_establish,family0019_engage_pull,family0019,5,2.280693780630827,3.92405204474926
full,C,tool,near_establish,family0019_engage_pull,family0019,5,2.141863526776433,3.575556632131338
full,C,all,near_establish,family0019_engage_pull,family0019,5,2.211278583854437,3.749804198741913
full,C,target,moving,family0019_engage_pull,family0019,18,1.21762841526005,1.8023036504423038
full,C,tool,moving,family0019_engage_pull,family0019,18,1.5704701460587482,1.7717291419911716
full,C,all,moving,family0019_engage_pull,family0019,18,1.394049238620533,1.7870163719635457
full,C,target,all,family0019_pass_by,family0019,21,1.2793975128304391,1.4607052352013332
full,C,target,pass_by,family0019_pass_by,family0019,21,1.2793975128304391,1.4607052352013332
full,C,target,stationary,family0019_pass_by,family0019,21,1.2793975128304391,1.4607052352013332
full,C,tool,all,family0019_pass_by,family0019,21,1.6753725275131208,1.6166424500711618
full,C,tool,pass_by,family0019_pass_by,family0019,21,1.6753725275131208,1.6166424500711618
full,C,tool,stationary,family0019_pass_by,family0019,21,1.6753725275131208,1.6166424500711618
full,C,all,all,family0019_pass_by,family0019,21,1.4773849952256395,1.5386738260054873
full,C,all,pass_by,family0019_pass_by,family0019,21,1.4773849952256395,1.5386738260054873
full,C,all,stationary,family0019_pass_by,family0019,21,1.4773849952256395,1.5386738260054873
full,C,target,all,family0027_detach,family0027,21,2.3681072191157866,3.5857516396347258
full,C,target,detach,family0027_detach,family0027,21,2.3681072191157866,3.5857516396347258
full,C,target,stationary,family0027_detach,family0027,9,1.3840287315866187,1.8087054809762373
full,C,tool,all,family0027_detach,family0027,21,3.356960374817607,3.95874411887711
full,C,tool,detach,family0027_detach,family0027,21,3.356960374817607,3.95874411887711
full,C,tool,stationary,family0027_detach,family0027,9,2.6557965255859823,3.265079641197291
full,C,all,all,family0027_detach,family0027,21,2.8625338482448743,3.772247926376405
full,C,all,detach,family0027_detach,family0027,21,2.8625338482448743,3.772247926376405
full,C,all,stationary,family0027_detach,family0027,9,2.019912664157649,2.536892658099532
full,C,target,near_establish,family0027_detach,family0027,4,1.9746122125070542,3.328909690026194
full,C,tool,near_establish,family0027_detach,family0027,4,2.24998383782804,3.5383391368668526
full,C,all,near_establish,family0027_detach,family0027,4,2.1122980979271233,3.433624340686947
full,C,target,moving,family0027_detach,family0027,12,3.1061660847626626,4.918536258628592
full,C,tool,moving,family0027_detach,family0027,12,3.8828332617413253,4.478992477136974
full,C,all,moving,family0027_detach,family0027,12,3.4944997363102934,4.69876437758406
full,stationary,target,near_release,family0027_detach,family0027,4,4.591538736532286,6.163229568135087
full,stationary,tool,near_release,family0027_detach,family0027,4,21.50994213297963,35.27072537690401
full,stationary,all,near_release,family0027_detach,family0027,4,13.050741516053677,20.716977305710316
full,stationary,target,all,family0027_engage_pull,family0027,21,6.79529970977225,11.532719707870362
full,stationary,target,engage_pull,family0027_engage_pull,family0027,21,6.79529970977225,11.532719707870362
full,stationary,target,stationary,family0027_engage_pull,family0027,2,2.7813924496911113e-05,4.2673665490156054e-05
full,stationary,tool,all,family0027_engage_pull,family0027,21,8.111556792365652,13.607922586656752
full,stationary,tool,engage_pull,family0027_engage_pull,family0027,21,8.111556792365652,13.607922586656752
full,stationary,tool,stationary,family0027_engage_pull,family0027,2,6.847138283774257,12.345611117780209
full,stationary,all,all,family0027_engage_pull,family0027,21,7.453428171131582,12.570321205116453
full,stationary,all,engage_pull,family0027_engage_pull,family0027,21,7.453428171131582,12.570321205116453
full,stationary,all,stationary,family0027_engage_pull,family0027,2,3.4235833445563912,6.1728269793093204
full,stationary,target,near_establish,family0027_engage_pull,family0027,4,2.5922030314013966,5.404493265792176
full,stationary,tool,near_establish,family0027_engage_pull,family0027,4,8.246259996667504,13.739459216594696
full,stationary,all,near_establish,family0027_engage_pull,family0027,4,5.4192314855754375,9.571976377628744
full,stationary,target,moving,family0027_engage_pull,family0027,19,7.5105914882825395,12.746685711470874
full,stationary,tool,moving,family0027_engage_pull,family0027,19,8.244653477480536,13.740797478117441
full,stationary,all,moving,family0027_engage_pull,family0027,19,7.877622363402655,13.243741649938258
full,stationary,target,all,family0027_pass_by,family0027,21,2.8918865609062733e-05,2.6679592038260037e-05
full,stationary,target,pass_by,family0027_pass_by,family0027,21,2.8918865609062733e-05,2.6679592038260037e-05
full,stationary,target,stationary,family0027_pass_by,family0027,21,2.8918865609062733e-05,2.6679592038260037e-05
full,stationary,tool,all,family0027_pass_by,family0027,21,7.690941227511281,12.821764773910953
full,stationary,tool,pass_by,family0027_pass_by,family0027,21,7.690941227511281,12.821764773910953
full,stationary,tool,stationary,family0027_pass_by,family0027,21,7.690941227511281,12.821764773910953
full,stationary,all,all,family0027_pass_by,family0027,21,3.8454851046914147,6.410895691563685
full,stationary,all,pass_by,family0027_pass_by,family0027,21,3.8454851046914147,6.410895691563685
full,stationary,all,stationary,family0027_pass_by,family0027,21,3.8454851046914147,6.410895691563685
full,stationary,target,all,family0031_detach,family0031,21,4.39686559524155,7.2996814856271
full,stationary,target,detach,family0031_detach,family0031,21,4.39686559524155,7.2996814856271
full,stationary,target,stationary,family0031_detach,family0031,10,0.00016834623810524363,0.0002058989295505853
full,stationary,tool,all,family0031_detach,family0031,21,15.371437561476515,25.849442618588608
full,stationary,tool,detach,family0031_detach,family0031,21,15.371437561476515,25.849442618588608
full,stationary,tool,stationary,family0031_detach,family0031,10,14.30643037892878,23.853115737438202
full,stationary,all,all,family0031_detach,family0031,21,9.884151275314036,16.5745619507063
full,stationary,all,detach,family0031_detach,family0031,21,9.884151275314036,16.5745619507063
full,stationary,all,stationary,family0031_detach,family0031,10,7.153299171477556,11.926660779863596
full,stationary,target,near_establish,family0031_detach,family0031,4,2.432097552129253,5.107863171411431
full,stationary,tool,near_establish,family0031_detach,family0031,4,7.7447365038096905,12.902991846203804
full,stationary,all,near_establish,family0031_detach,family0031,4,5.088416626676917,9.00542747694999
full,stationary,target,moving,family0031_detach,family0031,11,8.393863094335591,13.935568382624876
full,stationary,tool,moving,family0031_detach,family0031,11,16.339625909247182,27.664285237816248
full,stationary,all,moving,family0031_detach,family0031,11,12.366744096983563,20.799926651472394
full,constant_velocity,target,near_release,family0027_detach,family0027,4,4.791968560311943,9.442361129913479
full,constant_velocity,tool,near_release,family0027_detach,family0027,4,5.179246014449745,9.978680769563653
full,constant_velocity,all,near_release,family0027_detach,family0027,4,4.985607345588505,9.710521437227726
full,constant_velocity,target,all,family0027_engage_pull,family0027,21,0.4536161005642639,0.9756670864125757
full,constant_velocity,target,engage_pull,family0027_engage_pull,family0027,21,0.4536161005642639,0.9756670864125757
full,constant_velocity,target,stationary,family0027_engage_pull,family0027,2,7.592220896412982e-05,0.00012202159638263765
full,constant_velocity,tool,all,family0027_engage_pull,family0027,21,0.2946753658837527,0.5824247574374957
full,constant_velocity,tool,engage_pull,family0027_engage_pull,family0027,21,0.2946753658837527,0.5824247574374957
full,constant_velocity,tool,stationary,family0027_engage_pull,family0027,2,3.0183104099705815,5.964911251794547
full,constant_velocity,all,all,family0027_engage_pull,family0027,21,0.37414575151507007,0.7790459333678189
full,constant_velocity,all,engage_pull,family0027_engage_pull,family0027,21,0.37414575151507007,0.7790459333678189
full,constant_velocity,all,stationary,family0027_engage_pull,family0027,2,1.5091933455551043,2.9825166275259107
full,constant_velocity,target,near_establish,family0027_engage_pull,family0027,4,2.2037852331688867,4.820114982319268
full,constant_velocity,tool,near_establish,family0027_engage_pull,family0027,4,0.16650827637931798,0.2847896121238591
full,constant_velocity,all,near_establish,family0027_engage_pull,family0027,4,1.1851467716041952,2.5524523662170395
full,constant_velocity,target,moving,family0027_engage_pull,family0027,19,0.5013571719700849,1.0783560406037538
full,constant_velocity,tool,moving,family0027_engage_pull,family0027,19,0.007976940190402322,0.01584723171570084
full,constant_velocity,all,moving,family0027_engage_pull,family0027,19,0.2546670574055928,0.5471016497722303
full,constant_velocity,target,all,family0027_pass_by,family0027,21,0.00011113474314362022,0.00016817036855140292
full,constant_velocity,target,pass_by,family0027_pass_by,family0027,21,0.00011113474314362022,0.00016817036855140292
full,constant_velocity,target,stationary,family0027_pass_by,family0027,21,0.00011113474314362022,0.00016817036855140292
full,constant_velocity,tool,all,family0027_pass_by,family0027,21,0.3668050389608522,0.6150340787566425
full,constant_velocity,tool,pass_by,family0027_pass_by,family0027,21,0.3668050389608522,0.6150340787566425
full,constant_velocity,tool,stationary,family0027_pass_by,family0027,21,0.3668050389608522,0.6150340787566425
full,constant_velocity,all,all,family0027_pass_by,family0027,21,0.183458075200958,0.30760111744278956
full,constant_velocity,all,pass_by,family0027_pass_by,family0027,21,0.183458075200958,0.30760111744278956
full,constant_velocity,all,stationary,family0027_pass_by,family0027,21,0.183458075200958,0.30760111744278956
full,constant_velocity,target,all,family0031_detach,family0031,21,1.6992745089253058,3.5737166917518457
full,constant_velocity,target,detach,family0031_detach,family0031,21,1.6992745089253058,3.5737166917518457
full,constant_velocity,target,stationary,family0031_detach,family0031,10,0.4433883219718382,0.7389412876477763
full,constant_velocity,tool,all,family0031_detach,family0031,21,3.4964857717828375,7.22219247160995
full,constant_velocity,tool,detach,family0031_detach,family0031,21,3.4964857717828375,7.22219247160995
full,constant_velocity,tool,stationary,family0031_detach,family0031,10,2.0428425617865287,4.279191810928751
full,constant_velocity,all,all,family0031_detach,family0031,21,2.597880129022607,5.397954567126275
full,constant_velocity,all,detach,family0031_detach,family0031,21,2.597880129022607,5.397954567126275
full,constant_velocity,all,stationary,family0031_detach,family0031,10,1.2431154156729463,2.509066653510672
full,constant_velocity,target,near_establish,family0031_detach,family0031,4,2.0254243836834718,4.5108662138098055
full,constant_velocity,tool,near_establish,family0031_detach,family0031,4,0.029401628808045643,0.05682008213625522
full,constant_velocity,all,near_establish,family0031_detach,family0031,4,1.0274129722347425,2.2838431896161637
full,constant_velocity,target,moving,family0031_detach,family0031,11,2.8409892243375494,6.150785240937363
full,constant_velocity,tool,moving,family0031_detach,family0031,11,4.817979599052209,9.897647617683766
full,constant_velocity,all,moving,family0031_detach,family0031,11,3.8294844138859347,8.024216306776824
full,A,target,near_release,family0027_detach,family0027,4,1.5335212083300576,2.5362618907820433
full,A,tool,near_release,family0027_detach,family0027,4,3.4136524191126227,4.945607564877719
full,A,all,near_release,family0027_detach,family0027,4,2.4735868209972978,3.740934596862644
full,A,target,all,family0027_engage_pull,family0027,21,0.9907928262172001,1.4963414231758743
full,A,target,engage_pull,family0027_engage_pull,family0027,21,0.9907928262172001,1.4963414231758743
full,A,target,stationary,family0027_engage_pull,family0027,2,1.1681580217555165,1.725915470160544
full,A,tool,all,family0027_engage_pull,family0027,21,1.1027200352622284,1.7838900121638464
full,A,tool,engage_pull,family0027_engage_pull,family0027,21,1.1027200352622284,1.7838900121638464
full,A,tool,stationary,family0027_engage_pull,family0027,2,1.801699516363442,3.2753535779193044
full,A,all,all,family0027_engage_pull,family0027,21,1.046756423810231,1.640115714898067
full,A,all,engage_pull,family0027_engage_pull,family0027,21,1.046756423810231,1.640115714898067
full,A,all,stationary,family0027_engage_pull,family0027,2,1.4849286526441574,2.500634524039924
full,A,target,near_establish,family0027_engage_pull,family0027,4,1.9174960034433752,3.0697328329551965
full,A,tool,near_establish,family0027_engage_pull,family0027,4,1.5902234299574047,2.7221190102864057
full,A,all,near_establish,family0027_engage_pull,family0027,4,1.7538596875965595,2.8959260089322925
full,A,target,moving,family0027_engage_pull,family0027,19,0.9721228056342194,1.4721757340195931
full,A,tool,moving,family0027_engage_pull,family0027,19,1.0291432477778901,1.6268938473474823
full,A,all,moving,family0027_engage_pull,family0027,19,1.0006330313013965,1.5495347876199765
full,A,target,all,family0027_pass_by,family0027,21,0.5566121821868277,0.5214886803601292
full,A,target,pass_by,family0027_pass_by,family0027,21,0.5566121821868277,0.5214886803601292
full,A,target,stationary,family0027_pass_by,family0027,21,0.5566121821868277,0.5214886803601292
full,A,tool,all,family0027_pass_by,family0027,21,0.9008450738509142,1.5291990324233968
full,A,tool,pass_by,family0027_pass_by,family0027,21,0.9008450738509142,1.5291990324233968
full,A,tool,stationary,family0027_pass_by,family0027,21,0.9008450738509142,1.5291990324233968
full,A,all,all,family0027_pass_by,family0027,21,0.7287286294047677,1.025343854312918
full,A,all,pass_by,family0027_pass_by,family0027,21,0.7287286294047677,1.025343854312918
full,A,all,stationary,family0027_pass_by,family0027,21,0.7287286294047677,1.025343854312918
full,A,target,all,family0031_detach,family0031,21,1.439588707095633,2.1297486285523823
full,A,target,detach,family0031_detach,family0031,21,1.439588707095633,2.1297486285523823
full,A,target,stationary,family0031_detach,family0031,10,0.7323104364331812,1.0175545321544632
full,A,tool,all,family0031_detach,family0031,21,2.7445468142451275,3.8848461616518244
full,A,tool,detach,family0031_detach,family0031,21,2.7445468142451275,3.8848461616518244
full,A,tool,stationary,family0031_detach,family0031,10,2.3500803974457085,2.9981232481077313
full,A,all,all,family0031_detach,family0031,21,2.0920677454255165,3.007297415197605
full,A,all,detach,family0031_detach,family0031,21,2.0920677454255165,3.007297415197605
full,A,all,stationary,family0031_detach,family0031,10,1.5411953907459974,2.0078389206901193
full,A,target,near_establish,family0031_detach,family0031,4,1.7722877382766455,2.6102461270056665
full,A,tool,near_establish,family0031_detach,family0031,4,1.1913426860701293,1.7129229090642184
full,A,all,near_establish,family0031_detach,family0031,4,1.481815124861896,2.1615843870677054
full,A,target,moving,family0031_detach,family0031,11,2.0825689531524074,3.1408341707323086
full,A,tool,moving,family0031_detach,family0031,11,3.1031526476991447,4.690957901237363
full,A,all,moving,family0031_detach,family0031,11,2.5928607951341704,3.915896046568047
full,B,target,near_release,family0027_detach,family0027,4,2.7128419023938477,4.183280310826376
full,B,tool,near_release,family0027_detach,family0027,4,3.5388239193707705,5.275164032354951
full,B,all,near_release,family0027_detach,family0027,4,3.1258328235708177,4.729222157038748
full,B,target,all,family0027_engage_pull,family0027,21,1.1174591407845063,1.48728481699003
full,B,target,engage_pull,family0027_engage_pull,family0027,21,1.1174591407845063,1.48728481699003
full,B,target,stationary,family0027_engage_pull,family0027,2,0.7462217472493649,1.0779784643091261
full,B,tool,all,family0027_engage_pull,family0027,21,1.387075590346718,2.060152171734011
full,B,tool,engage_pull,family0027_engage_pull,family0027,21,1.387075590346718,2.060152171734011
full,B,tool,stationary,family0027_engage_pull,family0027,2,2.7235314482823014,5.102913128212094
full,B,all,all,family0027_engage_pull,family0027,21,1.2522673517066454,1.773718489511382
full,B,all,engage_pull,family0027_engage_pull,family0027,21,1.2522673517066454,1.773718489511382
full,B,all,stationary,family0027_engage_pull,family0027,2,1.7348765395581722,3.0904457671567798
full,B,target,near_establish,family0027_engage_pull,family0027,4,1.9782515446422622,3.2221071305684745
full,B,tool,near_establish,family0027_engage_pull,family0027,4,2.4792997573968023,4.199451417662203
full,B,all,near_establish,family0027_engage_pull,family0027,4,2.228775672847405,3.7107793614268303
full,B,target,moving,family0027_engage_pull,family0027,19,1.1565367611566264,1.5303696962195987
full,B,tool,moving,family0027_engage_pull,family0027,19,1.2463960263534988,1.739861544736318
full,B,all,moving,family0027_engage_pull,family0027,19,1.2014663845643794,1.6351156181802875
full,B,target,all,family0027_pass_by,family0027,21,0.6333722419748526,0.7364077512950947
full,B,target,pass_by,family0027_pass_by,family0027,21,0.6333722419748526,0.7364077512950947
full,B,target,stationary,family0027_pass_by,family0027,21,0.6333722419748526,0.7364077512950947
full,B,tool,all,family0027_pass_by,family0027,21,1.2843121159156519,2.1118016115256717
full,B,tool,pass_by,family0027_pass_by,family0027,21,1.2843121159156519,2.1118016115256717
full,B,tool,stationary,family0027_pass_by,family0027,21,1.2843121159156519,2.1118016115256717
full,B,all,all,family0027_pass_by,family0027,21,0.9588421754805105,1.4241047125930588
full,B,all,pass_by,family0027_pass_by,family0027,21,0.9588421754805105,1.4241047125930588
full,B,all,stationary,family0027_pass_by,family0027,21,0.9588421754805105,1.4241047125930588
full,B,target,all,family0031_detach,family0031,21,1.6823353611731104,2.5568899637576017
full,B,target,detach,family0031_detach,family0031,21,1.6823353611731104,2.5568899637576017
full,B,target,stationary,family0031_detach,family0031,10,1.0361410793848336,1.2542653770651668
full,B,tool,all,family0031_detach,family0031,21,3.2749046360896457,4.740289567659299
full,B,tool,detach,family0031_detach,family0031,21,3.2749046360896457,4.740289567659299
full,B,tool,stationary,family0031_detach,family0031,10,3.0479344655759633,3.71339563280344
full,B,all,all,family0031_detach,family0031,21,2.478620026349312,3.6485897643225536
full,B,all,detach,family0031_detach,family0031,21,2.478620026349312,3.6485897643225536
full,B,all,stationary,family0031_detach,family0031,10,2.042037807404995,2.483830531127751
full,B,target,near_establish,family0031_detach,family0031,4,1.6985438705887645,2.4153852136805654
full,B,tool,near_establish,family0031_detach,family0031,4,2.3174812085926533,3.2699023722670972
full,B,all,near_establish,family0031_detach,family0031,4,2.008012554142624,2.8426438802853227
full,B,target,moving,family0031_detach,family0031,11,2.2697847082533618,3.7410941334779966
full,B,tool,moving,family0031_detach,family0031,11,3.481241154738448,5.673829508437351
full,B,all,moving,family0031_detach,family0031,11,2.875512952662327,4.707461794499647
full,C,target,near_release,family0027_detach,family0027,4,3.521968552377075,5.139864922966808
full,C,tool,near_release,family0027_detach,family0027,4,3.795439552050084,2.8770946082659066
full,C,all,near_release,family0027_detach,family0027,4,3.6587041686289012,4.008479765616357
full,C,target,all,family0027_engage_pull,family0027,21,1.1153820641560568,1.6031326349115087
full,C,target,engage_pull,family0027_engage_pull,family0027,21,1.1153820641560568,1.6031326349115087
full,C,target,stationary,family0027_engage_pull,family0027,2,1.4230450033210218,1.8449251656420529
full,C,tool,all,family0027_engage_pull,family0027,21,1.5917621841210694,1.9482967743117894
full,C,tool,engage_pull,family0027_engage_pull,family0027,21,1.5917621841210694,1.9482967743117894
full,C,tool,stationary,family0027_engage_pull,family0027,2,2.5586988776922226,4.378115758299828
full,C,all,all,family0027_engage_pull,family0027,21,1.3535721504706002,1.7757147156988227
full,C,all,engage_pull,family0027_engage_pull,family0027,21,1.3535721504706002,1.7757147156988227
full,C,all,stationary,family0027_engage_pull,family0027,2,1.9908720860257745,3.1115205492824316
full,C,target,near_establish,family0027_engage_pull,family0027,4,1.9733341468963772,3.3266119426116347
full,C,tool,near_establish,family0027_engage_pull,family0027,4,2.2496667806990445,3.5376028390601277
full,C,all,near_establish,family0027_engage_pull,family0027,4,2.1115004492457956,3.4321072744205594
full,C,target,moving,family0027_engage_pull,family0027,19,1.0829964916123764,1.5776807895714515
full,C,tool,moving,family0027_engage_pull,family0027,19,1.4899793742714744,1.6925263549446274
full,C,all,moving,family0027_engage_pull,family0027,19,1.2864879467279504,1.6351035753216006
full,C,target,all,family0027_pass_by,family0027,21,1.0317728183941828,1.346624190253871
full,C,target,pass_by,family0027_pass_by,family0027,21,1.0317728183941828,1.346624190253871
full,C,target,stationary,family0027_pass_by,family0027,21,1.0317728183941828,1.346624190253871
full,C,tool,all,family0027_pass_by,family0027,21,1.5664661325336922,1.7015468218319474
full,C,tool,pass_by,family0027_pass_by,family0027,21,1.5664661325336922,1.7015468218319474
full,C,tool,stationary,family0027_pass_by,family0027,21,1.5664661325336922,1.7015468218319474
full,C,all,all,family0027_pass_by,family0027,21,1.2991194602190739,1.5240854949557356
full,C,all,pass_by,family0027_pass_by,family0027,21,1.2991194602190739,1.5240854949557356
full,C,all,stationary,family0027_pass_by,family0027,21,1.2991194602190739,1.5240854949557356
full,C,target,all,family0031_detach,family0031,21,2.2915438610306453,3.4466286389423266
full,C,target,detach,family0031_detach,family0031,21,2.2915438610306453,3.4466286389423266
full,C,target,stationary,family0031_detach,family0031,10,1.531407976290211,1.9272093079052866
full,C,tool,all,family0031_detach,family0031,21,3.456962804886557,4.1210743920168
full,C,tool,detach,family0031_detach,family0031,21,3.456962804886557,4.1210743920168
full,C,tool,stationary,family0031_detach,family0031,10,2.8678972739726305,3.0924104736186564
full,C,all,all,family0031_detach,family0031,21,2.874253284452217,3.783851418466795
full,C,all,detach,family0031_detach,family0031,21,2.874253284452217,3.783851418466795
full,C,all,stationary,family0031_detach,family0031,10,2.1996526746079326,2.509809797629714
full,C,target,near_establish,family0031_detach,family0031,4,1.875371701316908,2.9617414984386414
full,C,tool,near_establish,family0031_detach,family0031,4,2.107929962221533,3.214202995877713
full,C,all,near_establish,family0031_detach,family0031,4,1.9916508463211358,3.087972232606262
full,C,target,moving,family0031_detach,family0031,11,2.982576483521949,4.827918939885091
full,C,tool,moving,family0031_detach,family0031,11,3.992476923899217,5.056223408742384
full,C,all,moving,family0031_detach,family0031,11,3.4875265661288393,4.942071073773232
full,stationary,target,near_release,family0031_detach,family0031,5,4.364509412325646,5.9857635016062005
full,stationary,tool,near_release,family0031_detach,family0031,5,21.54984623193741,35.397177934646606
full,stationary,all,near_release,family0031_detach,family0031,5,12.957176752388477,20.691470429301262
full,stationary,target,all,family0031_engage_pull,family0031,21,6.003287214362781,10.207121578649033
full,stationary,target,engage_pull,family0031_engage_pull,family0031,21,6.003287214362781,10.207121578649033
full,stationary,target,stationary,family0031_engage_pull,family0031,3,2.383315352479561e-05,2.6441680844868642e-05
full,stationary,tool,all,family0031_engage_pull,family0031,21,7.41344244618501,12.521899615724882
full,stationary,tool,engage_pull,family0031_engage_pull,family0031,21,7.41344244618501,12.521899615724882
full,stationary,tool,stationary,family0031_engage_pull,family0031,3,5.470497068017721,10.281546662251154
full,stationary,all,all,family0031_engage_pull,family0031,21,6.70836480068309,11.364510504617577
full,stationary,all,engage_pull,family0031_engage_pull,family0031,21,6.70836480068309,11.364510504617577
full,stationary,all,stationary,family0031_engage_pull,family0031,3,2.735260253151258,5.140786369641622
full,stationary,target,near_establish,family0031_engage_pull,family0031,4,2.432097552129253,5.107863171411431
full,stationary,tool,near_establish,family0031_engage_pull,family0031,4,7.7447365038096905,12.902991846203804
full,stationary,all,near_establish,family0031_engage_pull,family0031,4,5.088416626676917,9.00542747694999
full,stationary,target,moving,family0031_engage_pull,family0031,18,7.003831111230991,11.908304101477066
full,stationary,tool,moving,family0031_engage_pull,family0031,18,7.737266675879558,12.895291774637169
full,stationary,all,moving,family0031_engage_pull,family0031,18,7.370548891938395,12.401797860446903
full,stationary,target,all,family0031_pass_by,family0031,21,2.5942190491028733e-05,2.6264110568925097e-05
full,stationary,target,pass_by,family0031_pass_by,family0031,21,2.5942190491028733e-05,2.6264110568925097e-05
full,stationary,target,stationary,family0031_pass_by,family0031,21,2.5942190491028733e-05,2.6264110568925097e-05
full,stationary,tool,all,family0031_pass_by,family0031,21,8.090646516176916,13.619984234017986
full,stationary,tool,pass_by,family0031_pass_by,family0031,21,8.090646516176916,13.619984234017986
full,stationary,tool,stationary,family0031_pass_by,family0031,21,8.090646516176916,13.619984234017986
full,stationary,all,all,family0031_pass_by,family0031,21,4.045336357583957,6.810005310745466
full,stationary,all,pass_by,family0031_pass_by,family0031,21,4.045336357583957,6.810005310745466
full,stationary,all,stationary,family0031_pass_by,family0031,21,4.045336357583957,6.810005310745466
full,stationary,target,all,family0037_detach,family0037,21,4.787527298472464,7.915638202637711
full,stationary,target,detach,family0037_detach,family0037,21,4.787527298472464,7.915638202637711
full,stationary,target,stationary,family0037_detach,family0037,10,0.011134483818331375,0.011206077254399816
full,stationary,tool,all,family0037_detach,family0037,21,15.956498261186338,26.807922382085096
full,stationary,tool,detach,family0037_detach,family0037,21,15.956498261186338,26.807922382085096
full,stationary,tool,stationary,family0037_detach,family0037,10,15.632392140105367,25.904580764472485
full,stationary,all,all,family0037_detach,family0037,21,10.372012476658536,17.361780761608056
full,stationary,all,detach,family0037_detach,family0037,21,10.372012476658536,17.361780761608056
full,stationary,all,stationary,family0037_detach,family0037,10,7.821763399988413,12.957893498241901
full,stationary,target,near_establish,family0037_detach,family0037,4,2.683501058853288,5.618662613893655
full,stationary,tool,near_establish,family0037_detach,family0037,4,8.774167858064175,14.620179310441017
full,stationary,all,near_establish,family0037_detach,family0037,4,5.7288347743451595,10.119420825503767
full,stationary,target,moving,family0037_detach,family0037,11,9.129702584521675,15.101485589349812
full,stationary,tool,moving,family0037_detach,family0037,11,16.251140189441767,27.629142034460198
full,stationary,all,moving,family0037_detach,family0037,11,12.690420728176832,21.365314637395468
full,constant_velocity,target,near_release,family0031_detach,family0031,5,3.258239169844046,6.495460010259535
full,constant_velocity,tool,near_release,family0031_detach,family0031,5,5.17306940164417,10.267215769272298
full,constant_velocity,all,near_release,family0031_detach,family0031,5,4.215654474683106,8.38133729994297
full,constant_velocity,target,all,family0031_engage_pull,family0031,21,0.44073362358296836,0.9514225251956125
full,constant_velocity,target,engage_pull,family0031_engage_pull,family0031,21,0.44073362358296836,0.9514225251956125
full,constant_velocity,target,stationary,family0031_engage_pull,family0031,3,8.386087084015041e-05,0.00012696767489236058
full,constant_velocity,tool,all,family0031_engage_pull,family0031,21,0.4220599527278474,0.8718096114101909
full,constant_velocity,tool,engage_pull,family0031_engage_pull,family0031,21,0.4220599527278474,0.8718096114101909
full,constant_velocity,tool,stationary,family0031_engage_pull,family0031,3,2.899860980202599,5.997390874351065
full,constant_velocity,all,all,family0031_engage_pull,family0031,21,0.43139677930932,0.9116161094252242
full,constant_velocity,all,engage_pull,family0031_engage_pull,family0031,21,0.43139677930932,0.9116161094252242
full,constant_velocity,all,stationary,family0031_engage_pull,family0031,3,1.4499724172007216,2.998759173351573
full,constant_velocity,target,near_establish,family0031_engage_pull,family0031,4,2.0254243836834718,4.5108662138098055
full,constant_velocity,tool,near_establish,family0031_engage_pull,family0031,4,0.029401628808045643,0.05682008213625522
full,constant_velocity,all,near_establish,family0031_engage_pull,family0031,4,1.0274129722347425,2.2838431896161637
full,constant_velocity,target,moving,family0031_engage_pull,family0031,18,0.5141752507016564,1.1099717847823993
full,constant_velocity,tool,moving,family0031_engage_pull,family0031,18,0.009093114815388818,0.017546067586711917
full,constant_velocity,all,moving,family0031_engage_pull,family0031,18,0.2616341729940864,0.563758932104166
full,constant_velocity,target,all,family0031_pass_by,family0031,21,9.632588356585832e-05,0.00014950583281434082
full,constant_velocity,target,pass_by,family0031_pass_by,family0031,21,9.632588356585832e-05,0.00014950583281434082
full,constant_velocity,target,stationary,family0031_pass_by,family0031,21,9.632588356585832e-05,0.00014950583281434082
full,constant_velocity,tool,all,family0031_pass_by,family0031,21,0.5523556013009684,1.0558862945799774
full,constant_velocity,tool,pass_by,family0031_pass_by,family0031,21,0.5523556013009684,1.0558862945799774
full,constant_velocity,tool,stationary,family0031_pass_by,family0031,21,0.5523556013009684,1.0558862945799774
full,constant_velocity,all,all,family0031_pass_by,family0031,21,0.2762259530516617,0.5280179364468668
full,constant_velocity,all,pass_by,family0031_pass_by,family0031,21,0.2762259530516617,0.5280179364468668
full,constant_velocity,all,stationary,family0031_pass_by,family0031,21,0.2762259530516617,0.5280179364468668
full,constant_velocity,target,all,family0037_detach,family0037,21,1.9209025555984873,4.065484867395309
full,constant_velocity,target,detach,family0037_detach,family0037,21,1.9209025555984873,4.065484867395309
full,constant_velocity,target,stationary,family0037_detach,family0037,10,0.4850144179552984,0.8150802635299215
full,constant_velocity,tool,all,family0037_detach,family0037,21,2.9430014301830116,6.271273859186165
full,constant_velocity,tool,detach,family0037_detach,family0037,21,2.9430014301830116,6.271273859186165
full,constant_velocity,tool,stationary,family0037_detach,family0037,10,2.2840383971924894,4.6454943614662625
full,constant_velocity,all,all,family0037_detach,family0037,21,2.431951891291343,5.168379470844576
full,constant_velocity,all,detach,family0037_detach,family0037,21,2.431951891291343,5.168379470844576
full,constant_velocity,all,stationary,family0037_detach,family0037,10,1.3845263947587227,2.7302873859298415
full,constant_velocity,target,near_establish,family0037_detach,family0037,4,2.399043050351324,5.17554464589054
full,constant_velocity,tool,near_establish,family0037_detach,family0037,4,1.1851743024635653,1.9822107951767975
full,constant_velocity,all,near_establish,family0037_detach,family0037,4,1.792108618246857,3.5788778332062066
full,constant_velocity,target,moving,family0037_detach,family0037,11,3.226255408001386,7.02039814363657
full,constant_velocity,tool,moving,family0037_detach,family0037,11,3.542058732901668,7.749255220749712
full,constant_velocity,all,moving,family0037_detach,family0037,11,3.3841568881391804,7.384826820767061
full,A,target,near_release,family0031_detach,family0031,5,1.2881893431767821,1.5359659562818706
full,A,tool,near_release,family0031_detach,family0031,5,3.449838887900114,5.430211406201124
full,A,all,near_release,family0031_detach,family0031,5,2.3690139409154654,3.483088780194521
full,A,target,all,family0031_engage_pull,family0031,21,0.9169782306777224,1.1485643508855166
full,A,target,engage_pull,family0031_engage_pull,family0031,21,0.9169782306777224,1.1485643508855166
full,A,target,stationary,family0031_engage_pull,family0031,3,1.055414400373896,1.7583000008016825
full,A,tool,all,family0031_engage_pull,family0031,21,0.9407162225605654,1.1915445433086937
full,A,tool,engage_pull,family0031_engage_pull,family0031,21,0.9407162225605654,1.1915445433086937
full,A,tool,stationary,family0031_engage_pull,family0031,3,1.9408785738050938,2.57103587500751
full,A,all,all,family0031_engage_pull,family0031,21,0.9288471912787784,1.1700544342775607
full,A,all,engage_pull,family0031_engage_pull,family0031,21,0.9288471912787784,1.1700544342775607
full,A,all,stationary,family0031_engage_pull,family0031,3,1.4981464482843876,2.164667899099489
full,A,target,near_establish,family0031_engage_pull,family0031,4,1.7722877382766455,2.6102461270056665
full,A,tool,near_establish,family0031_engage_pull,family0031,4,1.1913426860701293,1.7129229090642184
full,A,all,near_establish,family0031_engage_pull,family0031,4,1.481815124861896,2.1615843870677054
full,A,target,moving,family0031_engage_pull,family0031,18,0.8939055357283602,1.0469417425661556
full,A,tool,moving,family0031_engage_pull,family0031,18,0.774022497353144,0.961629321358891
full,A,all,moving,family0031_engage_pull,family0031,18,0.8339639817778435,1.004285523473906
full,A,target,all,family0031_pass_by,family0031,21,0.678218546367827,0.8135712580821876
full,A,target,pass_by,family0031_pass_by,family0031,21,0.678218546367827,0.8135712580821876
full,A,target,stationary,family0031_pass_by,family0031,21,0.678218546367827,0.8135712580821876
full,A,tool,all,family0031_pass_by,family0031,21,1.1568454182928516,1.777805354712265
full,A,tool,pass_by,family0031_pass_by,family0031,21,1.1568454182928516,1.777805354712265
full,A,tool,stationary,family0031_pass_by,family0031,21,1.1568454182928516,1.777805354712265
full,A,all,all,family0031_pass_by,family0031,21,0.9175319601559923,1.2956883264927281
full,A,all,pass_by,family0031_pass_by,family0031,21,0.9175319601559923,1.2956883264927281
full,A,all,stationary,family0031_pass_by,family0031,21,0.9175319601559923,1.2956883264927281
full,A,target,all,family0037_detach,family0037,21,1.715777064895346,2.8041855493072596
full,A,target,detach,family0037_detach,family0037,21,1.715777064895346,2.8041855493072596
full,A,target,stationary,family0037_detach,family0037,10,0.788727542385459,1.089953602058813
full,A,tool,all,family0037_detach,family0037,21,2.45959813972669,3.4740688584168398
full,A,tool,detach,family0037_detach,family0037,21,2.45959813972669,3.4740688584168398
full,A,tool,stationary,family0037_detach,family0037,10,1.8171800998970866,1.997398369712755
full,A,all,all,family0037_detach,family0037,21,2.0876876494315053,3.1391271401108023
full,A,all,detach,family0037_detach,family0037,21,2.0876876494315053,3.1391271401108023
full,A,all,stationary,family0037_detach,family0037,10,1.3029538851696998,1.543675980065018
full,A,target,near_establish,family0037_detach,family0037,4,2.0588975603459403,3.3699504856485873
full,A,tool,near_establish,family0037_detach,family0037,4,1.3107718550600111,2.3957175435498357
full,A,all,near_establish,family0037_detach,family0037,4,1.6848347731865942,2.8828339418396354
full,A,target,moving,family0037_detach,family0037,11,2.5585493580861525,4.36257822862403
full,A,tool,moving,family0037_detach,family0037,11,3.043614539571784,4.816496575420553
full,A,all,moving,family0037_detach,family0037,11,2.8010819805786014,4.589537285606969
full,B,target,near_release,family0031_detach,family0031,5,2.083564386703074,3.0646442202851176
full,B,tool,near_release,family0031_detach,family0031,5,3.607567260041833,5.850542150437832
full,B,all,near_release,family0031_detach,family0031,5,2.8455658815801144,4.457593197003007
full,B,target,all,family0031_engage_pull,family0031,21,1.1835737359000458,1.5564352894822757
full,B,target,engage_pull,family0031_engage_pull,family0031,21,1.1835737359000458,1.5564352894822757
full,B,target,stationary,family0031_engage_pull,family0031,3,0.8699191190923253,1.1099776602350175
full,B,tool,all,family0031_engage_pull,family0031,21,1.3278757299606998,1.6210963894125252
full,B,tool,engage_pull,family0031_engage_pull,family0031,21,1.3278757299606998,1.6210963894125252
full,B,tool,stationary,family0031_engage_pull,family0031,3,2.4624010159944496,3.640337148681283
full,B,all,all,family0031_engage_pull,family0031,21,1.2557247343162696,1.5887658671653342
full,B,all,engage_pull,family0031_engage_pull,family0031,21,1.2557247343162696,1.5887658671653342
full,B,all,stationary,family0031_engage_pull,family0031,3,1.666159989933173,2.375157355951766
full,B,target,near_establish,family0031_engage_pull,family0031,4,1.6985438705887645,2.4153852136805654
full,B,tool,near_establish,family0031_engage_pull,family0031,4,2.3174812085926533,3.2699023722670972
full,B,all,near_establish,family0031_engage_pull,family0031,4,2.008012554142624,2.8426438802853227
full,B,target,moving,family0031_engage_pull,family0031,18,1.2358495053679992,1.6308448943568186
full,B,tool,moving,family0031_engage_pull,family0031,18,1.1387881822884083,1.2845562628677323
full,B,all,moving,family0031_engage_pull,family0031,18,1.187318858380119,1.457700619034262
full,B,target,all,family0031_pass_by,family0031,21,0.7744394325917321,0.8951840670003245
full,B,target,pass_by,family0031_pass_by,family0031,21,0.7744394325917321,0.8951840670003245
full,B,target,stationary,family0031_pass_by,family0031,21,0.7744394325917321,0.8951840670003245
full,B,tool,all,family0031_pass_by,family0031,21,1.469175841304518,2.2394298021459864
full,B,tool,pass_by,family0031_pass_by,family0031,21,1.469175841304518,2.2394298021459864
full,B,tool,stationary,family0031_pass_by,family0031,21,1.469175841304518,2.2394298021459864
full,B,all,all,family0031_pass_by,family0031,21,1.1218076466494018,1.5673069255648269
full,B,all,pass_by,family0031_pass_by,family0031,21,1.1218076466494018,1.5673069255648269
full,B,all,stationary,family0031_pass_by,family0031,21,1.1218076466494018,1.5673069255648269
full,B,target,all,family0037_detach,family0037,21,2.0052835239940103,3.2153849939017425
full,B,target,detach,family0037_detach,family0037,21,2.0052835239940103,3.2153849939017425
full,B,target,stationary,family0037_detach,family0037,10,1.0743486636783928,1.3729633239563555
full,B,tool,all,family0037_detach,family0037,21,3.300098386327071,4.651915664518518
full,B,tool,detach,family0037_detach,family0037,21,3.300098386327071,4.651915664518518
full,B,tool,stationary,family0037_detach,family0037,10,3.4485613694414496,3.95898565184325
full,B,all,all,family0037_detach,family0037,21,2.652690978720784,3.933650275160159
full,B,all,detach,family0037_detach,family0037,21,2.652690978720784,3.933650275160159
full,B,all,stationary,family0037_detach,family0037,10,2.2614550427533686,2.6659745490178466
full,B,target,near_establish,family0037_detach,family0037,4,2.057815028820187,3.5447579284664243
full,B,tool,near_establish,family0037_detach,family0037,4,1.9715162052307278,3.525648557115346
full,B,all,near_establish,family0037_detach,family0037,4,2.014665602473542,3.535203286446631
full,B,target,moving,family0037_detach,family0037,11,2.851587942462753,4.890313784761185
full,B,tool,moving,family0037_detach,family0037,11,3.1651320380412717,5.281852039677853
full,B,all,moving,family0037_detach,family0037,11,3.008360011418435,5.086082753471353
full,C,target,near_release,family0031_detach,family0031,5,3.0020435340702534,4.389309836551547
full,C,tool,near_release,family0031_detach,family0031,5,3.957415744662285,2.83638178370893
full,C,all,near_release,family0031_detach,family0031,5,3.479729639366269,3.6128458101302385
full,C,target,all,family0031_engage_pull,family0031,21,1.172006049836498,1.5606185576568048
full,C,target,engage_pull,family0031_engage_pull,family0031,21,1.172006049836498,1.5606185576568048
full,C,target,stationary,family0031_engage_pull,family0031,3,1.4050805087511737,2.1136986712614694
full,C,tool,all,family0031_engage_pull,family0031,21,1.5486460012782897,1.719995182828002
full,C,tool,engage_pull,family0031_engage_pull,family0031,21,1.5486460012782897,1.719995182828002
full,C,tool,stationary,family0031_engage_pull,family0031,3,2.5522172606239715,3.469286059650282
full,C,all,all,family0031_engage_pull,family0031,21,1.3603260297150839,1.6403068605411266
full,C,all,engage_pull,family0031_engage_pull,family0031,21,1.3603260297150839,1.6403068605411266
full,C,all,stationary,family0031_engage_pull,family0031,3,1.9786488652850192,2.791492152027786
full,C,target,near_establish,family0031_engage_pull,family0031,4,1.875371701316908,2.9617414984386414
full,C,tool,near_establish,family0031_engage_pull,family0031,4,2.107929962221533,3.214202995877713
full,C,all,near_establish,family0031_engage_pull,family0031,4,1.9916508463211358,3.087972232606262
full,C,target,moving,family0031_engage_pull,family0031,18,1.1331603066840519,1.468438538722694
full,C,tool,moving,family0031_engage_pull,family0031,18,1.3813841247206762,1.428446703357622
full,C,all,moving,family0031_engage_pull,family0031,18,1.2572722237867613,1.44844264529335
full,C,target,all,family0031_pass_by,family0031,21,1.0130534369853281,1.229547621083579
full,C,target,pass_by,family0031_pass_by,family0031,21,1.0130534369853281,1.229547621083579
full,C,target,stationary,family0031_pass_by,family0031,21,1.0130534369853281,1.229547621083579
full,C,tool,all,family0031_pass_by,family0031,21,1.5841004760226323,1.82301513407202
full,C,tool,pass_by,family0031_pass_by,family0031,21,1.5841004760226323,1.82301513407202
full,C,tool,stationary,family0031_pass_by,family0031,21,1.5841004760226323,1.82301513407202
full,C,all,all,family0031_pass_by,family0031,21,1.2985769814501207,1.526281370648316
full,C,all,pass_by,family0031_pass_by,family0031,21,1.2985769814501207,1.526281370648316
full,C,all,stationary,family0031_pass_by,family0031,21,1.2985769814501207,1.526281370648316
full,C,target,all,family0037_detach,family0037,21,2.579469092389835,4.07582461013503
full,C,target,detach,family0037_detach,family0037,21,2.579469092389835,4.07582461013503
full,C,target,stationary,family0037_detach,family0037,10,1.6427653667051345,2.0937134977430105
full,C,tool,all,family0037_detach,family0037,21,3.2778934442571233,3.7888905720873955
full,C,tool,detach,family0037_detach,family0037,21,3.2778934442571233,3.7888905720873955
full,C,tool,stationary,family0037_detach,family0037,10,2.647126722149551,2.8618720709346235
full,C,all,all,family0037_detach,family0037,21,2.928681289111929,3.932357582795833
full,C,all,detach,family0037_detach,family0037,21,2.928681289111929,3.932357582795833
full,C,all,stationary,family0037_detach,family0037,10,2.1449460415169597,2.477792778518051
full,C,target,near_establish,family0037_detach,family0037,4,2.1641534112859517,3.699145541759208
full,C,tool,near_establish,family0037_detach,family0037,4,2.1636905730701983,3.479142440482974
full,C,all,near_establish,family0037_detach,family0037,4,2.163922064937651,3.5891440929844975
full,C,target,moving,family0037_detach,family0037,11,3.4310179339213804,5.877743803218684
full,C,tool,moving,family0037_detach,family0037,11,3.851317737082189,4.631634664044461
full,C,all,moving,family0037_detach,family0037,11,3.641167877834629,5.254689223048362
full,stationary,target,near_release,family0037_detach,family0037,5,5.139712859483581,6.977549930201121
full,stationary,tool,near_release,family0037_detach,family0037,5,21.964922174811363,35.785600543022156
full,stationary,all,near_release,family0037_detach,family0037,5,13.552317768335342,21.381575241684914
full,stationary,target,all,family0037_engage_pull,family0037,21,7.216376212439492,12.246352980952562
full,stationary,target,engage_pull,family0037_engage_pull,family0037,21,7.216376212439492,12.246352980952562
full,stationary,target,stationary,family0037_engage_pull,family0037,2,2.7490227871851403e-05,4.546224730006543e-05
full,stationary,tool,all,family0037_engage_pull,family0037,21,8.572925347834826,14.405617179969946
full,stationary,tool,engage_pull,family0037_engage_pull,family0037,21,8.572925347834826,14.405617179969946
full,stationary,tool,stationary,family0037_engage_pull,family0037,2,6.695699179545045,12.394259683787823
full,stationary,all,all,family0037_engage_pull,family0037,21,7.894650922112522,13.325985210637251
full,stationary,all,engage_pull,family0037_engage_pull,family0037,21,7.894650922112522,13.325985210637251
full,stationary,all,stationary,family0037_engage_pull,family0037,2,3.34786344319582,6.197152193635702
full,stationary,target,near_establish,family0037_engage_pull,family0037,4,2.683501058853288,5.618662613893655
full,stationary,tool,near_establish,family0037_engage_pull,family0037,4,8.774167858064175,14.620179310441017
full,stationary,all,near_establish,family0037_engage_pull,family0037,4,5.7288347743451595,10.119420825503767
full,stationary,target,moving,family0037_engage_pull,family0037,19,7.975991867409137,13.535437982921538
full,stationary,tool,moving,family0037_engage_pull,family0037,19,8.770528102391644,14.617339021673327
full,stationary,all,moving,family0037_engage_pull,family0037,19,8.373260130419544,14.076388686111098
full,stationary,target,all,family0037_pass_by,family0037,21,2.9855627599791507e-05,3.039654902384622e-05
full,stationary,target,pass_by,family0037_pass_by,family0037,21,2.9855627599791507e-05,3.039654902384622e-05
full,stationary,target,stationary,family0037_pass_by,family0037,21,2.9855627599791507e-05,3.039654902384622e-05
full,stationary,tool,all,family0037_pass_by,family0037,21,9.26085783257371,15.536464440325895
full,stationary,tool,pass_by,family0037_pass_by,family0037,21,9.26085783257371,15.536464440325895
full,stationary,tool,stationary,family0037_pass_by,family0037,21,9.26085783257371,15.536464440325895
full,stationary,all,all,family0037_pass_by,family0037,21,4.63044395049413,7.768247254370224
full,stationary,all,pass_by,family0037_pass_by,family0037,21,4.63044395049413,7.768247254370224
full,stationary,all,stationary,family0037_pass_by,family0037,21,4.63044395049413,7.768247254370224
full,stationary,target,all,family0040_detach,family0040,21,5.992039739846585,9.967134802509172
full,stationary,target,detach,family0040_detach,family0040,21,5.992039739846585,9.967134802509172
full,stationary,target,stationary,family0040_detach,family0040,9,0.04499592141667582,0.22443330235175393
full,stationary,tool,all,family0040_detach,family0040,21,16.608167373176133,27.93093364951866
full,stationary,tool,detach,family0040_detach,family0040,21,16.608167373176133,27.93093364951866
full,stationary,tool,stationary,family0040_detach,family0040,9,14.446653684394228,24.19753646891978
full,stationary,all,all,family0040_detach,family0040,21,11.300103539334875,18.94903428009933
full,stationary,all,detach,family0040_detach,family0040,21,11.300103539334875,18.94903428009933
full,stationary,all,stationary,family0040_detach,family0040,9,7.2458243101007405,12.210985050640172
full,stationary,target,near_establish,family0040_detach,family0040,5,3.9359238457031154,7.641273226239065
full,stationary,tool,near_establish,family0040_detach,family0040,5,8.996323216706514,15.209818631410599
full,stationary,all,near_establish,family0040_detach,family0040,5,6.466123228892684,11.425546184182167
full,stationary,target,moving,family0040_detach,family0040,12,10.452322603669018,17.274160927627236
full,stationary,tool,moving,family0040_detach,family0040,12,18.22930263976256,30.73098153496782
full,stationary,all,moving,family0040_detach,family0040,12,14.340812961260477,24.002571202193696
full,constant_velocity,target,near_release,family0037_detach,family0037,5,4.207248653563056,8.591950149804006
full,constant_velocity,tool,near_release,family0037_detach,family0037,5,4.636895924340934,10.475438204593956
full,constant_velocity,all,near_release,family0037_detach,family0037,5,4.422071808949113,9.533694293349981
full,constant_velocity,target,all,family0037_engage_pull,family0037,21,0.4788789993121833,1.023388048542713
full,constant_velocity,target,engage_pull,family0037_engage_pull,family0037,21,0.4788789993121833,1.023388048542713
full,constant_velocity,target,stationary,family0037_engage_pull,family0037,2,3.710948526247648e-05,5.7732947311706084e-05
full,constant_velocity,tool,all,family0037_engage_pull,family0037,21,0.4500947384258325,0.8699100781303146
full,constant_velocity,tool,engage_pull,family0037_engage_pull,family0037,21,0.4500947384258325,0.8699100781303146
full,constant_velocity,tool,stationary,family0037_engage_pull,family0037,2,4.631401505321264,8.95443488843739
full,constant_velocity,all,all,family0037_engage_pull,family0037,21,0.4644868501513667,0.946649095264244
full,constant_velocity,all,engage_pull,family0037_engage_pull,family0037,21,0.4644868501513667,0.946649095264244
full,constant_velocity,all,stationary,family0037_engage_pull,family0037,2,2.3157192626968026,4.477246315218508
full,constant_velocity,target,near_establish,family0037_engage_pull,family0037,4,2.399043050351324,5.17554464589054
full,constant_velocity,tool,near_establish,family0037_engage_pull,family0037,4,1.1851743024635653,1.9822107951767975
full,constant_velocity,all,near_establish,family0037_engage_pull,family0037,4,1.792108618246857,3.5788778332062066
full,constant_velocity,target,moving,family0037_engage_pull,family0037,19,0.5292834087676487,1.1311070291317025
full,constant_velocity,tool,moving,family0037_engage_pull,family0037,19,0.009957184015787024,0.01890746651904345
full,constant_velocity,all,moving,family0037_engage_pull,family0037,19,0.26962028040974184,0.5750072826374794
full,constant_velocity,target,all,family0037_pass_by,family0037,21,0.00011057464565142471,0.00017126778133269043
full,constant_velocity,target,pass_by,family0037_pass_by,family0037,21,0.00011057464565142471,0.00017126778133269043
full,constant_velocity,target,stationary,family0037_pass_by,family0037,21,0.00011057464565142471,0.00017126778133269043
full,constant_velocity,tool,all,family0037_pass_by,family0037,21,0.32855089836760143,0.6498969447918734
full,constant_velocity,tool,pass_by,family0037_pass_by,family0037,21,0.32855089836760143,0.6498969447918734
full,constant_velocity,tool,stationary,family0037_pass_by,family0037,21,0.32855089836760143,0.6498969447918734
full,constant_velocity,all,all,family0037_pass_by,family0037,21,0.164330751945705,0.325034124649565
full,constant_velocity,all,pass_by,family0037_pass_by,family0037,21,0.164330751945705,0.325034124649565
full,constant_velocity,all,stationary,family0037_pass_by,family0037,21,0.164330751945705,0.325034124649565
full,constant_velocity,target,all,family0040_detach,family0040,21,2.0876151324096153,4.2685427759638275
full,constant_velocity,target,detach,family0040_detach,family0040,21,2.0876151324096153,4.2685427759638275
full,constant_velocity,target,stationary,family0040_detach,family0040,9,0.2847439189600386,0.6240168809160056
full,constant_velocity,tool,all,family0040_detach,family0040,21,3.6516420793001694,7.511259395219635
full,constant_velocity,tool,detach,family0040_detach,family0040,21,3.6516420793001694,7.511259395219635
full,constant_velocity,tool,stationary,family0040_detach,family0040,9,2.5628978097908353,5.190427538966308
full,constant_velocity,all,all,family0040_detach,family0040,21,2.8696285652196303,5.88990130788824
full,constant_velocity,all,detach,family0040_detach,family0040,21,2.8696285652196303,5.88990130788824
full,constant_velocity,all,stationary,family0040_detach,family0040,9,1.4238208920384448,2.9072223470494567
full,constant_velocity,target,near_establish,family0040_detach,family0040,5,2.755709261617767,5.6973246268228195
full,constant_velocity,tool,near_establish,family0040_detach,family0040,5,1.585222305584466,2.8616786516067805
full,constant_velocity,all,near_establish,family0040_detach,family0040,5,2.1704658429371193,4.279501759447157
full,constant_velocity,target,moving,family0040_detach,family0040,12,3.439768542496798,7.001937197249693
full,constant_velocity,tool,moving,family0040_detach,family0040,12,4.46820028143217,9.251883287409632
full,constant_velocity,all,moving,family0040_detach,family0040,12,3.953984320105519,8.126910528517328
full,A,target,near_release,family0037_detach,family0037,5,1.991928368806839,3.102583985310048
full,A,tool,near_release,family0037_detach,family0037,5,3.547992557287216,5.428824061527848
full,A,all,near_release,family0037_detach,family0037,5,2.7699607890099287,4.26570400595665
full,A,target,all,family0037_engage_pull,family0037,21,1.136515611073091,1.8469945477720882
full,A,target,engage_pull,family0037_engage_pull,family0037,21,1.136515611073091,1.8469945477720882
full,A,target,stationary,family0037_engage_pull,family0037,2,0.826475617941469,1.379610417643562
full,A,tool,all,family0037_engage_pull,family0037,21,1.0835100297949143,1.8035713527795105
full,A,tool,engage_pull,family0037_engage_pull,family0037,21,1.0835100297949143,1.8035713527795105
full,A,tool,stationary,family0037_engage_pull,family0037,2,1.7752695130184293,2.6082342374138534
full,A,all,all,family0037_engage_pull,family0037,21,1.110012823205796,1.8252829267155557
full,A,all,engage_pull,family0037_engage_pull,family0037,21,1.110012823205796,1.8252829267155557
full,A,all,stationary,family0037_engage_pull,family0037,2,1.3008724781684577,1.993922342080623
full,A,target,near_establish,family0037_engage_pull,family0037,4,2.0588975603459403,3.3699504856485873
full,A,tool,near_establish,family0037_engage_pull,family0037,4,1.3107718550600111,2.3957175435498357
full,A,all,near_establish,family0037_engage_pull,family0037,4,1.6848347731865942,2.8828339418396354
full,A,target,moving,family0037_engage_pull,family0037,19,1.169151399823788,1.8961928772593015
full,A,tool,moving,family0037_engage_pull,family0037,19,1.010693242087176,1.7188699965022112
full,A,all,moving,family0037_engage_pull,family0037,19,1.0899223332097263,1.8075314093087065
full,A,target,all,family0037_pass_by,family0037,21,0.6602076658358177,0.7100598692583541
full,A,target,pass_by,family0037_pass_by,family0037,21,0.6602076658358177,0.7100598692583541
full,A,target,stationary,family0037_pass_by,family0037,21,0.6602076658358177,0.7100598692583541
full,A,tool,all,family0037_pass_by,family0037,21,1.6450797529181553,3.0673202792448655
full,A,tool,pass_by,family0037_pass_by,family0037,21,1.6450797529181553,3.0673202792448655
full,A,tool,stationary,family0037_pass_by,family0037,21,1.6450797529181553,3.0673202792448655
full,A,all,all,family0037_pass_by,family0037,21,1.1526437010616064,1.8886900506913662
full,A,all,pass_by,family0037_pass_by,family0037,21,1.1526437010616064,1.8886900506913662
full,A,all,stationary,family0037_pass_by,family0037,21,1.1526437010616064,1.8886900506913662
full,A,target,all,family0040_detach,family0040,21,1.6734236255398995,2.73521512974098
full,A,target,detach,family0040_detach,family0040,21,1.6734236255398995,2.73521512974098
full,A,target,stationary,family0040_detach,family0040,9,0.7320496208396636,0.867543706489313
full,A,tool,all,family0040_detach,family0040,21,2.6822915256378197,4.093775101604739
full,A,tool,detach,family0040_detach,family0040,21,2.6822915256378197,4.093775101604739
full,A,tool,stationary,family0040_detach,family0040,9,1.9632823791147933,2.4144221549957163
full,A,all,all,family0040_detach,family0040,21,2.177857519460044,3.414495091419667
full,A,all,detach,family0040_detach,family0040,21,2.177857519460044,3.414495091419667
full,A,all,stationary,family0040_detach,family0040,9,1.3476659142826166,1.6409828935542867
full,A,target,near_establish,family0040_detach,family0040,5,1.67554235085845,2.85723980050534
full,A,tool,near_establish,family0040_detach,family0040,5,1.7767643323168159,3.1277766916900873
full,A,all,near_establish,family0040_detach,family0040,5,1.7261531902477145,2.992508187890053
full,A,target,moving,family0040_detach,family0040,12,2.3794541290650764,4.13596869717973
full,A,tool,moving,family0040_detach,family0040,12,3.2215483855300895,5.353289811561505
full,A,all,moving,family0040_detach,family0040,12,2.800501223343114,4.744629239818702
full,B,target,near_release,family0037_detach,family0037,5,3.216814436018467,5.135023174807429
full,B,tool,near_release,family0037_detach,family0037,5,3.8220916874706745,5.551574053242803
full,B,all,near_release,family0037_detach,family0037,5,3.5194530617445707,5.343298614025116
full,B,target,all,family0037_engage_pull,family0037,21,1.180017585977025,1.7156625676545358
full,B,target,engage_pull,family0037_engage_pull,family0037,21,1.180017585977025,1.7156625676545358
full,B,target,stationary,family0037_engage_pull,family0037,2,0.790703488746658,1.1070595355704427
full,B,tool,all,family0037_engage_pull,family0037,21,1.2762721134571446,1.918867934450862
full,B,tool,engage_pull,family0037_engage_pull,family0037,21,1.2762721134571446,1.918867934450862
full,B,tool,stationary,family0037_engage_pull,family0037,2,2.373963361606002,4.413400427438319
full,B,all,all,family0037_engage_pull,family0037,21,1.2281448441734981,1.8172652981731863
full,B,all,engage_pull,family0037_engage_pull,family0037,21,1.2281448441734981,1.8172652981731863
full,B,all,stationary,family0037_engage_pull,family0037,2,1.5823334106244147,2.7602300979197025
full,B,target,near_establish,family0037_engage_pull,family0037,4,2.057815028820187,3.5447579284664243
full,B,tool,near_establish,family0037_engage_pull,family0037,4,1.9715162052307278,3.525648557115346
full,B,all,near_establish,family0037_engage_pull,family0037,4,2.014665602473542,3.535203286446631
full,B,target,moving,family0037_engage_pull,family0037,19,1.2209980172644321,1.7797260447160195
full,B,tool,moving,family0037_engage_pull,family0037,19,1.1607256662835808,1.6562855667679717
full,B,all,moving,family0037_engage_pull,family0037,19,1.1908618371786648,1.7180058455682898
full,B,target,all,family0037_pass_by,family0037,21,0.8019125144485206,1.0458120294580502
full,B,target,pass_by,family0037_pass_by,family0037,21,0.8019125144485206,1.0458120294580502
full,B,target,stationary,family0037_pass_by,family0037,21,0.8019125144485206,1.0458120294580502
full,B,tool,all,family0037_pass_by,family0037,21,1.8131383306657274,3.3168176721249307
full,B,tool,pass_by,family0037_pass_by,family0037,21,1.8131383306657274,3.3168176721249307
full,B,tool,stationary,family0037_pass_by,family0037,21,1.8131383306657274,3.3168176721249307
full,B,all,all,family0037_pass_by,family0037,21,1.3075254336442976,2.1813148521773873
full,B,all,pass_by,family0037_pass_by,family0037,21,1.3075254336442976,2.1813148521773873
full,B,all,stationary,family0037_pass_by,family0037,21,1.3075254336442976,2.1813148521773873
full,B,target,all,family0040_detach,family0040,21,1.9391385029025732,2.9801730000014817
full,B,target,detach,family0040_detach,family0040,21,1.9391385029025732,2.9801730000014817
full,B,target,stationary,family0040_detach,family0040,9,0.8336348950655924,0.942251438068019
full,B,tool,all,family0040_detach,family0040,21,3.1331284137974893,4.830831362466727
full,B,tool,detach,family0040_detach,family0040,21,3.1331284137974893,4.830831362466727
full,B,tool,stationary,family0040_detach,family0040,9,2.689081050145129,3.510072516898314
full,B,all,all,family0040_detach,family0040,21,2.5361334694372046,3.9055020925367163
full,B,all,detach,family0040_detach,family0040,21,2.5361334694372046,3.9055020925367163
full,B,all,stationary,family0040_detach,family0040,9,1.761358011410468,2.2261619257430234
full,B,target,near_establish,family0040_detach,family0040,5,2.170805330388248,3.6920137121342123
full,B,tool,near_establish,family0040_detach,family0040,5,2.731939358636737,4.538390785455704
full,B,all,near_establish,family0040_detach,family0040,5,2.4513722397387028,4.115202184766531
full,B,target,moving,family0040_detach,family0040,12,2.7682662087803087,4.508614171451579
full,B,tool,moving,family0040_detach,family0040,12,3.466163936536759,5.821400496643037
full,B,all,moving,family0040_detach,family0040,12,3.117215062957257,5.1650072176319854
full,C,target,near_release,family0037_detach,family0037,5,3.597113210707903,5.90732735581696
full,C,tool,near_release,family0037_detach,family0037,5,4.131307965144515,3.32344020716846
full,C,all,near_release,family0037_detach,family0037,5,3.864210471510887,4.615383828058839
full,C,target,all,family0037_engage_pull,family0037,21,1.4008470267678301,2.0416128487947085
full,C,target,engage_pull,family0037_engage_pull,family0037,21,1.4008470267678301,2.0416128487947085
full,C,target,stationary,family0037_engage_pull,family0037,2,1.391373632941395,2.122321631759405
full,C,tool,all,family0037_engage_pull,family0037,21,1.6952415240839833,2.2275996494239996
full,C,tool,engage_pull,family0037_engage_pull,family0037,21,1.6952415240839833,2.2275996494239996
full,C,tool,stationary,family0037_engage_pull,family0037,2,2.587229711934924,3.7571581779047847
full,C,all,all,family0037_engage_pull,family0037,21,1.5480443336335676,2.1346062366362837
full,C,all,engage_pull,family0037_engage_pull,family0037,21,1.5480443336335676,2.1346062366362837
full,C,all,stationary,family0037_engage_pull,family0037,2,1.9893018179573119,2.939739846624434
full,C,target,near_establish,family0037_engage_pull,family0037,4,2.1641534112859517,3.699145541759208
full,C,tool,near_establish,family0037_engage_pull,family0037,4,2.1636905730701983,3.479142440482974
full,C,all,near_establish,family0037_engage_pull,family0037,4,2.163922064937651,3.5891440929844975
full,C,target,moving,family0037_engage_pull,family0037,19,1.401844226117981,2.033117187430004
full,C,tool,moving,family0037_engage_pull,family0037,19,1.6013480306259895,2.0665934885312853
full,C,all,moving,family0037_engage_pull,family0037,19,1.501596177388963,2.049855330321742
full,C,target,all,family0037_pass_by,family0037,21,1.0539026005149243,1.1985267434890072
full,C,target,pass_by,family0037_pass_by,family0037,21,1.0539026005149243,1.1985267434890072
full,C,target,stationary,family0037_pass_by,family0037,21,1.0539026005149243,1.1985267434890072
full,C,tool,all,family0037_pass_by,family0037,21,2.147993954297687,2.727777852366368
full,C,tool,pass_by,family0037_pass_by,family0037,21,2.147993954297687,2.727777852366368
full,C,tool,stationary,family0037_pass_by,family0037,21,2.147993954297687,2.727777852366368
full,C,all,all,family0037_pass_by,family0037,21,1.6009482843357892,1.9631523395045882
full,C,all,pass_by,family0037_pass_by,family0037,21,1.6009482843357892,1.9631523395045882
full,C,all,stationary,family0037_pass_by,family0037,21,1.6009482843357892,1.9631523395045882
full,C,target,all,family0040_detach,family0040,21,3.021473552854288,4.107874141828645
full,C,target,detach,family0040_detach,family0040,21,3.021473552854288,4.107874141828645
full,C,target,stationary,family0040_detach,family0040,9,1.8547820962137647,1.9447673370854721
full,C,tool,all,family0040_detach,family0040,21,3.8368481743548597,4.700707016690147
full,C,tool,detach,family0040_detach,family0040,21,3.8368481743548597,4.700707016690147
full,C,tool,stationary,family0040_detach,family0040,9,3.2699456334941917,3.9041425204939313
full,C,all,all,family0040_detach,family0040,21,3.4291607859943594,4.404290618064503
full,C,all,detach,family0040_detach,family0040,21,3.4291607859943594,4.404290618064503
full,C,all,stationary,family0040_detach,family0040,9,2.5623639683342643,2.9244549546597733
full,C,target,near_establish,family0040_detach,family0040,5,2.501675602979958,4.4892450561746955
full,C,tool,near_establish,family0040_detach,family0040,5,2.5006497744470835,4.304013587534428
full,C,all,near_establish,family0040_detach,family0040,5,2.501162653788924,4.396629333496094
full,C,target,moving,family0040_detach,family0040,12,3.896492145334681,5.730204245386024
full,C,tool,moving,family0040_detach,family0040,12,4.2620250800003605,5.298130388837308
full,C,all,moving,family0040_detach,family0040,12,4.079258399239431,5.51416736561805
full,stationary,target,near_release,family0040_detach,family0040,4,5.547563472056538,7.45005419915179
full,stationary,tool,near_release,family0040_detach,family0040,4,22.984087001532316,37.6675296574831
full,stationary,all,near_release,family0040_detach,family0040,4,14.265824807807803,22.55879156291485
full,stationary,target,all,family0040_engage_pull,family0040,21,7.605252206615496,12.933539317551347
full,stationary,target,engage_pull,family0040_engage_pull,family0040,21,7.605252206615496,12.933539317551347
full,stationary,target,stationary,family0040_engage_pull,family0040,3,0.13458368757686875,0.6727753361281211
full,stationary,tool,all,family0040_engage_pull,family0040,21,8.938222436145658,15.09720426318901
full,stationary,tool,engage_pull,family0040_engage_pull,family0040,21,8.938222436145658,15.09720426318901
full,stationary,tool,stationary,family0040_engage_pull,family0040,3,6.593757153799136,12.388859720279774
full,stationary,all,all,family0040_engage_pull,family0040,21,8.27173704636239,14.015371567525325
full,stationary,all,engage_pull,family0040_engage_pull,family0040,21,8.27173704636239,14.015371567525325
full,stationary,all,stationary,family0040_engage_pull,family0040,3,3.3641701253751912,6.53081798615555
full,stationary,target,near_establish,family0040_engage_pull,family0040,5,3.9359238457031154,7.641273226239065
full,stationary,tool,near_establish,family0040_engage_pull,family0040,5,8.996323216706514,15.209818631410599
full,stationary,all,near_establish,family0040_engage_pull,family0040,5,6.466123228892684,11.425546184182167
full,stationary,target,moving,family0040_engage_pull,family0040,18,8.850363626455268,14.976999981121885
full,stationary,tool,moving,family0040_engage_pull,family0040,18,9.328966649870077,15.54859502034055
full,stationary,all,moving,family0040_engage_pull,family0040,18,9.089664866526922,15.262797164420286
full,stationary,target,all,family0040_pass_by,family0040,21,2.0490714310502273e-05,1.9373696319171413e-05
full,stationary,target,pass_by,family0040_pass_by,family0040,21,2.0490714310502273e-05,1.9373696319171413e-05
full,stationary,target,stationary,family0040_pass_by,family0040,21,2.0490714310502273e-05,1.9373696319171413e-05
full,stationary,tool,all,family0040_pass_by,family0040,21,7.066263750727687,11.85513638137352
full,stationary,tool,pass_by,family0040_pass_by,family0040,21,7.066263750727687,11.85513638137352
full,stationary,tool,stationary,family0040_pass_by,family0040,21,7.066263750727687,11.85513638137352
full,stationary,all,all,family0040_pass_by,family0040,21,3.5331421309993383,5.927578036096834
full,stationary,all,pass_by,family0040_pass_by,family0040,21,3.5331421309993383,5.927578036096834
full,stationary,all,stationary,family0040_pass_by,family0040,21,3.5331421309993383,5.927578036096834
full,stationary,target,all,family0042_detach,family0042,21,4.35975854879914,7.235641696566485
full,stationary,target,detach,family0042_detach,family0042,21,4.35975854879914,7.235641696566485
full,stationary,target,stationary,family0042_detach,family0042,10,0.00761627677183796,0.037792965277727575
full,stationary,tool,all,family0042_detach,family0042,21,14.178710906500262,23.90566925030379
full,stationary,tool,detach,family0042_detach,family0042,21,14.178710906500262,23.90566925030379
full,stationary,tool,stationary,family0042_detach,family0042,10,11.528911592904478,19.442678056657314
full,stationary,all,all,family0042_detach,family0042,21,9.269234555263427,15.570655232295394
full,stationary,all,detach,family0042_detach,family0042,21,9.269234555263427,15.570655232295394
full,stationary,all,stationary,family0042_detach,family0042,10,5.768264055950567,9.740234981290996
full,stationary,target,near_establish,family0042_detach,family0042,5,2.257141454523648,4.782776058308613
full,stationary,tool,near_establish,family0042_detach,family0042,5,7.025533728301525,11.93187441676855
full,stationary,all,near_establish,family0042_detach,family0042,5,4.641337506473064,8.35732501000166
full,stationary,target,moving,family0042_detach,family0042,11,8.316251523369415,13.779140543192625
full,stationary,tool,moving,family0042_detach,family0042,11,16.58761937340552,27.962933971800588
full,stationary,all,moving,family0042_detach,family0042,11,12.45193500918421,20.871037278663028
full,constant_velocity,target,near_release,family0040_detach,family0040,4,4.3636036571115255,8.36245494429022
full,constant_velocity,tool,near_release,family0040_detach,family0040,4,4.718357857200317,8.8114753307309
full,constant_velocity,all,near_release,family0040_detach,family0040,4,4.540980502497405,8.586965501308441
full,constant_velocity,target,all,family0040_engage_pull,family0040,21,0.6597079451514295,1.363539832878825
full,constant_velocity,target,engage_pull,family0040_engage_pull,family0040,21,0.6597079451514295,1.363539832878825
full,constant_velocity,target,stationary,family0040_engage_pull,family0040,3,0.13467388911199882,0.6729151846703493
full,constant_velocity,tool,all,family0040_engage_pull,family0040,21,0.511561672510652,1.0535976167981669
full,constant_velocity,tool,engage_pull,family0040_engage_pull,family0040,21,0.511561672510652,1.0535976167981669
full,constant_velocity,tool,stationary,family0040_engage_pull,family0040,3,3.487692967610201,7.210223982231885
full,constant_velocity,all,all,family0040_engage_pull,family0040,21,0.5856348225604181,1.2085687678033235
full,constant_velocity,all,engage_pull,family0040_engage_pull,family0040,21,0.5856348225604181,1.2085687678033235
full,constant_velocity,all,stationary,family0040_engage_pull,family0040,3,1.8111834506271407,3.941569671345254
full,constant_velocity,target,near_establish,family0040_engage_pull,family0040,5,2.755709261617767,5.6973246268228195
full,constant_velocity,tool,near_establish,family0040_engage_pull,family0040,5,1.585222305584466,2.8616786516067805
full,constant_velocity,all,near_establish,family0040_engage_pull,family0040,5,2.1704658429371193,4.279501759447157
full,constant_velocity,target,moving,family0040_engage_pull,family0040,18,0.7472136211580013,1.478643940913571
full,constant_velocity,tool,moving,family0040_engage_pull,family0040,18,0.015539789994060508,0.02749322255921369
full,constant_velocity,all,moving,family0040_engage_pull,family0040,18,0.38137671788263106,0.7530686172130017
full,constant_velocity,target,all,family0040_pass_by,family0040,21,7.217534235878919e-05,0.0001083705801498863
full,constant_velocity,target,pass_by,family0040_pass_by,family0040,21,7.217534235878919e-05,0.0001083705801498863
full,constant_velocity,target,stationary,family0040_pass_by,family0040,21,7.217534235878919e-05,0.0001083705801498863
full,constant_velocity,tool,all,family0040_pass_by,family0040,21,0.2420400392977518,0.48083820560610285
full,constant_velocity,tool,pass_by,family0040_pass_by,family0040,21,0.2420400392977518,0.48083820560610285
full,constant_velocity,tool,stationary,family0040_pass_by,family0040,21,0.2420400392977518,0.48083820560610285
full,constant_velocity,all,all,family0040_pass_by,family0040,21,0.12105609984776795,0.24047326923253076
full,constant_velocity,all,pass_by,family0040_pass_by,family0040,21,0.12105609984776795,0.24047326923253076
full,constant_velocity,all,stationary,family0040_pass_by,family0040,21,0.12105609984776795,0.24047326923253076
full,constant_velocity,target,all,family0042_detach,family0042,21,1.8832755112326267,3.904688944091884
full,constant_velocity,target,detach,family0042_detach,family0042,21,1.8832755112326267,3.904688944091884
full,constant_velocity,target,stationary,family0042_detach,family0042,10,0.1900522494022283,0.34184907294054767
full,constant_velocity,tool,all,family0042_detach,family0042,21,3.2146952979972063,6.761377947138196
full,constant_velocity,tool,detach,family0042_detach,family0042,21,3.2146952979972063,6.761377947138196
full,constant_velocity,tool,stationary,family0042_detach,family0042,10,1.7392267276591156,3.48668913666188
full,constant_velocity,all,all,family0042_detach,family0042,21,2.548985383067962,5.333033528932858
full,constant_velocity,all,detach,family0042_detach,family0042,21,2.548985383067962,5.333033528932858
full,constant_velocity,all,stationary,family0042_detach,family0042,10,0.9646395634263172,1.9142690696753561
full,constant_velocity,target,near_establish,family0042_detach,family0042,5,1.8378190435875297,4.133683257669674
full,constant_velocity,tool,near_establish,family0042_detach,family0042,5,0.23282278307306115,0.8760665874433471
full,constant_velocity,all,near_establish,family0042_detach,family0042,5,1.035320883966051,2.504875068552792
full,constant_velocity,target,moving,family0042_detach,family0042,11,3.422569385623898,7.14363428150219
full,constant_velocity,tool,moving,family0042_detach,family0042,11,4.556030361940926,9.738367774843937
full,constant_velocity,all,moving,family0042_detach,family0042,11,3.989299764560366,8.441001219166951
full,A,target,near_release,family0040_detach,family0040,4,1.794627940398641,2.6872444432228804
full,A,tool,near_release,family0040_detach,family0040,4,3.3565698540769517,5.635057401377708
full,A,all,near_release,family0040_detach,family0040,4,2.5755988899618387,4.161150776781142
full,A,target,all,family0040_engage_pull,family0040,21,0.9684744193994751,1.4691594516902806
full,A,target,engage_pull,family0040_engage_pull,family0040,21,0.9684744193994751,1.4691594516902806
full,A,target,stationary,family0040_engage_pull,family0040,3,1.0209198808297515,1.430700804727773
full,A,tool,all,family0040_engage_pull,family0040,21,1.2527708507453401,1.8239129622954697
full,A,tool,engage_pull,family0040_engage_pull,family0040,21,1.2527708507453401,1.8239129622954697
full,A,tool,stationary,family0040_engage_pull,family0040,3,2.523028524592519,3.5518703904623785
full,A,all,all,family0040_engage_pull,family0040,21,1.110622617748699,1.6465362056069786
full,A,all,engage_pull,family0040_engage_pull,family0040,21,1.110622617748699,1.6465362056069786
full,A,all,stationary,family0040_engage_pull,family0040,3,1.7719740280881524,2.4912855199848614
full,A,target,near_establish,family0040_engage_pull,family0040,5,1.67554235085845,2.85723980050534
full,A,tool,near_establish,family0040_engage_pull,family0040,5,1.7767643323168159,3.1277766916900873
full,A,all,near_establish,family0040_engage_pull,family0040,5,1.7261531902477145,2.992508187890053
full,A,target,moving,family0040_engage_pull,family0040,18,0.9597335091610957,1.475569226184032
full,A,tool,moving,family0040_engage_pull,family0040,18,1.041061238437477,1.535920057600985
full,A,all,moving,family0040_engage_pull,family0040,18,1.0003973826921235,1.5057446532106649
full,A,target,all,family0040_pass_by,family0040,21,0.7095302044901819,0.7774890622212773
full,A,target,pass_by,family0040_pass_by,family0040,21,0.7095302044901819,0.7774890622212773
full,A,target,stationary,family0040_pass_by,family0040,21,0.7095302044901819,0.7774890622212773
full,A,tool,all,family0040_pass_by,family0040,21,0.7255272815070514,0.8008129343146547
full,A,tool,pass_by,family0040_pass_by,family0040,21,0.7255272815070514,0.8008129343146547
full,A,tool,stationary,family0040_pass_by,family0040,21,0.7255272815070514,0.8008129343146547
full,A,all,all,family0040_pass_by,family0040,21,0.7175287353761849,0.7891510308365381
full,A,all,pass_by,family0040_pass_by,family0040,21,0.7175287353761849,0.7891510308365381
full,A,all,stationary,family0040_pass_by,family0040,21,0.7175287353761849,0.7891510308365381
full,A,target,all,family0042_detach,family0042,21,1.4778743068399351,2.0310793867489942
full,A,target,detach,family0042_detach,family0042,21,1.4778743068399351,2.0310793867489942
full,A,target,stationary,family0042_detach,family0042,10,0.7397258799755946,1.1127387610031292
full,A,tool,all,family0042_detach,family0042,21,2.5671410867722617,3.7029268680184724
full,A,tool,detach,family0042_detach,family0042,21,2.5671410867722617,3.7029268680184724
full,A,tool,stationary,family0042_detach,family0042,10,2.081871760310605,2.5609424454160035
full,A,all,all,family0042_detach,family0042,21,2.0225077307605672,2.8670031599523056
full,A,all,detach,family0042_detach,family0042,21,2.0225077307605672,2.8670031599523056
full,A,all,stationary,family0042_detach,family0042,10,1.4107988274190575,1.8368406221270561
full,A,target,near_establish,family0042_detach,family0042,5,1.7002235748805106,2.678396017290652
full,A,tool,near_establish,family0042_detach,family0042,5,0.9002006496302783,1.1316576972603798
full,A,all,near_establish,family0042_detach,family0042,5,1.300212147179991,1.9050269154831767
full,A,target,moving,family0042_detach,family0042,11,2.1489183312620628,2.865934501063417
full,A,tool,moving,family0042_detach,family0042,11,3.008295019919222,4.7410945249298075
full,A,all,moving,family0042_detach,family0042,11,2.578606733798303,3.8035145579752596
full,B,target,near_release,family0040_detach,family0040,4,2.2607324353884906,3.030101303011179
full,B,tool,near_release,family0040_detach,family0040,4,3.333104483317584,5.449645570479333
full,B,all,near_release,family0040_detach,family0040,4,2.796918503008783,4.239873320329934
full,B,target,all,family0040_engage_pull,family0040,21,1.1591892550876808,1.8282024400486123
full,B,target,engage_pull,family0040_engage_pull,family0040,21,1.1591892550876808,1.8282024400486123
full,B,target,stationary,family0040_engage_pull,family0040,3,0.7470654672943056,1.0590680370417733
full,B,tool,all,family0040_engage_pull,family0040,21,1.5759153812680216,2.1549999253780006
full,B,tool,engage_pull,family0040_engage_pull,family0040,21,1.5759153812680216,2.1549999253780006
full,B,tool,stationary,family0040_engage_pull,family0040,3,2.9673592653125525,4.698333951334159
full,B,all,all,family0040_engage_pull,family0040,21,1.3675522613560869,1.991601153609476
full,B,all,engage_pull,family0040_engage_pull,family0040,21,1.3675522613560869,1.991601153609476
full,B,all,stationary,family0040_engage_pull,family0040,3,1.8572123566021521,2.8787009650841355
full,B,target,near_establish,family0040_engage_pull,family0040,5,2.170805330388248,3.6920137121342123
full,B,tool,near_establish,family0040_engage_pull,family0040,5,2.731939358636737,4.538390785455704
full,B,all,near_establish,family0040_engage_pull,family0040,5,2.4513722397387028,4.115202184766531
full,B,target,moving,family0040_engage_pull,family0040,18,1.2278765530532434,1.9563915072164189
full,B,tool,moving,family0040_engage_pull,family0040,18,1.3440080672605998,1.7311109210519742
full,B,all,moving,family0040_engage_pull,family0040,18,1.2859422454817429,1.843751185030366
full,B,target,all,family0040_pass_by,family0040,21,0.8563917667959773,0.9143157013958054
full,B,target,pass_by,family0040_pass_by,family0040,21,0.8563917667959773,0.9143157013958054
full,B,target,stationary,family0040_pass_by,family0040,21,0.8563917667959773,0.9143157013958054
full,B,tool,all,family0040_pass_by,family0040,21,0.7091456514206671,0.9563481934102518
full,B,tool,pass_by,family0040_pass_by,family0040,21,0.7091456514206671,0.9563481934102518
full,B,tool,stationary,family0040_pass_by,family0040,21,0.7091456514206671,0.9563481934102518
full,B,all,all,family0040_pass_by,family0040,21,0.7827687437557393,0.9353319210709915
full,B,all,pass_by,family0040_pass_by,family0040,21,0.7827687437557393,0.9353319210709915
full,B,all,stationary,family0040_pass_by,family0040,21,0.7827687437557393,0.9353319210709915
full,B,target,all,family0042_detach,family0042,21,1.5216296804802758,2.320847274469478
full,B,target,detach,family0042_detach,family0042,21,1.5216296804802758,2.320847274469478
full,B,target,stationary,family0042_detach,family0042,10,0.8419562131166458,1.0248350561596453
full,B,tool,all,family0042_detach,family0042,21,2.7180285902605172,3.92358676098021
full,B,tool,detach,family0042_detach,family0042,21,2.7180285902605172,3.92358676098021
full,B,tool,stationary,family0042_detach,family0042,10,2.469222422223538,2.8485915274359286
full,B,all,all,family0042_detach,family0042,21,2.1198291797190905,3.12221697753384
full,B,all,detach,family0042_detach,family0042,21,2.1198291797190905,3.12221697753384
full,B,all,stationary,family0042_detach,family0042,10,1.6555893584154546,1.9367132219485939
full,B,target,near_establish,family0042_detach,family0042,5,1.505182683467865,2.531732711941004
full,B,tool,near_establish,family0042_detach,family0042,5,1.1548819951713085,1.7907753470353782
full,B,all,near_establish,family0042_detach,family0042,5,1.3300323160365224,2.161253965459764
full,B,target,moving,family0042_detach,family0042,11,2.1395146508108485,3.4990402002056893
full,B,tool,moving,family0042_detach,family0042,11,2.9442160157486796,4.900855155111375
full,B,all,moving,family0042_detach,family0042,11,2.541865380904214,4.199947664429518
full,C,target,near_release,family0040_detach,family0040,4,4.013747558929026,4.405656072776765
full,C,tool,near_release,family0040_detach,family0040,4,4.499067785218358,4.194755922071636
full,C,all,near_release,family0040_detach,family0040,4,4.256407322827727,4.300205910112709
full,C,target,all,family0040_engage_pull,family0040,21,1.461609108706138,2.1259420429400744
full,C,target,engage_pull,family0040_engage_pull,family0040,21,1.461609108706138,2.1259420429400744
full,C,target,stationary,family0040_engage_pull,family0040,3,1.4725738437846303,2.018378620656828
full,C,tool,all,family0040_engage_pull,family0040,21,1.8792108832193273,2.3434577908899104
full,C,tool,engage_pull,family0040_engage_pull,family0040,21,1.8792108832193273,2.3434577908899104
full,C,tool,stationary,family0040_engage_pull,family0040,3,3.353830659762025,4.4863341220964985
full,C,all,all,family0040_engage_pull,family0040,21,1.6704100361537366,2.2346999113714054
full,C,all,engage_pull,family0040_engage_pull,family0040,21,1.6704100361537366,2.2346999113714054
full,C,all,stationary,family0040_engage_pull,family0040,3,2.4132024652014175,3.2523563907792172
full,C,target,near_establish,family0040_engage_pull,family0040,5,2.501675602979958,4.4892450561746955
full,C,tool,near_establish,family0040_engage_pull,family0040,5,2.5006497744470835,4.304013587534428
full,C,all,near_establish,family0040_engage_pull,family0040,5,2.501162653788924,4.396629333496094
full,C,target,moving,family0040_engage_pull,family0040,18,1.4597816528597225,2.1438692799872823
full,C,tool,moving,family0040_engage_pull,family0040,18,1.633440920462211,1.9863117356888123
full,C,all,moving,family0040_engage_pull,family0040,18,1.5466112979791231,2.0650904981367706
full,C,target,all,family0040_pass_by,family0040,21,1.115909500402354,1.3517902421188497
full,C,target,pass_by,family0040_pass_by,family0040,21,1.115909500402354,1.3517902421188497
full,C,target,stationary,family0040_pass_by,family0040,21,1.115909500402354,1.3517902421188497
full,C,tool,all,family0040_pass_by,family0040,21,1.213789776167167,1.2001148840811635
full,C,tool,pass_by,family0040_pass_by,family0040,21,1.213789776167167,1.2001148840811635
full,C,tool,stationary,family0040_pass_by,family0040,21,1.213789776167167,1.2001148840811635
full,C,all,all,family0040_pass_by,family0040,21,1.1648496563014175,1.2759525423115563
full,C,all,pass_by,family0040_pass_by,family0040,21,1.1648496563014175,1.2759525423115563
full,C,all,stationary,family0040_pass_by,family0040,21,1.1648496563014175,1.2759525423115563
full,C,target,all,family0042_detach,family0042,21,2.508791792760825,3.454600144842906
full,C,target,detach,family0042_detach,family0042,21,2.508791792760825,3.454600144842906
full,C,target,stationary,family0042_detach,family0042,10,1.6127475711982697,1.8492924165911973
full,C,tool,all,family0042_detach,family0042,21,3.447168124174433,3.6796833765471266
full,C,tool,detach,family0042_detach,family0042,21,3.447168124174433,3.6796833765471266
full,C,tool,stationary,family0042_detach,family0042,10,2.9173544025979936,3.236634680069983
full,C,all,all,family0042_detach,family0042,21,2.9779799903432527,3.567141724661702
full,C,all,detach,family0042_detach,family0042,21,2.9779799903432527,3.567141724661702
full,C,all,stationary,family0042_detach,family0042,10,2.2650509839877486,2.5429634493775666
full,C,target,near_establish,family0042_detach,family0042,5,1.7341864993795753,2.9916460625827312
full,C,tool,near_establish,family0042_detach,family0042,5,1.501117809675634,1.8281494500115514
full,C,all,near_establish,family0042_detach,family0042,5,1.617652177810669,2.4098978145048022
full,C,target,moving,family0042_detach,family0042,11,3.323377448726784,4.913970806889913
full,C,tool,moving,family0042_detach,family0042,11,3.9288169619711963,4.082454918799075
full,C,all,moving,family0042_detach,family0042,11,3.6260972688482567,4.498212884010917
full,stationary,target,near_release,family0042_detach,family0042,4,4.395734642301363,5.91163328090083
full,stationary,tool,near_release,family0042_detach,family0042,4,20.50707722082734,33.33884850144386
full,stationary,all,near_release,family0042_detach,family0042,4,12.451405171304941,19.625240471214056
full,stationary,target,all,family0042_engage_pull,family0042,21,5.159841187913609,8.774797421524248
full,stationary,target,engage_pull,family0042_engage_pull,family0042,21,5.159841187913609,8.774797421524248
full,stationary,target,stationary,family0042_engage_pull,family0042,4,0.018444828892683063,0.09214721177164265
full,stationary,tool,all,family0042_engage_pull,family0042,21,6.581193440416384,11.152528692036867
full,stationary,tool,engage_pull,family0042_engage_pull,family0042,21,6.581193440416384,11.152528692036867
full,stationary,tool,stationary,family0042_engage_pull,family0042,4,4.973981209332123,9.254191187210381
full,stationary,all,all,family0042_engage_pull,family0042,21,5.870517096593089,9.963662929034658
full,stationary,all,engage_pull,family0042_engage_pull,family0042,21,5.870517096593089,9.963662929034658
full,stationary,all,stationary,family0042_engage_pull,family0042,4,2.4962129391497,4.6731692855246365
full,stationary,target,near_establish,family0042_engage_pull,family0042,5,2.143509247602182,4.3044442030431895
full,stationary,tool,near_establish,family0042_engage_pull,family0042,5,6.959692575037479,11.596678756177425
full,stationary,all,near_establish,family0042_engage_pull,family0042,5,4.551600804552436,7.950561214238405
full,stationary,target,moving,family0042_engage_pull,family0042,17,6.369581507683239,10.817773941466037
full,stationary,tool,moving,family0042_engage_pull,family0042,17,6.959361024200916,11.599196340231334
full,stationary,all,moving,family0042_engage_pull,family0042,17,6.664471015991533,11.208484962801723
full,stationary,target,all,family0042_pass_by,family0042,21,2.1995605886935382e-05,2.3966174462975415e-05
full,stationary,target,pass_by,family0042_pass_by,family0042,21,2.1995605886935382e-05,2.3966174462975415e-05
full,stationary,target,stationary,family0042_pass_by,family0042,21,2.1995605886935382e-05,2.3966174462975415e-05
full,stationary,tool,all,family0042_pass_by,family0042,21,6.970071721644628,11.693600033010755
full,stationary,tool,pass_by,family0042_pass_by,family0042,21,6.970071721644628,11.693600033010755
full,stationary,tool,stationary,family0042_pass_by,family0042,21,6.970071721644628,11.693600033010755
full,stationary,all,all,family0042_pass_by,family0042,21,3.4850469258214747,5.846812012827113
full,stationary,all,pass_by,family0042_pass_by,family0042,21,3.4850469258214747,5.846812012827113
full,stationary,all,stationary,family0042_pass_by,family0042,21,3.4850469258214747,5.846812012827113
full,stationary,target,all,family0051_detach,family0051,21,4.249854198694233,7.006481614290674
full,stationary,target,detach,family0051_detach,family0051,21,4.249854198694233,7.006481614290674
full,stationary,target,stationary,family0051_detach,family0051,11,0.08646098683842948,0.16790686136023616
full,stationary,tool,all,family0051_detach,family0051,21,15.295838094538166,25.59720321247975
full,stationary,tool,detach,family0051_detach,family0051,21,15.295838094538166,25.59720321247975
full,stationary,tool,stationary,family0051_detach,family0051,11,14.113916761495851,23.269140754233707
full,stationary,all,all,family0051_detach,family0051,21,9.772846286761618,16.301842029428197
full,stationary,all,detach,family0051_detach,family0051,21,9.772846286761618,16.301842029428197
full,stationary,all,stationary,family0051_detach,family0051,11,7.100189083509824,11.718523730947213
full,stationary,target,near_establish,family0051_detach,family0051,5,3.0002805475341177,5.974236023716983
full,stationary,tool,near_establish,family0051_detach,family0051,5,7.172376569360495,12.395544350147247
full,stationary,all,near_establish,family0051_detach,family0051,5,5.086328694596887,9.184890240430832
full,stationary,target,moving,family0051_detach,family0051,10,8.829586731735617,14.528913842514157
full,stationary,tool,moving,family0051_detach,family0051,10,16.595951560884714,28.158071916550398
full,stationary,all,moving,family0051_detach,family0051,10,12.712769210338593,21.343492157757282
full,constant_velocity,target,near_release,family0042_detach,family0042,4,4.410105670103803,8.727693988475949
full,constant_velocity,tool,near_release,family0042_detach,family0042,4,6.654708915448282,12.539563278551213
full,constant_velocity,all,near_release,family0042_detach,family0042,4,5.532407260034233,10.633629164658487
full,constant_velocity,target,all,family0042_engage_pull,family0042,21,0.4461012602354975,0.9390966391661001
full,constant_velocity,target,engage_pull,family0042_engage_pull,family0042,21,0.4461012602354975,0.9390966391661001
full,constant_velocity,target,stationary,family0042_engage_pull,family0042,4,0.018496495655107026,0.09222879543546725
full,constant_velocity,tool,all,family0042_engage_pull,family0042,21,0.30856202171153635,0.699606410870772
full,constant_velocity,tool,engage_pull,family0042_engage_pull,family0042,21,0.30856202171153635,0.699606410870772
full,constant_velocity,tool,stationary,family0042_engage_pull,family0042,4,1.5755200377043366,3.5929363680224924
full,constant_velocity,all,all,family0042_engage_pull,family0042,21,0.3773316593759817,0.8193514696965091
full,constant_velocity,all,engage_pull,family0042_engage_pull,family0042,21,0.3773316593759817,0.8193514696965091
full,constant_velocity,all,stationary,family0042_engage_pull,family0042,4,0.7970083752297796,1.8425824637233745
full,constant_velocity,target,near_establish,family0042_engage_pull,family0042,5,1.8626796708964832,3.9228176473905307
full,constant_velocity,tool,near_establish,family0042_engage_pull,family0042,5,0.08926955251808977,0.15326997636293527
full,constant_velocity,all,near_establish,family0042_engage_pull,family0042,5,0.9759746084455401,2.038043676293455
full,constant_velocity,target,moving,family0042_engage_pull,family0042,17,0.5467141460191188,1.1383596612203666
full,constant_velocity,tool,moving,family0042_engage_pull,family0042,17,0.010454253242642153,0.01882289154095548
full,constant_velocity,all,moving,family0042_engage_pull,family0042,17,0.27858419682214686,0.5785912358078349
full,constant_velocity,target,all,family0042_pass_by,family0042,21,9.40863725553581e-05,0.00014718092801656115
full,constant_velocity,target,pass_by,family0042_pass_by,family0042,21,9.40863725553581e-05,0.00014718092801656115
full,constant_velocity,target,stationary,family0042_pass_by,family0042,21,9.40863725553581e-05,0.00014718092801656115
full,constant_velocity,tool,all,family0042_pass_by,family0042,21,0.24224931087788026,0.48000425602454233
full,constant_velocity,tool,pass_by,family0042_pass_by,family0042,21,0.24224931087788026,0.48000425602454233
full,constant_velocity,tool,stationary,family0042_pass_by,family0042,21,0.24224931087788026,0.48000425602454233
full,constant_velocity,all,all,family0042_pass_by,family0042,21,0.12117167987179571,0.24007573175107869
full,constant_velocity,all,pass_by,family0042_pass_by,family0042,21,0.12117167987179571,0.24007573175107869
full,constant_velocity,all,stationary,family0042_pass_by,family0042,21,0.12117167987179571,0.24007573175107869
full,constant_velocity,target,all,family0051_detach,family0051,21,1.8659801133744447,3.764501794864015
full,constant_velocity,target,detach,family0051_detach,family0051,21,1.8659801133744447,3.764501794864015
full,constant_velocity,target,stationary,family0051_detach,family0051,11,0.4479707525730186,0.8573489980805831
full,constant_velocity,tool,all,family0051_detach,family0051,21,3.36385046462272,6.8793674301040095
full,constant_velocity,tool,detach,family0051_detach,family0051,21,3.36385046462272,6.8793674301040095
full,constant_velocity,tool,stationary,family0051_detach,family0051,11,1.6856144152784096,3.3943844904239415
full,constant_velocity,all,all,family0051_detach,family0051,21,2.6149151287557157,5.321934678033271
full,constant_velocity,all,detach,family0051_detach,family0051,21,2.6149151287557157,5.321934678033271
full,constant_velocity,all,stationary,family0051_detach,family0051,11,1.066792547962078,2.125866827885726
full,constant_velocity,target,near_establish,family0051_detach,family0051,5,2.774619720407401,5.626879791554984
full,constant_velocity,tool,near_establish,family0051_detach,family0051,5,0.3702694759340375,1.4982480977778323
full,constant_velocity,all,near_establish,family0051_detach,family0051,5,1.572444574412657,3.5625639073259663
full,constant_velocity,target,moving,family0051_detach,family0051,10,3.4257904102560133,6.962369871325791
full,constant_velocity,tool,moving,family0051_detach,family0051,10,5.209910118901462,10.712848663752084
full,constant_velocity,all,moving,family0051_detach,family0051,10,4.317849967628717,8.837609313195571
full,A,target,near_release,family0042_detach,family0042,4,1.4634642575401813,1.89846615830902
full,A,tool,near_release,family0042_detach,family0042,4,3.0172981205396354,4.6907454379834235
full,A,all,near_release,family0042_detach,family0042,4,2.2403810580726713,3.2946057326626033
full,A,target,all,family0042_engage_pull,family0042,21,0.9230557549190486,1.3840921622301852
full,A,target,engage_pull,family0042_engage_pull,family0042,21,0.9230557549190486,1.3840921622301852
full,A,target,stationary,family0042_engage_pull,family0042,4,1.021154414047487,1.841885328758508
full,A,tool,all,family0042_engage_pull,family0042,21,1.0424598197763164,1.4259803685404004
full,A,tool,engage_pull,family0042_engage_pull,family0042,21,1.0424598197763164,1.4259803685404004
full,A,tool,stationary,family0042_engage_pull,family0042,4,1.9394508271943778,1.986151488381438
full,A,all,all,family0042_engage_pull,family0042,21,0.9827577658662838,1.4050362265801855
full,A,all,engage_pull,family0042_engage_pull,family0042,21,0.9827577658662838,1.4050362265801855
full,A,all,stationary,family0042_engage_pull,family0042,4,1.4803025842411444,1.9140183576382697
full,A,target,near_establish,family0042_engage_pull,family0042,5,1.720318861771375,2.5426839478313923
full,A,tool,near_establish,family0042_engage_pull,family0042,5,0.7633081637322903,1.1100747855380177
full,A,all,near_establish,family0042_engage_pull,family0042,5,1.2418134952895343,1.8263793783262372
full,A,target,moving,family0042_engage_pull,family0042,17,0.899973717477063,1.2763761230470503
full,A,tool,moving,family0042_engage_pull,family0042,17,0.8314031121485373,1.2941753991660387
full,A,all,moving,family0042_engage_pull,family0042,17,0.8656883968369049,1.285275725154754
full,A,target,all,family0042_pass_by,family0042,21,0.5755293795595035,0.5399579406782452
full,A,target,pass_by,family0042_pass_by,family0042,21,0.5755293795595035,0.5399579406782452
full,A,target,stationary,family0042_pass_by,family0042,21,0.5755293795595035,0.5399579406782452
full,A,tool,all,family0042_pass_by,family0042,21,0.7009016671439722,0.8938903643173122
full,A,tool,pass_by,family0042_pass_by,family0042,21,0.7009016671439722,0.8938903643173122
full,A,tool,stationary,family0042_pass_by,family0042,21,0.7009016671439722,0.8938903643173122
full,A,all,all,family0042_pass_by,family0042,21,0.638215533745963,0.71692413517407
full,A,all,pass_by,family0042_pass_by,family0042,21,0.638215533745963,0.71692413517407
full,A,all,stationary,family0042_pass_by,family0042,21,0.638215533745963,0.71692413517407
full,A,target,all,family0051_detach,family0051,21,1.5608635329131393,2.2546385825123814
full,A,target,detach,family0051_detach,family0051,21,1.5608635329131393,2.2546385825123814
full,A,target,stationary,family0051_detach,family0051,11,0.7931915593375876,1.1760375504805283
full,A,tool,all,family0051_detach,family0051,21,2.421638859058952,3.483119503861027
full,A,tool,detach,family0051_detach,family0051,21,2.421638859058952,3.483119503861027
full,A,tool,stationary,family0051_detach,family0051,11,1.7148430871946567,2.330861922184175
full,A,all,all,family0051_detach,family0051,21,1.9912511648033702,2.8688790320995308
full,A,all,detach,family0051_detach,family0051,21,1.9912511648033702,2.8688790320995308
full,A,all,stationary,family0051_detach,family0051,11,1.2540172901935875,1.7534497045827182
full,A,target,near_establish,family0051_detach,family0051,5,1.7849440686404705,2.8855694457888603
full,A,tool,near_establish,family0051_detach,family0051,5,0.9782236884348094,1.441235770471394
full,A,all,near_establish,family0051_detach,family0051,5,1.381583884358406,2.163402480073273
full,A,target,moving,family0051_detach,family0051,10,2.405302703846246,3.44109971774742
full,A,tool,moving,family0051_detach,family0051,10,3.199114208109677,4.750602843705565
full,A,all,moving,family0051_detach,family0051,10,2.802208426874131,4.095851292368025
full,B,target,near_release,family0042_detach,family0042,4,1.8800566613208503,2.609376417240128
full,B,tool,near_release,family0042_detach,family0042,4,2.7651816490106285,4.045325214974582
full,B,all,near_release,family0042_detach,family0042,4,2.322619198821485,3.327350888866931
full,B,target,all,family0042_engage_pull,family0042,21,1.1159790585571456,1.6191895452461071
full,B,target,engage_pull,family0042_engage_pull,family0042,21,1.1159790585571456,1.6191895452461071
full,B,target,stationary,family0042_engage_pull,family0042,4,0.927177447010763,1.3185910356696695
full,B,tool,all,family0042_engage_pull,family0042,21,1.0748709457749057,1.3863264244892413
full,B,tool,engage_pull,family0042_engage_pull,family0042,21,1.0748709457749057,1.3863264244892413
full,B,tool,stationary,family0042_engage_pull,family0042,4,1.6944298695307225,2.2282947902567685
full,B,all,all,family0042_engage_pull,family0042,21,1.0954249716762985,1.502757964079224
full,B,all,engage_pull,family0042_engage_pull,family0042,21,1.0954249716762985,1.502757964079224
full,B,all,stationary,family0042_engage_pull,family0042,4,1.3108036655467004,1.7734429275151342
full,B,target,near_establish,family0042_engage_pull,family0042,5,1.607870205771178,2.3327111965045333
full,B,tool,near_establish,family0042_engage_pull,family0042,5,0.9527383372187614,1.3882693834602833
full,B,all,near_establish,family0042_engage_pull,family0042,5,1.280304288957268,1.860490208491683
full,B,target,moving,family0042_engage_pull,family0042,17,1.1604029671562945,1.6899186063229161
full,B,tool,moving,family0042_engage_pull,family0042,17,0.9290923754794195,1.1882162207792348
full,B,all,moving,family0042_engage_pull,family0042,17,1.0447476319420863,1.439067384447245
full,B,target,all,family0042_pass_by,family0042,21,0.700177486231994,0.6372484231611625
full,B,target,pass_by,family0042_pass_by,family0042,21,0.700177486231994,0.6372484231611625
full,B,target,stationary,family0042_pass_by,family0042,21,0.700177486231994,0.6372484231611625
full,B,tool,all,family0042_pass_by,family0042,21,0.6991285703233665,0.8469781439219203
full,B,tool,pass_by,family0042_pass_by,family0042,21,0.6991285703233665,0.8469781439219203
full,B,tool,stationary,family0042_pass_by,family0042,21,0.6991285703233665,0.8469781439219203
full,B,all,all,family0042_pass_by,family0042,21,0.6996530379789571,0.7421132648319361
full,B,all,pass_by,family0042_pass_by,family0042,21,0.6996530379789571,0.7421132648319361
full,B,all,stationary,family0042_pass_by,family0042,21,0.6996530379789571,0.7421132648319361
full,B,target,all,family0051_detach,family0051,21,1.5911631746261956,2.3306302526699647
full,B,target,detach,family0051_detach,family0051,21,1.5911631746261956,2.3306302526699647
full,B,target,stationary,family0051_detach,family0051,11,1.0540813514539464,1.3170541391115298
full,B,tool,all,family0051_detach,family0051,21,3.039744050641145,4.170818925125613
full,B,tool,detach,family0051_detach,family0051,21,3.039744050641145,4.170818925125613
full,B,tool,stationary,family0051_detach,family0051,11,2.941429339857264,3.1799488616260616
full,B,all,all,family0051_detach,family0051,21,2.31545359184522,3.250724591669582
full,B,all,detach,family0051_detach,family0051,21,2.31545359184522,3.250724591669582
full,B,all,stationary,family0051_detach,family0051,11,1.997755279510536,2.2485014897855846
full,B,target,near_establish,family0051_detach,family0051,5,1.650011248420924,2.7102929074317217
full,B,tool,near_establish,family0051_detach,family0051,5,1.6263452358543873,2.7001210721209645
full,B,all,near_establish,family0051_detach,family0051,5,1.6381781781092286,2.70520718768239
full,B,target,moving,family0051_detach,family0051,10,2.18195318011567,3.445563977584243
full,B,tool,moving,family0051_detach,family0051,10,3.147890232503414,5.26077599497512
full,B,all,moving,family0051_detach,family0051,10,2.6649217354133725,4.35317000374198
full,C,target,near_release,family0042_detach,family0042,4,3.635882632806897,4.2693992727436125
full,C,tool,near_release,family0042_detach,family0042,4,4.275823128409684,3.2495050691068172
full,C,all,near_release,family0042_detach,family0042,4,3.955852473154664,3.7594519671984017
full,C,target,all,family0042_engage_pull,family0042,21,1.1241016826326293,1.5510364430069568
full,C,target,engage_pull,family0042_engage_pull,family0042,21,1.1241016826326293,1.5510364430069568
full,C,target,stationary,family0042_engage_pull,family0042,4,1.6579239454586059,2.3979212855920196
full,C,tool,all,family0042_engage_pull,family0042,21,1.4951329933302033,1.4404961174087865
full,C,tool,engage_pull,family0042_engage_pull,family0042,21,1.4951329933302033,1.4404961174087865
full,C,tool,stationary,family0042_engage_pull,family0042,4,2.5298530235886574,2.3525212018284947
full,C,all,all,family0042_engage_pull,family0042,21,1.3096172922468257,1.495766278821975
full,C,all,engage_pull,family0042_engage_pull,family0042,21,1.3096172922468257,1.495766278821975
full,C,all,stationary,family0042_engage_pull,family0042,4,2.093888382660225,2.3752212000545114
full,C,target,near_establish,family0042_engage_pull,family0042,5,1.793308393098414,2.7871783822774887
full,C,tool,near_establish,family0042_engage_pull,family0042,5,1.3856125064194202,1.5596939716488123
full,C,all,near_establish,family0042_engage_pull,family0042,5,1.5894604614004493,2.1734362235292792
full,C,target,moving,family0042_engage_pull,family0042,17,0.9984964443206349,1.3517694212222362
full,C,tool,moving,family0042_engage_pull,family0042,17,1.2516694567988025,1.2259019798982669
full,C,all,moving,family0042_engage_pull,family0042,17,1.1250829180319082,1.2888357091202016
full,C,target,all,family0042_pass_by,family0042,21,1.1617211996400285,1.2925441232731654
full,C,target,pass_by,family0042_pass_by,family0042,21,1.1617211996400285,1.2925441232731654
full,C,target,stationary,family0042_pass_by,family0042,21,1.1617211996400285,1.2925441232731654
full,C,tool,all,family0042_pass_by,family0042,21,1.376015677427252,1.2161780309508599
full,C,tool,pass_by,family0042_pass_by,family0042,21,1.376015677427252,1.2161780309508599
full,C,tool,stationary,family0042_pass_by,family0042,21,1.376015677427252,1.2161780309508599
full,C,all,all,family0042_pass_by,family0042,21,1.2688684565502972,1.254361089585083
full,C,all,pass_by,family0042_pass_by,family0042,21,1.2688684565502972,1.254361089585083
full,C,all,stationary,family0042_pass_by,family0042,21,1.2688684565502972,1.254361089585083
full,C,target,all,family0051_detach,family0051,21,2.3884510765561746,3.3361472887918353
full,C,target,detach,family0051_detach,family0051,21,2.3884510765561746,3.3361472887918353
full,C,target,stationary,family0051_detach,family0051,11,1.4941846443848177,1.8939231416549196
full,C,tool,all,family0051_detach,family0051,21,3.3059349738150123,3.658461584044354
full,C,tool,detach,family0051_detach,family0051,21,3.3059349738150123,3.658461584044354
full,C,tool,stationary,family0051_detach,family0051,11,2.5594749445603653,2.9051361224529417
full,C,all,all,family0051_detach,family0051,21,2.8471931471445022,3.4973043394053267
full,C,all,detach,family0051_detach,family0051,21,2.8471931471445022,3.4973043394053267
full,C,all,stationary,family0051_detach,family0051,11,2.0268298156390134,2.3995295526798475
full,C,target,near_establish,family0051_detach,family0051,5,1.9102276302874088,3.254989325068891
full,C,tool,near_establish,family0051_detach,family0051,5,1.7385568702593446,2.57552454713732
full,C,all,near_establish,family0051_detach,family0051,5,1.8243922153487802,2.9152567964047194
full,C,target,moving,family0051_detach,family0051,10,3.372144151944667,4.922593850642443
full,C,tool,moving,family0051_detach,family0051,10,4.127041005995125,4.487119591794908
full,C,all,moving,family0051_detach,family0051,10,3.7495928118005395,4.7048566048033535
full,stationary,target,near_release,family0051_detach,family0051,5,4.8462802193323995,6.663365319429637
full,stationary,tool,near_release,family0051_detach,family0051,5,20.906837284564972,34.12613570690155
full,stationary,all,near_release,family0051_detach,family0051,5,12.876558490097523,20.394750125706196
full,stationary,target,all,family0051_engage_pull,family0051,21,5.6840970182824675,9.625476759952601
full,stationary,target,engage_pull,family0051_engage_pull,family0051,21,5.6840970182824675,9.625476759952601
full,stationary,target,stationary,family0051_engage_pull,family0051,3,0.07462053847658486,0.37302866426713877
full,stationary,tool,all,family0051_engage_pull,family0051,21,6.937679612920398,11.60224833126579
full,stationary,tool,engage_pull,family0051_engage_pull,family0051,21,6.937679612920398,11.60224833126579
full,stationary,tool,stationary,family0051_engage_pull,family0051,3,6.588009496529897,11.255002270142237
full,stationary,all,all,family0051_engage_pull,family0051,21,6.310888311071765,10.613862713355394
full,stationary,all,engage_pull,family0051_engage_pull,family0051,21,6.310888311071765,10.613862713355394
full,stationary,all,stationary,family0051_engage_pull,family0051,3,3.331314849977692,5.81401539966464
full,stationary,target,near_establish,family0051_engage_pull,family0051,5,2.826312470828185,5.345664438896236
full,stationary,tool,near_establish,family0051_engage_pull,family0051,5,6.994089391082525,11.65360901504755
full,stationary,all,near_establish,family0051_engage_pull,family0051,5,4.910200973972678,8.499636873602867
full,stationary,target,moving,family0051_engage_pull,family0051,18,6.619009764916781,11.167551442566845
full,stationary,tool,moving,family0051_engage_pull,family0051,18,6.995957965652148,11.660122674786383
full,stationary,all,moving,family0051_engage_pull,family0051,18,6.807483887920777,11.413837265637186
full,stationary,target,all,family0051_pass_by,family0051,21,2.3930020885489155e-05,2.2551197036741704e-05
full,stationary,target,pass_by,family0051_pass_by,family0051,21,2.3930020885489155e-05,2.2551197036741704e-05
full,stationary,target,stationary,family0051_pass_by,family0051,21,2.3930020885489155e-05,2.2551197036741704e-05
full,stationary,tool,all,family0051_pass_by,family0051,21,7.568837187829471,12.618147191547212
full,stationary,tool,pass_by,family0051_pass_by,family0051,21,7.568837187829471,12.618147191547212
full,stationary,tool,stationary,family0051_pass_by,family0051,21,7.568837187829471,12.618147191547212
full,stationary,all,all,family0051_pass_by,family0051,21,3.7844305791492974,6.3090849712136245
full,stationary,all,pass_by,family0051_pass_by,family0051,21,3.7844305791492974,6.3090849712136245
full,stationary,all,stationary,family0051_pass_by,family0051,21,3.7844305791492974,6.3090849712136245
full,stationary,target,all,family0052_detach,family0052,21,4.429561672895892,7.366518903884089
full,stationary,target,detach,family0052_detach,family0052,21,4.429561672895892,7.366518903884089
full,stationary,target,stationary,family0052_detach,family0052,10,0.0002811298417171315,0.00034508594559667927
full,stationary,tool,all,family0052_detach,family0052,21,14.271374581204284,24.01251835925948
full,stationary,tool,detach,family0052_detach,family0052,21,14.271374581204284,24.01251835925948
full,stationary,tool,stationary,family0052_detach,family0052,10,11.51261709164828,19.31825396604836
full,stationary,all,all,family0052_detach,family0052,21,9.35046798327849,15.689518568771225
full,stationary,all,detach,family0052_detach,family0052,21,9.35046798327849,15.689518568771225
full,stationary,all,stationary,family0052_detach,family0052,10,5.756449163891375,9.659299161285162
full,stationary,target,near_establish,family0052_detach,family0052,4,3.1640933383134673,6.71855043926417
full,stationary,tool,near_establish,family0052_detach,family0052,4,6.905245827510953,12.385045178234577
full,stationary,all,near_establish,family0052_detach,family0052,4,5.034669360611588,9.551797644235194
full,stationary,target,moving,family0052_detach,family0052,11,8.456180348399688,14.063040556555444
full,stationary,tool,moving,family0052_detach,family0052,11,16.779335935346104,28.28003144399686
full,stationary,all,moving,family0052_detach,family0052,11,12.617757819084959,21.171536211940374
full,constant_velocity,target,near_release,family0051_detach,family0051,5,3.245880827141434,6.493124857888688
full,constant_velocity,tool,near_release,family0051_detach,family0051,5,5.72641824837774,11.508646025322378
full,constant_velocity,all,near_release,family0051_detach,family0051,5,4.486149409785867,9.000885765999556
full,constant_velocity,target,all,family0051_engage_pull,family0051,21,0.6310578853418273,1.2096412321559076
full,constant_velocity,target,engage_pull,family0051_engage_pull,family0051,21,0.6310578853418273,1.2096412321559076
full,constant_velocity,target,stationary,family0051_engage_pull,family0051,3,0.07467023765291476,0.37309992029103495
full,constant_velocity,tool,all,family0051_engage_pull,family0051,21,0.28691900890212957,0.5188452371601757
full,constant_velocity,tool,engage_pull,family0051_engage_pull,family0051,21,0.28691900890212957,0.5188452371601757
full,constant_velocity,tool,stationary,family0051_engage_pull,family0051,3,1.9353253255758318,3.5077436732535716
full,constant_velocity,all,all,family0051_engage_pull,family0051,21,0.4589884492707781,0.8642432366330122
full,constant_velocity,all,engage_pull,family0051_engage_pull,family0051,21,0.4589884492707781,0.8642432366330122
full,constant_velocity,all,stationary,family0051_engage_pull,family0051,3,1.0049977075444378,1.9404219431938448
full,constant_velocity,target,near_establish,family0051_engage_pull,family0051,5,2.615099995859538,5.015192712482985
full,constant_velocity,tool,near_establish,family0051_engage_pull,family0051,5,0.03768853475776268,0.06499711598735303
full,constant_velocity,all,near_establish,family0051_engage_pull,family0051,5,1.3263943190395366,2.540094841242535
full,constant_velocity,target,moving,family0051_engage_pull,family0051,18,0.723789159956646,1.3490647841333865
full,constant_velocity,tool,moving,family0051_engage_pull,family0051,18,0.01218462278984589,0.020695497811276355
full,constant_velocity,all,moving,family0051_engage_pull,family0051,18,0.36798690622516816,0.6848801188728734
full,constant_velocity,target,all,family0051_pass_by,family0051,21,8.413354922795624e-05,0.00012762236017189416
full,constant_velocity,target,pass_by,family0051_pass_by,family0051,21,8.413354922795624e-05,0.00012762236017189416
full,constant_velocity,target,stationary,family0051_pass_by,family0051,21,8.413354922795624e-05,0.00012762236017189416
full,constant_velocity,tool,all,family0051_pass_by,family0051,21,0.3617030166272646,0.6059885482673486
full,constant_velocity,tool,pass_by,family0051_pass_by,family0051,21,0.3617030166272646,0.6059885482673486
full,constant_velocity,tool,stationary,family0051_pass_by,family0051,21,0.3617030166272646,0.6059885482673486
full,constant_velocity,all,all,family0051_pass_by,family0051,21,0.18089359473703684,0.3030580919693464
full,constant_velocity,all,pass_by,family0051_pass_by,family0051,21,0.18089359473703684,0.3030580919693464
full,constant_velocity,all,stationary,family0051_pass_by,family0051,21,0.18089359473703684,0.3030580919693464
full,constant_velocity,target,all,family0052_detach,family0052,21,1.6034018006088164,3.311638440123943
full,constant_velocity,target,detach,family0052_detach,family0052,21,1.6034018006088164,3.311638440123943
full,constant_velocity,target,stationary,family0052_detach,family0052,10,0.389518008805112,0.649170902946139
full,constant_velocity,tool,all,family0052_detach,family0052,21,3.1030366762284496,6.536578887140162
full,constant_velocity,tool,detach,family0052_detach,family0052,21,3.1030366762284496,6.536578887140162
full,constant_velocity,tool,stationary,family0052_detach,family0052,10,1.841514639045272,3.4032981528071105
full,constant_velocity,all,all,family0052_detach,family0052,21,2.35321935408484,4.924108655770743
full,constant_velocity,all,detach,family0052_detach,family0052,21,2.35321935408484,4.924108655770743
full,constant_velocity,all,stationary,family0052_detach,family0052,10,1.115516334266431,2.0262345824903605
full,constant_velocity,target,near_establish,family0052_detach,family0052,4,2.1386132165872596,5.0505059096011
full,constant_velocity,tool,near_establish,family0052_detach,family0052,4,0.7364884745584277,2.6426876049754355
full,constant_velocity,all,near_establish,family0052_detach,family0052,4,1.4375509394426444,3.8465969179242165
full,constant_velocity,target,moving,family0052_detach,family0052,11,2.7069325204303656,5.732063473921946
full,constant_velocity,tool,moving,family0052_detach,family0052,11,4.249874891849521,9.385015918352027
full,constant_velocity,all,moving,family0052_detach,family0052,11,3.4784039175561206,7.558539631480182
full,A,target,near_release,family0051_detach,family0051,5,1.7820477718487382,2.2929074941203
full,A,tool,near_release,family0051_detach,family0051,5,3.2368890941143036,4.916265374049544
full,A,all,near_release,family0051_detach,family0051,5,2.5094683980569243,3.6045865388587117
full,A,target,all,family0051_engage_pull,family0051,21,0.8509858674924111,1.2087032692285167
full,A,target,engage_pull,family0051_engage_pull,family0051,21,0.8509858674924111,1.2087032692285167
full,A,target,stationary,family0051_engage_pull,family0051,3,1.1561510812801619,2.02270500206699
full,A,tool,all,family0051_engage_pull,family0051,21,0.7723753750767737,1.1694121168970706
full,A,tool,engage_pull,family0051_engage_pull,family0051,21,0.7723753750767737,1.1694121168970706
full,A,tool,stationary,family0051_engage_pull,family0051,3,0.8881935888590912,1.265501060212652
full,A,all,all,family0051_engage_pull,family0051,21,0.8116806261352307,1.1890577041499673
full,A,all,engage_pull,family0051_engage_pull,family0051,21,0.8116806261352307,1.1890577041499673
full,A,all,stationary,family0051_engage_pull,family0051,3,1.0221723350696266,1.6441030117372673
full,A,target,near_establish,family0051_engage_pull,family0051,5,1.6435779281891882,2.482371684163809
full,A,tool,near_establish,family0051_engage_pull,family0051,5,0.749078334774822,1.0454178554937243
full,A,all,near_establish,family0051_engage_pull,family0051,5,1.1963281314820051,1.7638946883380413
full,A,target,moving,family0051_engage_pull,family0051,18,0.800124998527786,1.0730363137554377
full,A,tool,moving,family0051_engage_pull,family0051,18,0.7530723394463874,1.1533972930111405
full,A,all,moving,family0051_engage_pull,family0051,18,0.7765986746461648,1.1132168195520837
full,A,target,all,family0051_pass_by,family0051,21,0.602171912933478,0.5517213583169949
full,A,target,pass_by,family0051_pass_by,family0051,21,0.602171912933478,0.5517213583169949
full,A,target,stationary,family0051_pass_by,family0051,21,0.602171912933478,0.5517213583169949
full,A,tool,all,family0051_pass_by,family0051,21,0.7906906345548729,1.1435382461751855
full,A,tool,pass_by,family0051_pass_by,family0051,21,0.7906906345548729,1.1435382461751855
full,A,tool,stationary,family0051_pass_by,family0051,21,0.7906906345548729,1.1435382461751855
full,A,all,all,family0051_pass_by,family0051,21,0.6964312578063636,0.8476297870012266
full,A,all,pass_by,family0051_pass_by,family0051,21,0.6964312578063636,0.8476297870012266
full,A,all,stationary,family0051_pass_by,family0051,21,0.6964312578063636,0.8476297870012266
full,A,target,all,family0052_detach,family0052,21,1.57810772569584,2.18313343274141
full,A,target,detach,family0052_detach,family0052,21,1.57810772569584,2.18313343274141
full,A,target,stationary,family0052_detach,family0052,10,0.9034340269863605,1.3633457041578367
full,A,tool,all,family0052_detach,family0052,21,2.6690465179161125,4.153017769567668
full,A,tool,detach,family0052_detach,family0052,21,2.6690465179161125,4.153017769567668
full,A,tool,stationary,family0052_detach,family0052,10,1.983799019944854,2.871155278990045
full,A,all,all,family0052_detach,family0052,21,2.1235771710053086,3.168075661441045
full,A,all,detach,family0052_detach,family0052,21,2.1235771710053086,3.168075661441045
full,A,all,stationary,family0052_detach,family0052,10,1.4436165103688836,2.1172505570575595
full,A,target,near_establish,family0052_detach,family0052,4,1.9947982800658792,3.1123991357162595
full,A,tool,near_establish,family0052_detach,family0052,4,1.2393465367495082,2.2162434470374137
full,A,all,near_establish,family0052_detach,family0052,4,1.6170724120456725,2.664321305928752
full,A,target,moving,family0052_detach,family0052,11,2.1914474517953666,2.928395004181022
full,A,tool,moving,family0052_detach,family0052,11,3.2919987887990745,5.318347306456417
full,A,all,moving,family0052_detach,family0052,11,2.741723226129331,4.123371210880578
full,B,target,near_release,family0051_detach,family0051,5,1.858355337753892,2.429231465794146
full,B,tool,near_release,family0051_detach,family0051,5,3.362414101138711,4.920221399515867
full,B,all,near_release,family0051_detach,family0051,5,2.610384626314044,3.6747264210134745
full,B,target,all,family0051_engage_pull,family0051,21,1.0770702030554058,1.563089190139657
full,B,target,engage_pull,family0051_engage_pull,family0051,21,1.0770702030554058,1.563089190139657
full,B,target,stationary,family0051_engage_pull,family0051,3,0.8582500546860198,1.1542271822690964
full,B,tool,all,family0051_engage_pull,family0051,21,1.0827938177888947,1.41491123386437
full,B,tool,engage_pull,family0051_engage_pull,family0051,21,1.0827938177888947,1.41491123386437
full,B,tool,stationary,family0051_engage_pull,family0051,3,2.022978151217103,3.231312148272991
full,B,all,all,family0051_engage_pull,family0051,21,1.0799320048785634,1.4890002618942941
full,B,all,engage_pull,family0051_engage_pull,family0051,21,1.0799320048785634,1.4890002618942941
full,B,all,stationary,family0051_engage_pull,family0051,3,1.440613957432409,2.1927698204914727
full,B,target,near_establish,family0051_engage_pull,family0051,5,1.6370184603147209,2.3433378199115396
full,B,tool,near_establish,family0051_engage_pull,family0051,5,1.426770118996501,1.9839260261505842
full,B,all,near_establish,family0051_engage_pull,family0051,5,1.5318942721933126,2.1636320976540446
full,B,target,moving,family0051_engage_pull,family0051,18,1.1135402277836368,1.6312328581180837
full,B,tool,moving,family0051_engage_pull,family0051,18,0.9260964288841933,1.1121777481295996
full,B,all,moving,family0051_engage_pull,family0051,18,1.0198183461195893,1.371705335461431
full,B,target,all,family0051_pass_by,family0051,21,0.8195954225292164,0.8407529288281997
full,B,target,pass_by,family0051_pass_by,family0051,21,0.8195954225292164,0.8407529288281997
full,B,target,stationary,family0051_pass_by,family0051,21,0.8195954225292164,0.8407529288281997
full,B,tool,all,family0051_pass_by,family0051,21,1.123145940558364,1.7116685880215041
full,B,tool,pass_by,family0051_pass_by,family0051,21,1.123145940558364,1.7116685880215041
full,B,tool,stationary,family0051_pass_by,family0051,21,1.123145940558364,1.7116685880215041
full,B,all,all,family0051_pass_by,family0051,21,0.971370687087377,1.2762107764415087
full,B,all,pass_by,family0051_pass_by,family0051,21,0.971370687087377,1.2762107764415087
full,B,all,stationary,family0051_pass_by,family0051,21,0.971370687087377,1.2762107764415087
full,B,target,all,family0052_detach,family0052,21,1.4543313050775655,2.032060885713214
full,B,target,detach,family0052_detach,family0052,21,1.4543313050775655,2.032060885713214
full,B,target,stationary,family0052_detach,family0052,10,0.9460434957873076,1.1093494365923107
full,B,tool,all,family0052_detach,family0052,21,2.9009780513920953,4.343044522794939
full,B,tool,detach,family0052_detach,family0052,21,2.9009780513920953,4.343044522794939
full,B,tool,stationary,family0052_detach,family0052,10,2.517571859061718,3.1402732362039387
full,B,all,all,family0052_detach,family0052,21,2.1776546823925207,3.187552770777118
full,B,all,detach,family0052_detach,family0052,21,2.1776546823925207,3.187552770777118
full,B,all,stationary,family0052_detach,family0052,10,1.7318077152594924,2.124811406247318
full,B,target,near_establish,family0052_detach,family0052,4,1.436552411178127,2.416263159830123
full,B,tool,near_establish,family0052_detach,family0052,4,1.5991945983842015,2.7406865847297013
full,B,all,near_establish,family0052_detach,family0052,4,1.5178735193330795,2.5784749013837427
full,B,target,moving,family0052_detach,family0052,11,1.9164111317050727,2.8708894758231263
full,B,tool,moving,family0052_detach,family0052,11,3.2495291353288023,5.4364729651503945
full,B,all,moving,family0052_detach,family0052,11,2.5829701070589097,4.153681283986026
full,C,target,near_release,family0051_detach,family0051,5,3.2667804043740034,4.173279367387295
full,C,tool,near_release,family0051_detach,family0051,5,3.8297899533063173,2.0591326290741563
full,C,all,near_release,family0051_detach,family0051,5,3.548285225406289,3.1162061262875795
full,C,target,all,family0051_engage_pull,family0051,21,1.07392877578691,1.4755756987835325
full,C,target,engage_pull,family0051_engage_pull,family0051,21,1.07392877578691,1.4755756987835325
full,C,target,stationary,family0051_engage_pull,family0051,3,1.3769181678071618,2.2070963168516755
full,C,tool,all,family0051_engage_pull,family0051,21,1.3116688656044149,1.3923805312342232
full,C,tool,engage_pull,family0051_engage_pull,family0051,21,1.3116688656044149,1.3923805312342232
full,C,tool,stationary,family0051_engage_pull,family0051,3,1.646149903535843,2.217181376181543
full,C,all,all,family0051_engage_pull,family0051,21,1.1927987992142637,1.433978109465291
full,C,all,engage_pull,family0051_engage_pull,family0051,21,1.1927987992142637,1.433978109465291
full,C,all,stationary,family0051_engage_pull,family0051,3,1.511533938658734,2.2121387301012874
full,C,target,near_establish,family0051_engage_pull,family0051,5,1.844168920069933,2.898425911553204
full,C,tool,near_establish,family0051_engage_pull,family0051,5,1.538360444828868,1.7237357795238495
full,C,all,near_establish,family0051_engage_pull,family0051,5,1.691264659166336,2.311080787330866
full,C,target,moving,family0051_engage_pull,family0051,18,1.0234305437835347,1.3536555957721754
full,C,tool,moving,family0051_engage_pull,family0051,18,1.2559220259491768,1.2549137237430033
full,C,all,moving,family0051_engage_pull,family0051,18,1.1396762759735186,1.3042846726926252
full,C,target,all,family0051_pass_by,family0051,21,1.253028763347261,1.5743432145210958
full,C,target,pass_by,family0051_pass_by,family0051,21,1.253028763347261,1.5743432145210958
full,C,target,stationary,family0051_pass_by,family0051,21,1.253028763347261,1.5743432145210958
full,C,tool,all,family0051_pass_by,family0051,21,1.428496680178103,1.4328141170110376
full,C,tool,pass_by,family0051_pass_by,family0051,21,1.428496680178103,1.4328141170110376
full,C,tool,stationary,family0051_pass_by,family0051,21,1.428496680178103,1.4328141170110376
full,C,all,all,family0051_pass_by,family0051,21,1.3407627342357522,1.5035786034007157
full,C,all,pass_by,family0051_pass_by,family0051,21,1.3407627342357522,1.5035786034007157
full,C,all,stationary,family0051_pass_by,family0051,21,1.3407627342357522,1.5035786034007157
full,C,target,all,family0052_detach,family0052,21,2.441180966949711,3.1245164323731194
full,C,target,detach,family0052_detach,family0052,21,2.441180966949711,3.1245164323731194
full,C,target,stationary,family0052_detach,family0052,10,1.5726523182820529,1.7639752244576812
full,C,tool,all,family0052_detach,family0052,21,3.547424040291281,4.2486136413312385
full,C,tool,detach,family0052_detach,family0052,21,3.547424040291281,4.2486136413312385
full,C,tool,stationary,family0052_detach,family0052,10,2.94844307936728,3.81316487910226
full,C,all,all,family0052_detach,family0052,21,2.9943025216371533,3.6865649633996544
full,C,all,detach,family0052_detach,family0052,21,2.9943025216371533,3.6865649633996544
full,C,all,stationary,family0052_detach,family0052,10,2.260547678451985,2.7885699295438826
full,C,target,near_establish,family0052_detach,family0052,4,1.6210121684707701,2.8784808091586456
full,C,tool,near_establish,family0052_detach,family0052,4,1.6935677267611027,2.8868782392237335
full,C,all,near_establish,family0052_detach,family0052,4,1.6572900640312582,2.882679458707571
full,C,target,moving,family0052_detach,family0052,11,3.2307524657384916,4.361372075932608
full,C,tool,moving,family0052_detach,family0052,11,4.091952186585828,4.644476152448491
full,C,all,moving,family0052_detach,family0052,11,3.661352379078215,4.502924085086719
full,stationary,target,near_release,family0052_detach,family0052,5,3.8374275493712418,5.19086898834793
full,stationary,tool,near_release,family0052_detach,family0052,5,18.93400363624096,30.769525095820427
full,stationary,all,near_release,family0052_detach,family0052,5,11.385715752840042,17.980196326971054
full,stationary,target,all,family0052_engage_pull,family0052,21,4.881792757678516,8.307903975721063
full,stationary,target,engage_pull,family0052_engage_pull,family0052,21,4.881792757678516,8.307903975721063
full,stationary,target,stationary,family0052_engage_pull,family0052,4,2.8262244100574208e-05,3.104532586561959e-05
full,stationary,tool,all,family0052_engage_pull,family0052,21,6.309514743320289,10.621208808429184
full,stationary,tool,engage_pull,family0052_engage_pull,family0052,21,6.309514743320289,10.621208808429184
full,stationary,tool,stationary,family0052_engage_pull,family0052,4,5.501844396349043,9.722916991449893
full,stationary,all,all,family0052_engage_pull,family0052,21,5.595653783529997,9.464556617396218
full,stationary,all,engage_pull,family0052_engage_pull,family0052,21,5.595653783529997,9.464556617396218
full,stationary,all,stationary,family0052_engage_pull,family0052,4,2.750936255324632,4.861474270001054
full,stationary,target,near_establish,family0052_engage_pull,family0052,4,2.8326028048870633,5.61757139236807
full,stationary,tool,near_establish,family0052_engage_pull,family0052,4,6.4951765816658735,10.82136738114059
full,stationary,all,near_establish,family0052_engage_pull,family0052,4,4.66388970380649,8.219469687901437
full,stationary,target,moving,family0052_engage_pull,family0052,17,6.030443227192497,10.262697606402284
full,stationary,tool,moving,family0052_engage_pull,family0052,17,6.499554824960582,10.8325715888949
full,stationary,all,moving,family0052_engage_pull,family0052,17,6.2649990842842005,10.547634816783315
full,stationary,target,all,family0052_pass_by,family0052,21,1.7743085984583168e-05,1.7184194829005556e-05
full,stationary,target,pass_by,family0052_pass_by,family0052,21,1.7743085984583168e-05,1.7184194829005556e-05
full,stationary,target,stationary,family0052_pass_by,family0052,21,1.7743085984583168e-05,1.7184194829005556e-05
full,stationary,tool,all,family0052_pass_by,family0052,21,6.069357728674298,10.118837690069562
full,stationary,tool,pass_by,family0052_pass_by,family0052,21,6.069357728674298,10.118837690069562
full,stationary,tool,stationary,family0052_pass_by,family0052,21,6.069357728674298,10.118837690069562
full,stationary,all,all,family0052_pass_by,family0052,21,3.0346877673374757,5.059427382158382
full,stationary,all,pass_by,family0052_pass_by,family0052,21,3.0346877673374757,5.059427382158382
full,stationary,all,stationary,family0052_pass_by,family0052,21,3.0346877673374757,5.059427382158382
full,stationary,target,all,family0057_detach,family0057,21,4.710907233103163,7.815094473705209
full,stationary,target,detach,family0057_detach,family0057,21,4.710907233103163,7.815094473705209
full,stationary,target,stationary,family0057_detach,family0057,10,0.14221844063202482,0.14227053089994612
full,stationary,tool,all,family0057_detach,family0057,21,14.978212925295034,25.130221974991617
full,stationary,tool,detach,family0057_detach,family0057,21,14.978212925295034,25.130221974991617
full,stationary,tool,stationary,family0057_detach,family0057,10,13.251757668331265,21.976538375020027
full,stationary,all,all,family0057_detach,family0057,21,9.844559976564986,16.47265854158572
full,stationary,all,detach,family0057_detach,family0057,21,9.844559976564986,16.47265854158572
full,stationary,all,stationary,family0057_detach,family0057,10,6.696988269686699,11.05940449051559
full,stationary,target,near_establish,family0057_detach,family0057,5,2.3981214401722184,5.0674201244966355
full,stationary,tool,near_establish,family0057_detach,family0057,5,6.948838476091623,11.80411446839571
full,stationary,all,near_establish,family0057_detach,family0057,5,4.67347982339561,8.43576705083251
full,stationary,target,moving,family0057_detach,family0057,11,8.864260680804199,14.790388967164539
full,stationary,tool,moving,family0057_detach,family0057,11,16.54771770435301,27.99720706587488
full,stationary,all,moving,family0057_detach,family0057,11,12.705988800999792,21.39379858801311
full,constant_velocity,target,near_release,family0052_detach,family0052,5,3.1753246730829687,6.112097506527903
full,constant_velocity,tool,near_release,family0052_detach,family0052,5,3.75440523494035,7.401817664504051
full,constant_velocity,all,near_release,family0052_detach,family0052,5,3.4648650093004107,6.756957364268601
full,constant_velocity,target,all,family0052_engage_pull,family0052,21,0.3447321439478758,0.7461312749891628
full,constant_velocity,target,engage_pull,family0052_engage_pull,family0052,21,0.3447321439478758,0.7461312749891628
full,constant_velocity,target,stationary,family0052_engage_pull,family0052,4,0.00011500157270916134,0.00017933192708596835
full,constant_velocity,tool,all,family0052_engage_pull,family0052,21,0.4351400065973264,0.8320477089303798
full,constant_velocity,tool,engage_pull,family0052_engage_pull,family0052,21,0.4351400065973264,0.8320477089303798
full,constant_velocity,tool,stationary,family0052_engage_pull,family0052,4,2.249562365136626,4.302433111206483
full,constant_velocity,all,all,family0052_engage_pull,family0052,21,0.38993608228295107,0.7890895452051371
full,constant_velocity,all,engage_pull,family0052_engage_pull,family0052,21,0.38993608228295107,0.7890895452051371
full,constant_velocity,all,stationary,family0052_engage_pull,family0052,4,1.1248387688738148,2.151306433120226
full,constant_velocity,target,near_establish,family0052_engage_pull,family0052,4,1.791288511370226,3.882147478869058
full,constant_velocity,tool,near_establish,family0052_engage_pull,family0052,4,0.017611051134736044,0.03376030076651659
full,constant_velocity,all,near_establish,family0052_engage_pull,family0052,4,0.9044497323316136,1.9579539572305293
full,constant_velocity,target,moving,family0052_engage_pull,family0052,17,0.4258185303890915,0.9216493792390632
full,constant_velocity,tool,moving,family0052_engage_pull,family0052,17,0.008217098705726504,0.01548643780659083
full,constant_velocity,all,moving,family0052_engage_pull,family0052,17,0.21701780308510077,0.46856792451923385
full,constant_velocity,target,all,family0052_pass_by,family0052,21,7.424697225287349e-05,0.00011365849857048445
full,constant_velocity,target,pass_by,family0052_pass_by,family0052,21,7.424697225287349e-05,0.00011365849857048445
full,constant_velocity,target,stationary,family0052_pass_by,family0052,21,7.424697225287349e-05,0.00011365849857048445
full,constant_velocity,tool,all,family0052_pass_by,family0052,21,0.28881062653021045,0.4841226916596497
full,constant_velocity,tool,pass_by,family0052_pass_by,family0052,21,0.28881062653021045,0.4841226916596497
full,constant_velocity,tool,stationary,family0052_pass_by,family0052,21,0.28881062653021045,0.4841226916596497
full,constant_velocity,all,all,family0052_pass_by,family0052,21,0.14444245254621602,0.24211818346689792
full,constant_velocity,all,pass_by,family0052_pass_by,family0052,21,0.14444245254621602,0.24211818346689792
full,constant_velocity,all,stationary,family0052_pass_by,family0052,21,0.14444245254621602,0.24211818346689792
full,constant_velocity,target,all,family0057_detach,family0057,21,1.743431802628846,3.642278110282335
full,constant_velocity,target,detach,family0057_detach,family0057,21,1.743431802628846,3.642278110282335
full,constant_velocity,target,stationary,family0057_detach,family0057,10,0.4417390493220097,0.8272634108687171
full,constant_velocity,tool,all,family0057_detach,family0057,21,3.1740709576383996,6.623089598178922
full,constant_velocity,tool,detach,family0057_detach,family0057,21,3.1740709576383996,6.623089598178922
full,constant_velocity,tool,stationary,family0057_detach,family0057,10,1.7375004510086,3.4364488191386044
full,constant_velocity,all,all,family0057_detach,family0057,21,2.458751428667667,5.132683879526754
full,constant_velocity,all,detach,family0057_detach,family0057,21,2.458751428667667,5.132683879526754
full,constant_velocity,all,stationary,family0057_detach,family0057,10,1.0896197194824708,2.1318560400686692
full,constant_velocity,target,near_establish,family0057_detach,family0057,5,1.438852681808811,3.391841908880977
full,constant_velocity,tool,near_establish,family0057_detach,family0057,5,0.25546400056555285,0.9530563425869332
full,constant_velocity,all,near_establish,family0057_detach,family0057,5,0.8471583078517142,2.1724491773056798
full,constant_velocity,target,moving,family0057_detach,family0057,11,2.926788851089606,6.201382382476533
full,constant_velocity,tool,moving,family0057_detach,family0057,11,4.480044145483672,9.520035760942847
full,constant_velocity,all,moving,family0057_detach,family0057,11,3.7034166188360276,7.8607091881250115
full,A,target,near_release,family0052_detach,family0052,5,1.651503797620535,2.1955024916678667
full,A,tool,near_release,family0052_detach,family0052,5,3.0378825031220913,4.931570589542389
full,A,all,near_release,family0052_detach,family0052,5,2.3446933599188924,3.5635367035865784
full,A,target,all,family0052_engage_pull,family0052,21,1.0197970827686644,1.5112843372792537
full,A,target,engage_pull,family0052_engage_pull,family0052,21,1.0197970827686644,1.5112843372792537
full,A,target,stationary,family0052_engage_pull,family0052,4,1.2584715586854145,2.2446581278927624
full,A,tool,all,family0052_engage_pull,family0052,21,0.9894449931813315,1.465411618396285
full,A,tool,engage_pull,family0052_engage_pull,family0052,21,0.9894449931813315,1.465411618396285
full,A,tool,stationary,family0052_engage_pull,family0052,4,1.260507917322684,1.526037187431939
full,A,all,all,family0052_engage_pull,family0052,21,1.004621048369223,1.4883479840743046
full,A,all,engage_pull,family0052_engage_pull,family0052,21,1.004621048369223,1.4883479840743046
full,A,all,stationary,family0052_engage_pull,family0052,4,1.259489741642028,1.885347708594054
full,A,target,near_establish,family0052_engage_pull,family0052,4,1.8040439317701384,2.472694555763155
full,A,tool,near_establish,family0052_engage_pull,family0052,4,0.729811035853345,1.0167367290705442
full,A,all,near_establish,family0052_engage_pull,family0052,4,1.266927516553551,1.7447156715206802
full,A,target,moving,family0052_engage_pull,family0052,17,0.9636383825529586,1.3387257983113694
full,A,tool,moving,family0052_engage_pull,family0052,17,0.9256654816186604,1.45114677862319
full,A,all,moving,family0052_engage_pull,family0052,17,0.9446519440697396,1.3949362841873045
full,A,target,all,family0052_pass_by,family0052,21,0.5343932439462238,0.511902844577673
full,A,target,pass_by,family0052_pass_by,family0052,21,0.5343932439462238,0.511902844577673
full,A,target,stationary,family0052_pass_by,family0052,21,0.5343932439462238,0.511902844577673
full,A,tool,all,family0052_pass_by,family0052,21,1.0314523796772672,1.5414093005737024
full,A,tool,pass_by,family0052_pass_by,family0052,21,1.0314523796772672,1.5414093005737024
full,A,tool,stationary,family0052_pass_by,family0052,21,1.0314523796772672,1.5414093005737024
full,A,all,all,family0052_pass_by,family0052,21,0.7829227806290701,1.0266560850487578
full,A,all,pass_by,family0052_pass_by,family0052,21,0.7829227806290701,1.0266560850487578
full,A,all,stationary,family0052_pass_by,family0052,21,0.7829227806290701,1.0266560850487578
full,A,target,all,family0057_detach,family0057,21,1.4432998806504267,2.14018908168544
full,A,target,detach,family0057_detach,family0057,21,1.4432998806504267,2.14018908168544
full,A,target,stationary,family0057_detach,family0057,10,0.7315588532947004,1.1838090111268684
full,A,tool,all,family0057_detach,family0057,21,2.515633097140207,3.7738906823852587
full,A,tool,detach,family0057_detach,family0057,21,2.515633097140207,3.7738906823852587
full,A,tool,stationary,family0057_detach,family0057,10,1.8013203516602516,2.6831943076103926
full,A,all,all,family0057_detach,family0057,21,1.9794664556337964,2.9570399007449546
full,A,all,detach,family0057_detach,family0057,21,1.9794664556337964,2.9570399007449546
full,A,all,stationary,family0057_detach,family0057,10,1.2664395617321134,1.9335016375407577
full,A,target,near_establish,family0057_detach,family0057,5,1.391011686064303,2.3157170973718166
full,A,tool,near_establish,family0057_detach,family0057,5,0.9944864083081484,1.3774085673503578
full,A,all,near_establish,family0057_detach,family0057,5,1.192748942412436,1.8465628381818533
full,A,target,moving,family0057_detach,family0057,11,2.0903371782465414,3.00962550946596
full,A,tool,moving,family0057_detach,family0057,11,3.1650083203038033,4.765432841271501
full,A,all,moving,family0057_detach,family0057,11,2.627672722817145,3.8875292309305887
full,B,target,near_release,family0052_detach,family0052,5,1.49641465395689,1.8183717969805002
full,B,tool,near_release,family0052_detach,family0052,5,2.9452786315232515,4.24254504032433
full,B,all,near_release,family0052_detach,family0052,5,2.2208467358723283,3.030458465218544
full,B,target,all,family0052_engage_pull,family0052,21,1.0485787144196885,1.4120555161276744
full,B,target,engage_pull,family0052_engage_pull,family0052,21,1.0485787144196885,1.4120555161276744
full,B,target,stationary,family0052_engage_pull,family0052,4,1.0135980701306835,1.3807626091875136
full,B,tool,all,family0052_engage_pull,family0052,21,1.1224959162063897,1.3992443314886518
full,B,tool,engage_pull,family0052_engage_pull,family0052,21,1.1224959162063897,1.3992443314886518
full,B,tool,stationary,family0052_engage_pull,family0052,4,1.6014330321922898,2.1131958055775613
full,B,all,all,family0052_engage_pull,family0052,21,1.0855373139271425,1.40564993766713
full,B,all,engage_pull,family0052_engage_pull,family0052,21,1.0855373139271425,1.40564993766713
full,B,all,stationary,family0052_engage_pull,family0052,4,1.3075156311970204,1.746979309245944
full,B,target,near_establish,family0052_engage_pull,family0052,4,1.451607677154243,1.8295195186510682
full,B,tool,near_establish,family0052_engage_pull,family0052,4,1.048039150191471,1.13874145608861
full,B,all,near_establish,family0052_engage_pull,family0052,4,1.2498233118094504,1.4841304800938815
full,B,target,moving,family0052_engage_pull,family0052,17,1.0568094542523956,1.419418553054771
full,B,tool,moving,family0052_engage_pull,family0052,17,1.0098048300920601,1.231255749350085
full,B,all,moving,family0052_engage_pull,family0052,17,1.0333071216283476,1.325337144354468
full,B,target,all,family0052_pass_by,family0052,21,0.7110028028754252,0.7377128876257866
full,B,target,pass_by,family0052_pass_by,family0052,21,0.7110028028754252,0.7377128876257866
full,B,target,stationary,family0052_pass_by,family0052,21,0.7110028028754252,0.7377128876257866
full,B,tool,all,family0052_pass_by,family0052,21,0.8736516687176412,1.1243902346385377
full,B,tool,pass_by,family0052_pass_by,family0052,21,0.8736516687176412,1.1243902346385377
full,B,tool,stationary,family0052_pass_by,family0052,21,0.8736516687176412,1.1243902346385377
full,B,all,all,family0052_pass_by,family0052,21,0.7923272371824298,0.9310515514308852
full,B,all,pass_by,family0052_pass_by,family0052,21,0.7923272371824298,0.9310515514308852
full,B,all,stationary,family0052_pass_by,family0052,21,0.7923272371824298,0.9310515514308852
full,B,target,all,family0057_detach,family0057,21,1.5005805901074338,2.257047722759169
full,B,target,detach,family0057_detach,family0057,21,1.5005805901074338,2.257047722759169
full,B,target,stationary,family0057_detach,family0057,10,0.804768136003986,1.04472326929681
full,B,tool,all,family0057_detach,family0057,21,2.813253634875374,4.178957924956367
full,B,tool,detach,family0057_detach,family0057,21,2.813253634875374,4.178957924956367
full,B,tool,stationary,family0057_detach,family0057,10,2.446995466016233,2.9638432199135423
full,B,all,all,family0057_detach,family0057,21,2.1569171111055074,3.2180027781231773
full,B,all,detach,family0057_detach,family0057,21,2.1569171111055074,3.2180027781231773
full,B,all,stationary,family0057_detach,family0057,10,1.6258818097412586,2.004283235874027
full,B,target,near_establish,family0057_detach,family0057,5,1.3757428620010614,2.4388517485931516
full,B,tool,near_establish,family0057_detach,family0057,5,1.6563714481890202,2.4856589268893003
full,B,all,near_establish,family0057_detach,family0057,5,1.516057108528912,2.462255395948887
full,B,target,moving,family0057_detach,family0057,11,2.133137366565114,3.359160862270404
full,B,tool,moving,family0057_detach,family0057,11,3.1462156065655025,5.283607656813481
full,B,all,moving,family0057_detach,family0057,11,2.639676475982097,4.321384180167859
full,C,target,near_release,family0052_detach,family0052,5,3.3060045912861824,2.9372510267421603
full,C,tool,near_release,family0052_detach,family0052,5,4.187440220266581,3.9710262324661016
full,C,all,near_release,family0052_detach,family0052,5,3.7467222660779953,3.4541385248303413
full,C,target,all,family0052_engage_pull,family0052,21,1.0620342966701304,1.3929609045763278
full,C,target,engage_pull,family0052_engage_pull,family0052,21,1.0620342966701304,1.3929609045763278
full,C,target,stationary,family0052_engage_pull,family0052,4,1.5678607451263815,2.2876830771565437
full,C,tool,all,family0052_engage_pull,family0052,21,1.3497676062841146,1.3992640583421148
full,C,tool,engage_pull,family0052_engage_pull,family0052,21,1.3497676062841146,1.3992640583421148
full,C,tool,stationary,family0052_engage_pull,family0052,4,1.904271834064275,2.114942210027948
full,C,all,all,family0052_engage_pull,family0052,21,1.2059009500912257,1.3961124156291287
full,C,all,engage_pull,family0052_engage_pull,family0052,21,1.2059009500912257,1.3961124156291287
full,C,all,stationary,family0052_engage_pull,family0052,4,1.736066275043413,2.2013124835211784
full,C,target,near_establish,family0052_engage_pull,family0052,4,1.5561145264655352,2.2995611507212743
full,C,tool,near_establish,family0052_engage_pull,family0052,4,1.143444620538503,1.248037675395608
full,C,all,near_establish,family0052_engage_pull,family0052,4,1.34977963170968,1.773799303919077
full,C,target,moving,family0052_engage_pull,family0052,17,0.9430163087980712,1.1824380404398065
full,C,tool,moving,family0052_engage_pull,family0052,17,1.219296023277018,1.2308691991219187
full,C,all,moving,family0052_engage_pull,family0052,17,1.0811561677495347,1.206653576125117
full,C,target,all,family0052_pass_by,family0052,21,0.9858769869121412,1.3037710589179325
full,C,target,pass_by,family0052_pass_by,family0052,21,0.9858769869121412,1.3037710589179325
full,C,target,stationary,family0052_pass_by,family0052,21,0.9858769869121412,1.3037710589179325
full,C,tool,all,family0052_pass_by,family0052,21,1.3003771309740841,1.492080810878958
full,C,tool,pass_by,family0052_pass_by,family0052,21,1.3003771309740841,1.492080810878958
full,C,tool,stationary,family0052_pass_by,family0052,21,1.3003771309740841,1.492080810878958
full,C,all,all,family0052_pass_by,family0052,21,1.1431270201380055,1.3979259501433088
full,C,all,pass_by,family0052_pass_by,family0052,21,1.1431270201380055,1.3979259501433088
full,C,all,stationary,family0052_pass_by,family0052,21,1.1431270201380055,1.3979259501433088
full,C,target,all,family0057_detach,family0057,21,2.361526355213885,3.4181867404619144
full,C,target,detach,family0057_detach,family0057,21,2.361526355213885,3.4181867404619144
full,C,target,stationary,family0057_detach,family0057,10,1.471509103430435,1.9584807916544378
full,C,tool,all,family0057_detach,family0057,21,3.537621177245109,3.9696389909035394
full,C,tool,detach,family0057_detach,family0057,21,3.537621177245109,3.9696389909035394
full,C,tool,stationary,family0057_detach,family0057,10,3.0776904430240393,3.7341027287766337
full,C,all,all,family0057_detach,family0057,21,2.9495737482128397,3.6939128823134872
full,C,all,detach,family0057_detach,family0057,21,2.9495737482128397,3.6939128823134872
full,C,all,stationary,family0057_detach,family0057,10,2.2745998110622168,2.8462917427532375
full,C,target,near_establish,family0057_detach,family0057,5,1.7986358376219869,3.342426149174571
full,C,tool,near_establish,family0057_detach,family0057,5,1.7484435578808188,2.3851250298321247
full,C,all,near_establish,family0057_detach,family0057,5,1.7735396511852741,2.8637755662202835
full,C,target,moving,family0057_detach,family0057,11,3.1706329477442936,4.745192148468711
full,C,tool,moving,family0057_detach,family0057,11,3.9557400265369904,4.183762865564362
full,C,all,moving,family0057_detach,family0057,11,3.56318641834977,4.464477554640987
full,stationary,target,near_release,family0057_detach,family0057,5,5.012519865519494,7.005214933237625
full,stationary,tool,near_release,family0057_detach,family0057,5,20.015011727809906,32.72777386009693
full,stationary,all,near_release,family0057_detach,family0057,5,12.513765692710876,19.866495206952095
full,stationary,target,all,family0057_engage_pull,family0057,21,5.475006533716185,9.308841586490738
full,stationary,target,engage_pull,family0057_engage_pull,family0057,21,5.475006533716185,9.308841586490738
full,stationary,target,stationary,family0057_engage_pull,family0057,3,3.1134241259186034e-05,2.9781373219369318e-05
full,stationary,tool,all,family0057_engage_pull,family0057,21,6.771333959131014,11.359730114539465
full,stationary,tool,engage_pull,family0057_engage_pull,family0057,21,6.771333959131014,11.359730114539465
full,stationary,tool,stationary,family0057_engage_pull,family0057,3,6.111087743192911,10.704935217897097
full,stationary,all,all,family0057_engage_pull,family0057,21,6.123170167917297,10.334285907447338
full,stationary,all,engage_pull,family0057_engage_pull,family0057,21,6.123170167917297,10.334285907447338
full,stationary,all,stationary,family0057_engage_pull,family0057,3,3.0555596264700093,5.352482044448455
full,stationary,target,near_establish,family0057_engage_pull,family0057,5,2.307550878584408,4.614567875351128
full,stationary,tool,near_establish,family0057_engage_pull,family0057,5,6.881086714565754,11.46535612642765
full,stationary,all,near_establish,family0057_engage_pull,family0057,5,4.594318894669414,8.039961848407984
full,stationary,target,moving,family0057_engage_pull,family0057,18,6.387502433628672,10.860310220676991
full,stationary,tool,moving,family0057_engage_pull,family0057,18,6.881374995120698,11.468862597313192
full,stationary,all,moving,family0057_engage_pull,family0057,18,6.634438591491845,11.164586551280486
full,stationary,target,all,family0057_pass_by,family0057,21,2.590008284032917e-05,2.7984828295960335e-05
full,stationary,target,pass_by,family0057_pass_by,family0057,21,2.590008284032917e-05,2.7984828295960335e-05
full,stationary,target,stationary,family0057_pass_by,family0057,21,2.590008284032917e-05,2.7984828295960335e-05
full,stationary,tool,all,family0057_pass_by,family0057,21,6.422142642328427,10.792293452790805
full,stationary,tool,pass_by,family0057_pass_by,family0057,21,6.422142642328427,10.792293452790805
full,stationary,tool,stationary,family0057_pass_by,family0057,21,6.422142642328427,10.792293452790805
full,stationary,all,all,family0057_pass_by,family0057,21,3.2110842155470025,5.396160629710981
full,stationary,all,pass_by,family0057_pass_by,family0057,21,3.2110842155470025,5.396160629710981
full,stationary,all,stationary,family0057_pass_by,family0057,21,3.2110842155470025,5.396160629710981
full,stationary,target,all,family0069_detach,family0069,21,4.219153235553024,7.024744731988908
full,stationary,target,detach,family0069_detach,family0069,21,4.219153235553024,7.024744731988908
full,stationary,target,stationary,family0069_detach,family0069,11,0.027852544259813913,0.13838280033517947
full,stationary,tool,all,family0069_detach,family0069,21,13.545452933093268,22.840646805153007
full,stationary,tool,detach,family0069_detach,family0069,21,13.545452933093268,22.840646805153007
full,stationary,tool,stationary,family0069_detach,family0069,11,10.485282347706908,17.742751420221545
full,stationary,all,all,family0069_detach,family0069,21,8.882303076374921,14.932695421434584
full,stationary,all,detach,family0069_detach,family0069,21,8.882303076374921,14.932695421434584
full,stationary,all,stationary,family0069_detach,family0069,11,5.256567314394157,8.940566500479525
full,stationary,target,near_establish,family0069_detach,family0069,5,3.4953890727841497,7.278428548239191
full,stationary,tool,near_establish,family0069_detach,family0069,5,7.192110642790794,13.183630630373955
full,stationary,all,near_establish,family0069_detach,family0069,5,5.343749560415745,10.231029894202948
full,stationary,target,moving,family0069_detach,family0069,10,8.829583995975554,14.599742856808007
full,stationary,tool,moving,family0069_detach,family0069,10,16.91164057701826,28.448331728577614
full,stationary,all,moving,family0069_detach,family0069,10,12.870612414553761,21.52403723448515
full,constant_velocity,target,near_release,family0057_detach,family0057,5,3.450452006177329,7.091507706536504
full,constant_velocity,tool,near_release,family0057_detach,family0057,5,5.588328099111095,10.583440226037055
full,constant_velocity,all,near_release,family0057_detach,family0057,5,4.519390175119042,8.83747385814786
full,constant_velocity,target,all,family0057_engage_pull,family0057,21,0.3710982366083978,0.8171321806393059
full,constant_velocity,target,engage_pull,family0057_engage_pull,family0057,21,0.3710982366083978,0.8171321806393059
full,constant_velocity,target,stationary,family0057_engage_pull,family0057,3,0.00010451334375716215,0.00015781928001482962
full,constant_velocity,tool,all,family0057_engage_pull,family0057,21,0.24653262281996527,0.488540186725437
full,constant_velocity,tool,engage_pull,family0057_engage_pull,family0057,21,0.24653262281996527,0.488540186725437
full,constant_velocity,tool,stationary,family0057_engage_pull,family0057,3,1.6391999110965116,3.252090972637234
full,constant_velocity,all,all,family0057_engage_pull,family0057,21,0.30881540291851534,0.6528361551707869
full,constant_velocity,all,engage_pull,family0057_engage_pull,family0057,21,0.30881540291851534,0.6528361551707869
full,constant_velocity,all,stationary,family0057_engage_pull,family0057,3,0.8196520606513028,1.626124205358792
full,constant_velocity,target,near_establish,family0057_engage_pull,family0057,5,1.390243953124326,3.148798381873874
full,constant_velocity,tool,near_establish,family0057_engage_pull,family0057,5,0.10099264973177924,0.1806996393497684
full,constant_velocity,all,near_establish,family0057_engage_pull,family0057,5,0.7456182913756493,1.6647490134346299
full,constant_velocity,target,moving,family0057_engage_pull,family0057,18,0.43293052381917124,0.9532945741991878
full,constant_velocity,tool,moving,family0057_engage_pull,family0057,18,0.014421408107207552,0.027948389073470834
full,constant_velocity,all,moving,family0057_engage_pull,family0057,18,0.22367595996305076,0.4906214801394526
full,constant_velocity,target,all,family0057_pass_by,family0057,21,8.795713059482426e-05,0.00013422458522427405
full,constant_velocity,target,pass_by,family0057_pass_by,family0057,21,8.795713059482426e-05,0.00013422458522427405
full,constant_velocity,target,stationary,family0057_pass_by,family0057,21,8.795713059482426e-05,0.00013422458522427405
full,constant_velocity,tool,all,family0057_pass_by,family0057,21,0.33370160432847723,0.6444971858443405
full,constant_velocity,tool,pass_by,family0057_pass_by,family0057,21,0.33370160432847723,0.6444971858443405
full,constant_velocity,tool,stationary,family0057_pass_by,family0057,21,0.33370160432847723,0.6444971858443405
full,constant_velocity,all,all,family0057_pass_by,family0057,21,0.16689479140755534,0.3223156944668084
full,constant_velocity,all,pass_by,family0057_pass_by,family0057,21,0.16689479140755534,0.3223156944668084
full,constant_velocity,all,stationary,family0057_pass_by,family0057,21,0.16689479140755534,0.3223156944668084
full,constant_velocity,target,all,family0069_detach,family0069,21,1.8547897977300853,3.8163809920179337
full,constant_velocity,target,detach,family0069_detach,family0069,21,1.8547897977300853,3.8163809920179337
full,constant_velocity,target,stationary,family0069_detach,family0069,11,0.3866910178554793,0.736494282359052
full,constant_velocity,tool,all,family0069_detach,family0069,21,3.163116580795066,6.691512951398354
full,constant_velocity,tool,detach,family0069_detach,family0069,21,3.163116580795066,6.691512951398354
full,constant_velocity,tool,stationary,family0069_detach,family0069,11,1.205598297722397,2.407178347146493
full,constant_velocity,all,all,family0069_detach,family0069,21,2.508953266106757,5.253947105735452
full,constant_velocity,all,detach,family0069_detach,family0069,21,2.508953266106757,5.253947105735452
full,constant_velocity,all,stationary,family0069_detach,family0069,11,0.7961446954347842,1.57183636540801
full,constant_velocity,target,near_establish,family0069_detach,family0069,5,2.374557356444029,5.431798050062753
full,constant_velocity,tool,near_establish,family0069_detach,family0069,5,1.4022731012119038,4.101692493532028
full,constant_velocity,all,near_establish,family0069_detach,family0069,5,1.8884150530084298,4.766745232336689
full,constant_velocity,target,moving,family0069_detach,family0069,10,3.4696984555921517,7.204256372642703
full,constant_velocity,tool,moving,family0069_detach,family0069,10,5.316386692175001,11.404281016075402
full,constant_velocity,all,moving,family0069_detach,family0069,10,4.393042693845928,9.304268920095637
full,A,target,near_release,family0057_detach,family0057,5,1.716071116970852,2.101661136839539
full,A,tool,near_release,family0057_detach,family0057,5,2.9437340795993805,4.742060042917728
full,A,all,near_release,family0057_detach,family0057,5,2.329902444034815,3.421860607340932
full,A,target,all,family0057_engage_pull,family0057,21,0.7670922093980369,1.0961726629396988
full,A,target,engage_pull,family0057_engage_pull,family0057,21,0.7670922093980369,1.0961726629396988
full,A,target,stationary,family0057_engage_pull,family0057,3,1.2857899613057573,2.262907878806194
full,A,tool,all,family0057_engage_pull,family0057,21,0.7781396603344807,1.169465365819633
full,A,tool,engage_pull,family0057_engage_pull,family0057,21,0.7781396603344807,1.169465365819633
full,A,tool,stationary,family0057_engage_pull,family0057,3,1.124538908091684,1.6112693895896275
full,A,all,all,family0057_engage_pull,family0057,21,0.7726159002188415,1.132819014379666
full,A,all,engage_pull,family0057_engage_pull,family0057,21,0.7726159002188415,1.132819014379666
full,A,all,stationary,family0057_engage_pull,family0057,3,1.2051643182833989,1.9370885953928034
full,A,target,near_establish,family0057_engage_pull,family0057,5,1.33856130996719,2.0631027640774846
full,A,tool,near_establish,family0057_engage_pull,family0057,5,0.8784443838521838,1.3651094282977283
full,A,all,near_establish,family0057_engage_pull,family0057,5,1.1085027712397277,1.7141060903668404
full,A,target,moving,family0057_engage_pull,family0057,18,0.6806425840800835,0.9017167936286165
full,A,tool,moving,family0057_engage_pull,family0057,18,0.7204064523749467,1.0958313618579671
full,A,all,moving,family0057_engage_pull,family0057,18,0.700524497208082,0.9987740842108097
full,A,target,all,family0057_pass_by,family0057,21,0.8384207141629997,0.6996894233106148
full,A,target,pass_by,family0057_pass_by,family0057,21,0.8384207141629997,0.6996894233106148
full,A,target,stationary,family0057_pass_by,family0057,21,0.8384207141629997,0.6996894233106148
full,A,tool,all,family0057_pass_by,family0057,21,0.7751182919102055,0.9171425356596176
full,A,tool,pass_by,family0057_pass_by,family0057,21,0.7751182919102055,0.9171425356596176
full,A,tool,stationary,family0057_pass_by,family0057,21,0.7751182919102055,0.9171425356596176
full,A,all,all,family0057_pass_by,family0057,21,0.8067694891776357,0.8084159926511347
full,A,all,pass_by,family0057_pass_by,family0057,21,0.8067694891776357,0.8084159926511347
full,A,all,stationary,family0057_pass_by,family0057,21,0.8067694891776357,0.8084159926511347
full,A,target,all,family0069_detach,family0069,21,1.5017300777669464,2.070554999157875
full,A,target,detach,family0069_detach,family0069,21,1.5017300777669464,2.070554999157875
full,A,target,stationary,family0069_detach,family0069,11,0.9893014159222896,1.4435446805278347
full,A,tool,all,family0069_detach,family0069,21,2.8107934797714864,4.2427208640479614
full,A,tool,detach,family0069_detach,family0069,21,2.8107934797714864,4.2427208640479614
full,A,tool,stationary,family0069_detach,family0069,11,2.3750335359099237,3.3813742391595785
full,A,all,all,family0069_detach,family0069,21,2.1562618314332904,3.156637911507416
full,A,all,detach,family0069_detach,family0069,21,2.1562618314332904,3.156637911507416
full,A,all,stationary,family0069_detach,family0069,11,1.682167481207712,2.412459368563511
full,A,target,near_establish,family0069_detach,family0069,5,1.7637319164350629,2.7153548784554005
full,A,tool,near_establish,family0069_detach,family0069,5,1.9363557919859886,3.125016880221665
full,A,all,near_establish,family0069_detach,family0069,5,1.8500438891351223,2.9201858676970005
full,A,target,moving,family0069_detach,family0069,10,2.065401605796069,2.7602663496509194
full,A,tool,moving,family0069_detach,family0069,10,3.2901294180192053,5.190202151425183
full,A,all,moving,family0069_detach,family0069,10,2.6777656166814268,3.975234308745712
full,B,target,near_release,family0057_detach,family0057,5,1.7087151063606143,1.8298147595487535
full,B,tool,near_release,family0057_detach,family0057,5,2.706287754699588,4.247216880321503
full,B,all,near_release,family0057_detach,family0057,5,2.207501488737762,3.038515755906701
full,B,target,all,family0057_engage_pull,family0057,21,1.1706187229026996,1.72091732245116
full,B,target,engage_pull,family0057_engage_pull,family0057,21,1.1706187229026996,1.72091732245116
full,B,target,stationary,family0057_engage_pull,family0057,3,0.9090482878188292,1.2980314204469323
full,B,tool,all,family0057_engage_pull,family0057,21,1.0086631158455497,1.3520955024952335
full,B,tool,engage_pull,family0057_engage_pull,family0057,21,1.0086631158455497,1.3520955024952335
full,B,tool,stationary,family0057_engage_pull,family0057,3,1.8991311080753803,3.178431186825037
full,B,all,all,family0057_engage_pull,family0057,21,1.0896408930420876,1.5365064083155067
full,B,all,engage_pull,family0057_engage_pull,family0057,21,1.0896408930420876,1.5365064083155067
full,B,all,stationary,family0057_engage_pull,family0057,3,1.4040895815317829,2.2382313230385384
full,B,target,near_establish,family0057_engage_pull,family0057,5,1.4238455332815647,2.1641172701492906
full,B,tool,near_establish,family0057_engage_pull,family0057,5,1.5282491804100573,2.1803749725222588
full,B,all,near_establish,family0057_engage_pull,family0057,5,1.4760473277419806,2.1722462261095643
full,B,target,moving,family0057_engage_pull,family0057,18,1.214213795416678,1.7913983061185315
full,B,tool,moving,family0057_engage_pull,family0057,18,0.8602517838072445,1.0477062217735995
full,B,all,moving,family0057_engage_pull,family0057,18,1.037232778293805,1.4195522558616682
full,B,target,all,family0057_pass_by,family0057,21,0.954968034334126,0.8649406344851568
full,B,target,pass_by,family0057_pass_by,family0057,21,0.954968034334126,0.8649406344851568
full,B,target,stationary,family0057_pass_by,family0057,21,0.954968034334126,0.8649406344851568
full,B,tool,all,family0057_pass_by,family0057,21,0.7070571979663024,0.7869415705846179
full,B,tool,pass_by,family0057_pass_by,family0057,21,0.7070571979663024,0.7869415705846179
full,B,tool,stationary,family0057_pass_by,family0057,21,0.7070571979663024,0.7869415705846179
full,B,all,all,family0057_pass_by,family0057,21,0.8310125808098486,0.8259411108502674
full,B,all,pass_by,family0057_pass_by,family0057,21,0.8310125808098486,0.8259411108502674
full,B,all,stationary,family0057_pass_by,family0057,21,0.8310125808098486,0.8259411108502674
full,B,target,all,family0069_detach,family0069,21,1.7319256107189827,2.481778105166519
full,B,target,detach,family0069_detach,family0069,21,1.7319256107189827,2.481778105166519
full,B,target,stationary,family0069_detach,family0069,11,1.0639707854186946,1.223890137308362
full,B,tool,all,family0069_detach,family0069,21,2.8751027254786874,4.354519525631552
full,B,tool,detach,family0069_detach,family0069,21,2.8751027254786874,4.354519525631552
full,B,tool,stationary,family0069_detach,family0069,11,2.4955722513947296,3.496832881038162
full,B,all,all,family0069_detach,family0069,21,2.303514111277071,3.4181488555900397
full,B,all,detach,family0069_detach,family0069,21,2.303514111277071,3.4181488555900397
full,B,all,stationary,family0069_detach,family0069,11,1.7797714787196706,2.3603615329854866
full,B,target,near_establish,family0069_detach,family0069,5,1.8073802348226309,3.1095164828002453
full,B,tool,near_establish,family0069_detach,family0069,5,1.857819955330342,3.2520769629627466
full,B,all,near_establish,family0069_detach,family0069,5,1.8326000426895916,3.1807966297492385
full,B,target,moving,family0069_detach,family0069,10,2.4666759185492992,3.865454869810492
full,B,tool,moving,family0069_detach,family0069,10,3.292586246971041,5.2979748346842825
full,B,all,moving,family0069_detach,family0069,10,2.879631007090211,4.581714910455048
full,C,target,near_release,family0057_detach,family0057,5,3.286877414211631,3.777810325846076
full,C,tool,near_release,family0057_detach,family0057,5,4.424652038142085,3.8381554884836078
full,C,all,near_release,family0057_detach,family0057,5,3.855764726176858,3.8079828955233097
full,C,target,all,family0057_engage_pull,family0057,21,1.1350323301961733,1.576427894178778
full,C,target,engage_pull,family0057_engage_pull,family0057,21,1.1350323301961733,1.576427894178778
full,C,target,stationary,family0057_engage_pull,family0057,3,1.3419588018829625,2.213383326306939
full,C,tool,all,family0057_engage_pull,family0057,21,1.3594173083436631,1.449482939538679
full,C,tool,engage_pull,family0057_engage_pull,family0057,21,1.3594173083436631,1.449482939538679
full,C,tool,stationary,family0057_engage_pull,family0057,3,2.1434164761255183,2.8404509648680687
full,C,all,all,family0057_engage_pull,family0057,21,1.247224794323778,1.5129554307176953
full,C,all,engage_pull,family0057_engage_pull,family0057,21,1.247224794323778,1.5129554307176953
full,C,all,stationary,family0057_engage_pull,family0057,3,1.742687658406794,2.526917029172182
full,C,target,near_establish,family0057_engage_pull,family0057,5,1.8417955609038472,3.0748714227229357
full,C,tool,near_establish,family0057_engage_pull,family0057,5,1.6614390769973397,2.0671189529821277
full,C,all,near_establish,family0057_engage_pull,family0057,5,1.7516173422336578,2.570995222777128
full,C,target,moving,family0057_engage_pull,family0057,18,1.100544584915042,1.4702686554907511
full,C,tool,moving,family0057_engage_pull,family0057,18,1.2287507803800206,1.217654935317114
full,C,all,moving,family0057_engage_pull,family0057,18,1.1646476503099419,1.3439618309752808
full,C,target,all,family0057_pass_by,family0057,21,1.1978646091717695,1.5728733712984693
full,C,target,pass_by,family0057_pass_by,family0057,21,1.1978646091717695,1.5728733712984693
full,C,target,stationary,family0057_pass_by,family0057,21,1.1978646091717695,1.5728733712984693
full,C,tool,all,family0057_pass_by,family0057,21,1.3628996620398193,1.2998075606966657
full,C,tool,pass_by,family0057_pass_by,family0057,21,1.3628996620398193,1.2998075606966657
full,C,tool,stationary,family0057_pass_by,family0057,21,1.3628996620398193,1.2998075606966657
full,C,all,all,family0057_pass_by,family0057,21,1.280382136991691,1.4363404119475967
full,C,all,pass_by,family0057_pass_by,family0057,21,1.280382136991691,1.4363404119475967
full,C,all,stationary,family0057_pass_by,family0057,21,1.280382136991691,1.4363404119475967
full,C,target,all,family0069_detach,family0069,21,2.5701288832351565,3.742460588303705
full,C,target,detach,family0069_detach,family0069,21,2.5701288832351565,3.742460588303705
full,C,target,stationary,family0069_detach,family0069,11,1.7923553347248922,2.23180052654987
full,C,tool,all,family0069_detach,family0069,21,3.93602395031069,4.483675334735641
full,C,tool,detach,family0069_detach,family0069,21,3.93602395031069,4.483675334735641
full,C,tool,stationary,family0069_detach,family0069,11,3.441900554621084,4.4221035204827785
full,C,all,all,family0069_detach,family0069,21,3.253076508242105,4.113067972606847
full,C,all,detach,family0069_detach,family0069,21,3.253076508242105,4.113067972606847
full,C,all,stationary,family0069_detach,family0069,11,2.617128119295971,3.3269518753513694
full,C,target,near_establish,family0069_detach,family0069,5,2.217597281560302,3.893673582933843
full,C,tool,near_establish,family0069_detach,family0069,5,2.492788783274591,3.513436485081911
full,C,all,near_establish,family0069_detach,family0069,5,2.3551929043605924,3.70355520863086
full,C,target,moving,family0069_detach,family0069,10,3.4256797865964472,5.404186656232923
full,C,tool,moving,family0069_detach,family0069,10,4.4795596855692565,4.551404330413789
full,C,all,moving,family0069_detach,family0069,10,3.952619736082852,4.977795679587871
full,stationary,target,near_release,family0069_detach,family0069,5,3.938103570443019,5.450256042213653
full,stationary,tool,near_release,family0069_detach,family0069,5,18.563436903059483,30.179056525230408
full,stationary,all,near_release,family0069_detach,family0069,5,11.25077037140727,17.814655229449272
full,stationary,target,all,family0069_engage_pull,family0069,21,4.597698965092772,7.828027956376461
full,stationary,target,engage_pull,family0069_engage_pull,family0069,21,4.597698965092772,7.828027956376461
full,stationary,target,stationary,family0069_engage_pull,family0069,5,0.059644669781278026,0.29808345069284314
full,stationary,tool,all,family0069_engage_pull,family0069,21,5.9713882482832386,10.119442827999592
full,stationary,tool,engage_pull,family0069_engage_pull,family0069,21,5.9713882482832386,10.119442827999592
full,stationary,tool,stationary,family0069_engage_pull,family0069,5,4.872204642742872,8.819922804832458
full,stationary,all,all,family0069_engage_pull,family0069,21,5.284543753424216,8.973735384643078
full,stationary,all,engage_pull,family0069_engage_pull,family0069,21,5.284543753424216,8.973735384643078
full,stationary,all,stationary,family0069_engage_pull,family0069,5,2.465924550779164,4.559003002941608
full,stationary,target,near_establish,family0069_engage_pull,family0069,5,2.852564121030099,5.445015204111314
full,stationary,tool,near_establish,family0069_engage_pull,family0069,5,6.307178270071745,10.509713180363178
full,stationary,all,near_establish,family0069_engage_pull,family0069,5,4.579871473833919,7.9773640260100365
full,stationary,target,moving,family0069_engage_pull,family0069,16,6.015840932377614,10.181135614402592
full,stationary,tool,moving,family0069_engage_pull,family0069,16,6.314883125014603,10.525542835239321
full,stationary,all,moving,family0069_engage_pull,family0069,16,6.165362254250795,10.353339253924787
full,stationary,target,all,family0069_pass_by,family0069,21,2.7460627634246477e-05,2.453831100217891e-05
full,stationary,target,pass_by,family0069_pass_by,family0069,21,2.7460627634246477e-05,2.453831100217891e-05
full,stationary,target,stationary,family0069_pass_by,family0069,21,2.7460627634246477e-05,2.453831100217891e-05
full,stationary,tool,all,family0069_pass_by,family0069,21,6.842442799270863,11.518377345055342
full,stationary,tool,pass_by,family0069_pass_by,family0069,21,6.842442799270863,11.518377345055342
full,stationary,tool,stationary,family0069_pass_by,family0069,21,6.842442799270863,11.518377345055342
full,stationary,all,all,family0069_pass_by,family0069,21,3.4212350257716717,5.759200979290264
full,stationary,all,pass_by,family0069_pass_by,family0069,21,3.4212350257716717,5.759200979290264
full,stationary,all,stationary,family0069_pass_by,family0069,21,3.4212350257716717,5.759200979290264
full,stationary,target,all,family0079_detach,family0079,21,4.9287258924827375,8.178183370626257
full,stationary,target,detach,family0079_detach,family0079,21,4.9287258924827375,8.178183370626257
full,stationary,target,stationary,family0079_detach,family0079,10,0.022362729124658642,0.11094136787921371
full,stationary,tool,all,family0079_detach,family0079,21,15.038036375439592,25.354292221544753
full,stationary,tool,detach,family0079_detach,family0079,21,15.038036375439592,25.354292221544753
full,stationary,tool,stationary,family0079_detach,family0079,10,12.604112434200943,21.095178788527846
full,stationary,all,all,family0079_detach,family0079,21,9.983381045804848,16.766237749141595
full,stationary,all,detach,family0079_detach,family0079,21,9.983381045804848,16.766237749141595
full,stationary,all,stationary,family0079_detach,family0079,10,6.313237803988159,10.603060363791883
full,stationary,target,near_establish,family0079_detach,family0079,5,3.244620747586069,6.5684294636874085
full,stationary,tool,near_establish,family0079_detach,family0079,5,7.668668404221535,13.021539524197578
full,stationary,all,near_establish,family0079_detach,family0079,5,5.456644715741277,9.794984105974436
full,stationary,target,moving,family0079_detach,family0079,11,9.389056040990083,15.512039736759933
full,stationary,tool,moving,family0079_detach,family0079,11,17.250694503838364,29.2262135242874
full,stationary,all,moving,family0079_detach,family0079,11,13.319874902001835,22.3691262812777
full,stationary,target,near_release,family0079_detach,family0079,5,4.443137865648339,6.122834440562741
full,stationary,tool,near_release,family0079_detach,family0079,5,21.009689942002296,34.4397246837616
full,stationary,all,near_release,family0079_detach,family0079,5,12.72641345858574,20.281280763447285
full,constant_velocity,target,near_release,family0069_detach,family0069,5,3.5394363183016253,7.022855733582389
full,constant_velocity,tool,near_release,family0069_detach,family0069,5,5.89354729745537,11.252253851853311
full,constant_velocity,all,near_release,family0069_detach,family0069,5,4.7164922056254,9.137555269990116
full,constant_velocity,target,all,family0069_engage_pull,family0069,21,0.41732761592038786,0.8611131276153184
full,constant_velocity,target,engage_pull,family0069_engage_pull,family0069,21,0.41732761592038786,0.8611131276153184
full,constant_velocity,target,stationary,family0069_engage_pull,family0069,5,0.05972726759893021,0.29822536025960744
full,constant_velocity,tool,all,family0069_engage_pull,family0069,21,0.2814963747065728,0.6364543179145021
full,constant_velocity,tool,engage_pull,family0069_engage_pull,family0069,21,0.2814963747065728,0.6364543179145021
full,constant_velocity,tool,stationary,family0069_engage_pull,family0069,5,1.141040582479036,2.6038622392661637
full,constant_velocity,all,all,family0069_engage_pull,family0069,21,0.3494119792516618,0.7487837142001635
full,constant_velocity,all,engage_pull,family0069_engage_pull,family0069,21,0.3494119792516618,0.7487837142001635
full,constant_velocity,all,stationary,family0069_engage_pull,family0069,5,0.6003839263030386,1.4510438797515235
full,constant_velocity,target,near_establish,family0069_engage_pull,family0069,5,1.7318829956224135,3.5765045925018057
full,constant_velocity,tool,near_establish,family0069_engage_pull,family0069,5,0.033755984441086184,0.054507554523297586
full,constant_velocity,all,near_establish,family0069_engage_pull,family0069,5,0.8828194238049036,1.8155059593482292
full,constant_velocity,target,moving,family0069_engage_pull,family0069,16,0.5290777247708434,1.0370155549139781
full,constant_velocity,tool,moving,family0069_engage_pull,family0069,16,0.012888809777678034,0.02163934249210797
full,constant_velocity,all,moving,family0069_engage_pull,family0069,16,0.2709832457981065,0.5293274124653635
full,constant_velocity,target,all,family0069_pass_by,family0069,21,8.702601576937057e-05,0.0001295829697090496
full,constant_velocity,target,pass_by,family0069_pass_by,family0069,21,8.702601576937057e-05,0.0001295829697090496
full,constant_velocity,target,stationary,family0069_pass_by,family0069,21,8.702601576937057e-05,0.0001295829697090496
full,constant_velocity,tool,all,family0069_pass_by,family0069,21,0.46837460542108256,0.8946718662627973
full,constant_velocity,tool,pass_by,family0069_pass_by,family0069,21,0.46837460542108256,0.8946718662627973
full,constant_velocity,tool,stationary,family0069_pass_by,family0069,21,0.46837460542108256,0.8946718662627973
full,constant_velocity,all,all,family0069_pass_by,family0069,21,0.23423082977896706,0.44740074864486296
full,constant_velocity,all,pass_by,family0069_pass_by,family0069,21,0.23423082977896706,0.44740074864486296
full,constant_velocity,all,stationary,family0069_pass_by,family0069,21,0.23423082977896706,0.44740074864486296
full,constant_velocity,target,all,family0079_detach,family0079,21,2.008252547431274,4.110434739552088
full,constant_velocity,target,detach,family0079_detach,family0079,21,2.008252547431274,4.110434739552088
full,constant_velocity,target,stationary,family0079_detach,family0079,10,0.4964155442976903,0.9011346637990414
full,constant_velocity,tool,all,family0079_detach,family0079,21,3.252816032857351,6.877197072060968
full,constant_velocity,tool,detach,family0079_detach,family0079,21,3.252816032857351,6.877197072060968
full,constant_velocity,tool,stationary,family0079_detach,family0079,10,1.902265635180811,4.066225971837412
full,constant_velocity,all,all,family0079_detach,family0079,21,2.6305342781554266,5.493815745423836
full,constant_velocity,all,detach,family0079_detach,family0079,21,2.6305342781554266,5.493815745423836
full,constant_velocity,all,stationary,family0079_detach,family0079,10,1.1993406133115059,2.4836802353092935
full,constant_velocity,target,near_establish,family0079_detach,family0079,5,2.0774216688423053,4.503046424778745
full,constant_velocity,tool,near_establish,family0079_detach,family0079,5,0.26096070832863916,0.9713857791211922
full,constant_velocity,all,near_establish,family0079_detach,family0079,5,1.1691911524394527,2.7372160751838237
full,constant_velocity,target,moving,family0079_detach,family0079,11,3.3826498230072586,7.027980262963948
full,constant_velocity,tool,moving,family0079_detach,family0079,11,4.480589121654206,9.432625344991472
full,constant_velocity,all,moving,family0079_detach,family0079,11,3.931619428013536,8.230302572800694
full,constant_velocity,target,near_release,family0079_detach,family0079,5,3.8739327281689384,7.693604629571382
full,constant_velocity,tool,near_release,family0079_detach,family0079,5,5.079537793062627,9.626913303509355
full,constant_velocity,all,near_release,family0079_detach,family0079,5,4.476735321804881,8.66025872528553
full,A,target,near_release,family0069_detach,family0069,5,1.4023389900103211,2.192952123004943
full,A,tool,near_release,family0069_detach,family0069,5,3.0690609477460384,5.164905870333314
full,A,all,near_release,family0069_detach,family0069,5,2.2357000270858407,3.678929153829813
full,A,target,all,family0069_engage_pull,family0069,21,1.1554736854685914,1.8910974585672928
full,A,target,engage_pull,family0069_engage_pull,family0069,21,1.1554736854685914,1.8910974585672928
full,A,target,stationary,family0069_engage_pull,family0069,5,1.2904636561870575,2.170436200685799
full,A,tool,all,family0069_engage_pull,family0069,21,1.3920678452233828,2.1626784277725077
full,A,tool,engage_pull,family0069_engage_pull,family0069,21,1.3920678452233828,2.1626784277725077
full,A,tool,stationary,family0069_engage_pull,family0069,5,1.92879110109061,2.306785713881254
full,A,all,all,family0069_engage_pull,family0069,21,1.273770769503677,2.02688792653914
full,A,all,engage_pull,family0069_engage_pull,family0069,21,1.273770769503677,2.02688792653914
full,A,all,stationary,family0069_engage_pull,family0069,5,1.6096273204311728,2.23861092235893
full,A,target,near_establish,family0069_engage_pull,family0069,5,1.5176268410868943,2.0637717214412987
full,A,tool,near_establish,family0069_engage_pull,family0069,5,1.1765254894271493,1.961630186997354
full,A,all,near_establish,family0069_engage_pull,family0069,5,1.3470761477947235,2.0127009134739637
full,A,target,moving,family0069_engage_pull,family0069,16,1.1132893196190707,1.8038041016552597
full,A,tool,moving,family0069_engage_pull,family0069,16,1.2243418277648743,2.1176449008635245
full,A,all,moving,family0069_engage_pull,family0069,16,1.1688155973388348,1.9607244903454557
full,A,target,all,family0069_pass_by,family0069,21,0.6221565417945385,0.7472206489183009
full,A,target,pass_by,family0069_pass_by,family0069,21,0.6221565417945385,0.7472206489183009
full,A,target,stationary,family0069_pass_by,family0069,21,0.6221565417945385,0.7472206489183009
full,A,tool,all,family0069_pass_by,family0069,21,0.8984264831746086,1.1724636895537732
full,A,tool,pass_by,family0069_pass_by,family0069,21,0.8984264831746086,1.1724636895537732
full,A,tool,stationary,family0069_pass_by,family0069,21,0.8984264831746086,1.1724636895537732
full,A,all,all,family0069_pass_by,family0069,21,0.7602915311941788,0.9598421664642436
full,A,all,pass_by,family0069_pass_by,family0069,21,0.7602915311941788,0.9598421664642436
full,A,all,stationary,family0069_pass_by,family0069,21,0.7602915311941788,0.9598421664642436
full,A,target,all,family0079_detach,family0079,21,1.3870045742286103,2.032160007816163
full,A,target,detach,family0079_detach,family0079,21,1.3870045742286103,2.032160007816163
full,A,target,stationary,family0079_detach,family0079,10,0.7462346809916198,0.964258232852444
full,A,tool,all,family0079_detach,family0079,21,2.6547245686829446,3.8291788327374627
full,A,tool,detach,family0079_detach,family0079,21,2.6547245686829446,3.8291788327374627
full,A,tool,stationary,family0079_detach,family0079,10,2.1328957402147353,2.6934129651635885
full,A,all,all,family0079_detach,family0079,21,2.0208646033314013,2.93066946323961
full,A,all,detach,family0079_detach,family0079,21,2.0208646033314013,2.93066946323961
full,A,all,stationary,family0079_detach,family0079,10,1.4395651989616454,1.8288356252014637
full,A,target,near_establish,family0079_detach,family0079,5,1.3247970025986433,2.263253927230835
full,A,tool,near_establish,family0079_detach,family0079,5,1.014886365737766,1.565487659536302
full,A,all,near_establish,family0079_detach,family0079,5,1.1698417132720351,1.914370758458972
full,A,target,moving,family0079_detach,family0079,11,1.9695226589895107,3.0029798032377255
full,A,tool,moving,family0079_detach,family0079,11,3.129114412744953,4.861693257804621
full,A,all,moving,family0079_detach,family0079,11,2.5493186073039067,3.9323365887288344
full,A,target,near_release,family0079_detach,family0079,5,1.4627830358222127,1.859652006532997
full,A,tool,near_release,family0079_detach,family0079,5,3.1015433836728334,4.69875019043684
full,A,all,near_release,family0079_detach,family0079,5,2.2821634309366345,3.279201337136328
full,B,target,near_release,family0069_detach,family0069,5,2.4808862945064902,3.47638443345204
full,B,tool,near_release,family0069_detach,family0069,5,2.9164706356823444,4.477948555722833
full,B,all,near_release,family0069_detach,family0069,5,2.698678430169821,3.977166721597314
full,B,target,all,family0069_engage_pull,family0069,21,1.1889697939512276,1.7133010301872023
full,B,target,engage_pull,family0069_engage_pull,family0069,21,1.1889697939512276,1.7133010301872023
full,B,target,stationary,family0069_engage_pull,family0069,5,1.0985709493979812,1.5939360484480858
full,B,tool,all,family0069_engage_pull,family0069,21,1.2445024719151359,1.8286705127961578
full,B,tool,engage_pull,family0069_engage_pull,family0069,21,1.2445024719151359,1.8286705127961578
full,B,tool,stationary,family0069_engage_pull,family0069,5,1.4120629406534135,1.8117538187652826
full,B,all,all,family0069_engage_pull,family0069,21,1.2167361315472849,1.7709857562468165
full,B,all,engage_pull,family0069_engage_pull,family0069,21,1.2167361315472849,1.7709857562468165
full,B,all,stationary,family0069_engage_pull,family0069,5,1.2553169624879956,1.7028449568897486
full,B,target,near_establish,family0069_engage_pull,family0069,5,1.6769590321928263,2.255989797413349
full,B,tool,near_establish,family0069_engage_pull,family0069,5,0.9967931546270847,1.467297994531691
full,B,all,near_establish,family0069_engage_pull,family0069,5,1.3368760468438268,1.8616439308971167
full,B,target,moving,family0069_engage_pull,family0069,16,1.217219432874117,1.7506025869806763
full,B,tool,moving,family0069_engage_pull,family0069,16,1.192139825434424,1.8339569796808064
full,B,all,moving,family0069_engage_pull,family0069,16,1.204679621878313,1.7922797560459003
full,B,target,all,family0069_pass_by,family0069,21,0.795853327006279,0.9460461608666394
full,B,target,pass_by,family0069_pass_by,family0069,21,0.795853327006279,0.9460461608666394
full,B,target,stationary,family0069_pass_by,family0069,21,0.795853327006279,0.9460461608666394
full,B,tool,all,family0069_pass_by,family0069,21,1.001294167335367,1.1343509790354542
full,B,tool,pass_by,family0069_pass_by,family0069,21,1.001294167335367,1.1343509790354542
full,B,tool,stationary,family0069_pass_by,family0069,21,1.001294167335367,1.1343509790354542
full,B,all,all,family0069_pass_by,family0069,21,0.8985737305400627,1.0401985851959104
full,B,all,pass_by,family0069_pass_by,family0069,21,0.8985737305400627,1.0401985851959104
full,B,all,stationary,family0069_pass_by,family0069,21,0.8985737305400627,1.0401985851959104
full,B,target,all,family0079_detach,family0079,21,1.7253905617898064,2.6053007819601115
full,B,target,detach,family0079_detach,family0079,21,1.7253905617898064,2.6053007819601115
full,B,target,stationary,family0079_detach,family0079,10,1.0574025625828654,1.2088363466318697
full,B,tool,all,family0079_detach,family0079,21,2.98286725523039,4.5482553985147245
full,B,tool,detach,family0079_detach,family0079,21,2.98286725523039,4.5482553985147245
full,B,tool,stationary,family0079_detach,family0079,10,2.6192993740551174,3.303672163747251
full,B,all,all,family0079_detach,family0079,21,2.3541289126677882,3.5767780805361413
full,B,all,detach,family0079_detach,family0079,21,2.3541289126677882,3.5767780805361413
full,B,all,stationary,family0079_detach,family0079,10,1.8383509828709066,2.2562542580999434
full,B,target,near_establish,family0079_detach,family0079,5,1.7165093799121678,2.9312178725376725
full,B,tool,near_establish,family0079_detach,family0079,5,1.869839197024703,3.0079245567321777
full,B,all,near_establish,family0079_detach,family0079,5,1.7931743524968624,2.969571156427264
full,B,target,moving,family0079_detach,family0079,11,2.332652379250662,3.8748139049857855
full,B,tool,moving,family0079_detach,family0079,11,3.313383510844274,5.679694702848792
full,B,all,moving,family0079_detach,family0079,11,2.8230179397558626,4.777254282750866
full,B,target,near_release,family0079_detach,family0079,5,1.9648106768727303,2.5586149422451854
full,B,tool,near_release,family0079_detach,family0079,5,3.1841222662478685,4.71488181501627
full,B,all,near_release,family0079_detach,family0079,5,2.574466448277235,3.636748529970646
full,C,target,near_release,family0069_detach,family0069,5,3.1518474221229553,4.330467293038964
full,C,tool,near_release,family0069_detach,family0069,5,5.213429592549801,5.247528245672584
full,C,all,near_release,family0069_detach,family0069,5,4.182638740167022,4.788997769355774
full,C,target,all,family0069_engage_pull,family0069,21,1.2472596842729087,1.6351402044251917
full,C,target,engage_pull,family0069_engage_pull,family0069,21,1.2472596842729087,1.6351402044251917
full,C,target,stationary,family0069_engage_pull,family0069,5,1.534276781603694,2.204134315252304
full,C,tool,all,family0069_engage_pull,family0069,21,1.6006355872377753,1.7386429909882801
full,C,tool,engage_pull,family0069_engage_pull,family0069,21,1.6006355872377753,1.7386429909882801
full,C,tool,stationary,family0069_engage_pull,family0069,5,2.239122474566102,2.0023070508614182
full,C,all,all,family0069_engage_pull,family0069,21,1.423947651693154,1.6868915769182855
full,C,all,engage_pull,family0069_engage_pull,family0069,21,1.423947651693154,1.6868915769182855
full,C,all,stationary,family0069_engage_pull,family0069,5,1.886699697934091,2.103220601566136
full,C,target,near_establish,family0069_engage_pull,family0069,5,2.034689229913056,3.0409241560846567
full,C,tool,near_establish,family0069_engage_pull,family0069,5,1.5444752294570208,1.6484484542161226
full,C,all,near_establish,family0069_engage_pull,family0069,5,1.7895822180435061,2.3446863051503897
full,C,target,moving,family0069_engage_pull,family0069,16,1.1575668413570384,1.457329544791719
full,C,tool,moving,family0069_engage_pull,family0069,16,1.4011084349476732,1.6562479722779244
full,C,all,moving,family0069_engage_pull,family0069,16,1.279337637242861,1.5567887567158323
full,C,target,all,family0069_pass_by,family0069,21,1.2234148508425624,1.3720895706986387
full,C,target,pass_by,family0069_pass_by,family0069,21,1.2234148508425624,1.3720895706986387
full,C,target,stationary,family0069_pass_by,family0069,21,1.2234148508425624,1.3720895706986387
full,C,tool,all,family0069_pass_by,family0069,21,1.457401773049718,1.3745848056195038
full,C,tool,pass_by,family0069_pass_by,family0069,21,1.457401773049718,1.3745848056195038
full,C,tool,stationary,family0069_pass_by,family0069,21,1.457401773049718,1.3745848056195038
full,C,all,all,family0069_pass_by,family0069,21,1.3404083327345906,1.3733372047898316
full,C,all,pass_by,family0069_pass_by,family0069,21,1.3404083327345906,1.3733372047898316
full,C,all,stationary,family0069_pass_by,family0069,21,1.3404083327345906,1.3733372047898316
full,C,target,all,family0079_detach,family0079,21,2.5442489838626767,3.444618972328802
full,C,target,detach,family0079_detach,family0079,21,2.5442489838626767,3.444618972328802
full,C,target,stationary,family0079_detach,family0079,10,1.4392969605978578,1.5096157439984381
full,C,tool,all,family0079_detach,family0079,21,3.629484396827008,4.157854022369499
full,C,tool,detach,family0079_detach,family0079,21,3.629484396827008,4.157854022369499
full,C,tool,stationary,family0079_detach,family0079,10,3.053972078487277,3.384468820877373
full,C,all,all,family0079_detach,family0079,21,3.0868665780872107,3.8012364945773567
full,C,all,detach,family0079_detach,family0079,21,3.0868665780872107,3.8012364945773567
full,C,all,stationary,family0079_detach,family0079,10,2.2466343478299677,2.4470423348248005
full,C,target,near_establish,family0079_detach,family0079,5,1.9425720907747746,3.6732089007273316
full,C,tool,near_establish,family0079_detach,family0079,5,1.85681760776788,3.023456013761461
full,C,all,near_establish,family0079_detach,family0079,5,1.899694837629795,3.348332503810525
full,C,target,moving,family0079_detach,family0079,11,3.5487508231943306,5.203712816265496
full,C,tool,moving,family0079_detach,family0079,11,4.15267741349949,4.86093147827143
full,C,all,moving,family0079_detach,family0079,11,3.8507140601392496,5.032322094352408
full,C,target,near_release,family0079_detach,family0079,5,3.3121868036687374,3.2379447482526302
full,C,tool,near_release,family0079_detach,family0079,5,3.8705951999872923,3.43874623067677
full,C,all,near_release,family0079_detach,family0079,5,3.5913908388465643,3.338345466181636
full,stationary,target,all,family0079_engage_pull,family0079,21,5.820699840473678,9.90269696189641
full,stationary,target,engage_pull,family0079_engage_pull,family0079,21,5.820699840473678,9.90269696189641
full,stationary,target,stationary,family0079_engage_pull,family0079,4,0.05535080260621328,0.2766792583521749
full,stationary,tool,all,family0079_engage_pull,family0079,21,7.1821887866549545,12.171346450313216
full,stationary,tool,engage_pull,family0079_engage_pull,family0079,21,7.1821887866549545,12.171346450313216
full,stationary,tool,stationary,family0079_engage_pull,family0079,4,5.427594936918467,10.100942919962108
full,stationary,all,all,family0079_engage_pull,family0079,21,6.5014444047673825,11.037021598202132
full,stationary,all,engage_pull,family0079_engage_pull,family0079,21,6.5014444047673825,11.037021598202132
full,stationary,all,stationary,family0079_engage_pull,family0079,4,2.7414729702286422,5.188811046537012
full,stationary,target,near_establish,family0079_engage_pull,family0079,5,3.1495758329530332,6.093204797389973
full,stationary,tool,near_establish,family0079_engage_pull,family0079,5,7.595702912658453,12.656711600720882
full,stationary,all,near_establish,family0079_engage_pull,family0079,5,5.372639326378703,9.374957624822855
full,stationary,target,moving,family0079_engage_pull,family0079,17,7.177252555266023,12.167642303906819
full,stationary,tool,moving,family0079_engage_pull,family0079,17,7.595034398357658,12.658500222160535
full,stationary,all,moving,family0079_engage_pull,family0079,17,7.386143565835321,12.413071139770395
full,stationary,target,all,family0079_pass_by,family0079,21,2.1624422041370617e-05,2.159142828549507e-05
full,stationary,target,pass_by,family0079_pass_by,family0079,21,2.1624422041370617e-05,2.159142828549507e-05
full,stationary,target,stationary,family0079_pass_by,family0079,21,2.1624422041370617e-05,2.159142828549507e-05
full,stationary,tool,all,family0079_pass_by,family0079,21,6.795786565080995,11.420227808966523
full,stationary,tool,pass_by,family0079_pass_by,family0079,21,6.795786565080995,11.420227808966523
full,stationary,tool,stationary,family0079_pass_by,family0079,21,6.795786565080995,11.420227808966523
full,stationary,all,all,family0079_pass_by,family0079,21,3.397904136883361,5.710124592518523
full,stationary,all,pass_by,family0079_pass_by,family0079,21,3.397904136883361,5.710124592518523
full,stationary,all,stationary,family0079_pass_by,family0079,21,3.397904136883361,5.710124592518523
full,stationary,target,all,family0089_detach,family0089,21,5.9186069908152135,9.828500865637578
full,stationary,target,detach,family0089_detach,family0089,21,5.9186069908152135,9.828500865637578
full,stationary,target,stationary,family0089_detach,family0089,9,0.03990398337015853,0.19919990042025246
full,stationary,tool,all,family0089_detach,family0089,21,16.285332862199063,27.379630887437436
full,stationary,tool,detach,family0089_detach,family0089,21,16.285332862199063,27.379630887437436
full,stationary,tool,stationary,family0089_detach,family0089,9,13.904370600357652,23.35979261746009
full,stationary,all,all,family0089_detach,family0089,21,11.101970338218269,18.604065602024395
full,stationary,all,detach,family0089_detach,family0089,21,11.101970338218269,18.604065602024395
full,stationary,all,stationary,family0089_detach,family0089,9,6.972137942082352,11.779496756692728
full,stationary,target,near_establish,family0089_detach,family0089,5,3.973983667416192,7.610407543152675
full,stationary,tool,near_establish,family0089_detach,family0089,5,8.992806822061539,14.99592773616314
full,stationary,all,near_establish,family0089_detach,family0089,5,6.483395490795374,11.303167510777712
full,stationary,target,moving,family0089_detach,family0089,12,10.327634246399006,17.050476589550573
full,stationary,tool,moving,family0089_detach,family0089,12,18.07105455858012,30.394509589920442
full,stationary,all,moving,family0089_detach,family0089,12,14.199344635320207,23.722492236023147
full,stationary,target,near_release,family0089_detach,family0089,4,5.079771142611822,6.716380217190121
full,stationary,tool,near_release,family0089_detach,family0089,4,21.889505442231894,35.53071245551109
full,stationary,all,near_release,family0089_detach,family0089,4,13.484637718647718,21.123547106981277
full,constant_velocity,target,all,family0079_engage_pull,family0079,21,0.48547338533515877,1.011019569807288
full,constant_velocity,target,engage_pull,family0079_engage_pull,family0079,21,0.48547338533515877,1.011019569807288
full,constant_velocity,target,stationary,family0079_engage_pull,family0079,4,0.05539867377990504,0.27675948295069475
full,constant_velocity,tool,all,family0079_engage_pull,family0079,21,0.3362792425117992,0.7624225398623301
full,constant_velocity,tool,engage_pull,family0079_engage_pull,family0079,21,0.3362792425117992,0.7624225398623301
full,constant_velocity,tool,stationary,family0079_engage_pull,family0079,4,1.7098718149100023,3.9066798808562453
full,constant_velocity,all,all,family0079_engage_pull,family0079,21,0.41087630071550457,0.886721051171792
full,constant_velocity,all,engage_pull,family0079_engage_pull,family0079,21,0.41087630071550457,0.886721051171792
full,constant_velocity,all,stationary,family0079_engage_pull,family0079,4,0.8826352022879291,2.0917196306982078
full,constant_velocity,target,near_establish,family0079_engage_pull,family0079,5,2.018160263001789,4.2067393955761645
full,constant_velocity,tool,near_establish,family0079_engage_pull,family0079,5,0.10073566991195548,0.17026058412739076
full,constant_velocity,all,near_establish,family0079_engage_pull,family0079,5,1.059447941952385,2.188500022748485
full,constant_velocity,target,moving,family0079_engage_pull,family0079,17,0.5866674351128656,1.1837866490676627
full,constant_velocity,tool,moving,family0079_engage_pull,family0079,17,0.01308099018281021,0.022597283157879514
full,constant_velocity,all,moving,family0079_engage_pull,family0079,17,0.29987420622787525,0.6031919736361648
full,constant_velocity,target,all,family0079_pass_by,family0079,21,7.965590912798841e-05,0.00011823907203598711
full,constant_velocity,target,pass_by,family0079_pass_by,family0079,21,7.965590912798841e-05,0.00011823907203598711
full,constant_velocity,target,stationary,family0079_pass_by,family0079,21,7.965590912798841e-05,0.00011823907203598711
full,constant_velocity,tool,all,family0079_pass_by,family0079,21,0.35161747301312324,0.6791885256938085
full,constant_velocity,tool,pass_by,family0079_pass_by,family0079,21,0.35161747301312324,0.6791885256938085
full,constant_velocity,tool,stationary,family0079_pass_by,family0079,21,0.35161747301312324,0.6791885256938085
full,constant_velocity,all,all,family0079_pass_by,family0079,21,0.17584854878718725,0.3396533516024647
full,constant_velocity,all,pass_by,family0079_pass_by,family0079,21,0.17584854878718725,0.3396533516024647
full,constant_velocity,all,stationary,family0079_pass_by,family0079,21,0.17584854878718725,0.3396533516024647
full,constant_velocity,target,all,family0089_detach,family0089,21,1.9615137642476488,4.08518218922081
full,constant_velocity,target,detach,family0089_detach,family0089,21,1.9615137642476488,4.08518218922081
full,constant_velocity,target,stationary,family0089_detach,family0089,9,0.2107670771280823,0.4839575375794109
full,constant_velocity,tool,all,family0089_detach,family0089,21,3.2425821038833376,6.788534965900388
full,constant_velocity,tool,detach,family0089_detach,family0089,21,3.2425821038833376,6.788534965900388
full,constant_velocity,tool,stationary,family0089_detach,family0089,9,2.566445025473109,4.777772428699084
full,constant_velocity,all,all,family0089_detach,family0089,21,2.6020479553629965,5.436858459558737
full,constant_velocity,all,detach,family0089_detach,family0089,21,2.6020479553629965,5.436858459558737
full,constant_velocity,all,stationary,family0089_detach,family0089,9,1.3886059987271437,2.6308649442701912
full,constant_velocity,target,near_establish,family0089_detach,family0089,5,2.44713288265217,5.065306155792371
full,constant_velocity,tool,near_establish,family0089_detach,family0089,5,1.8244141727336682,3.051186212906032
full,constant_velocity,all,near_establish,family0089_detach,family0089,5,2.1357736666686833,4.058246093336493
full,constant_velocity,target,moving,family0089_detach,family0089,12,3.2745737795873233,6.78610067795186
full,constant_velocity,tool,moving,family0089_detach,family0089,12,3.7496849126910092,8.296606868801367
full,constant_velocity,all,moving,family0089_detach,family0089,12,3.512129422839886,7.5413535960251465
full,constant_velocity,target,near_release,family0089_detach,family0089,4,4.211734660202637,8.348562580067664
full,constant_velocity,tool,near_release,family0089_detach,family0089,4,4.130541383347008,8.143659913912416
full,constant_velocity,all,near_release,family0089_detach,family0089,4,4.171137814410031,8.246110868640244
full,A,target,all,family0079_engage_pull,family0079,21,0.7993452364601017,0.9641617833126691
full,A,target,engage_pull,family0079_engage_pull,family0079,21,0.7993452364601017,0.9641617833126691
full,A,target,stationary,family0079_engage_pull,family0079,4,0.9721878013806418,1.4352149737533182
full,A,tool,all,family0079_engage_pull,family0079,21,0.9253045275164324,1.0920818229871136
full,A,tool,engage_pull,family0079_engage_pull,family0079,21,0.9253045275164324,1.0920818229871136
full,A,tool,stationary,family0079_engage_pull,family0079,4,1.9576681952457875,2.383083163294941
full,A,all,all,family0079_engage_pull,family0079,21,0.862324895847234,1.0281218080005299
full,A,all,engage_pull,family0079_engage_pull,family0079,21,0.862324895847234,1.0281218080005299
full,A,all,stationary,family0079_engage_pull,family0079,4,1.4649280346930027,1.909149083076045
full,A,target,near_establish,family0079_engage_pull,family0079,5,1.3459219597280025,1.9485089927911758
full,A,tool,near_establish,family0079_engage_pull,family0079,5,0.9518987266346812,1.3646161183714867
full,A,all,near_establish,family0079_engage_pull,family0079,5,1.1489103781059384,1.6565625322982669
full,A,target,moving,family0079_engage_pull,family0079,17,0.7586763976552688,0.8533257385031047
full,A,tool,moving,family0079_engage_pull,family0079,17,0.6823954292271724,0.7883168017382131
full,A,all,moving,family0079_engage_pull,family0079,17,0.7205359220011708,0.8208212726886439
full,A,target,all,family0079_pass_by,family0079,21,0.6699306541122496,0.5976576496669579
full,A,target,pass_by,family0079_pass_by,family0079,21,0.6699306541122496,0.5976576496669579
full,A,target,stationary,family0079_pass_by,family0079,21,0.6699306541122496,0.5976576496669579
full,A,tool,all,family0079_pass_by,family0079,21,0.7009936380200088,0.717925301398195
full,A,tool,pass_by,family0079_pass_by,family0079,21,0.7009936380200088,0.717925301398195
full,A,tool,stationary,family0079_pass_by,family0079,21,0.7009936380200088,0.717925301398195
full,A,all,all,family0079_pass_by,family0079,21,0.6854621682404762,0.6577914658312997
full,A,all,pass_by,family0079_pass_by,family0079,21,0.6854621682404762,0.6577914658312997
full,A,all,stationary,family0079_pass_by,family0079,21,0.6854621682404762,0.6577914658312997
full,A,target,all,family0089_detach,family0089,21,1.7268233655375385,2.80184229043135
full,A,target,detach,family0089_detach,family0089,21,1.7268233655375385,2.80184229043135
full,A,target,stationary,family0089_detach,family0089,9,0.91862379728506,1.2365405790559534
full,A,tool,all,family0089_detach,family0089,21,2.6406570659240796,4.023818016451385
full,A,tool,detach,family0089_detach,family0089,21,2.6406570659240796,4.023818016451385
full,A,tool,stationary,family0089_detach,family0089,9,1.8297675867668457,2.384161900004579
full,A,all,all,family0089_detach,family0089,21,2.183740254535916,3.4128302026406994
full,A,all,detach,family0089_detach,family0089,21,2.183740254535916,3.4128302026406994
full,A,all,stationary,family0089_detach,family0089,9,1.3741956920259528,1.8103512637834582
full,A,target,near_establish,family0089_detach,family0089,5,1.7496931366622448,2.706401003524661
full,A,tool,near_establish,family0089_detach,family0089,5,2.0849745254963636,3.226738655939698
full,A,all,near_establish,family0089_detach,family0089,5,1.9173338310793042,2.9665698762983084
full,A,target,moving,family0089_detach,family0089,12,2.332973041726897,3.975818573962897
full,A,tool,moving,family0089_detach,family0089,12,3.2488241752920053,5.253560103786488
full,A,all,moving,family0089_detach,family0089,12,2.7908986764183887,4.61468940678363
full,A,target,near_release,family0089_detach,family0089,4,1.6276903479592875,2.422030927846208
full,A,tool,near_release,family0089_detach,family0089,4,2.895438839914277,4.677853838074952
full,A,all,near_release,family0089_detach,family0089,4,2.261564659420401,3.549942484823987
full,B,target,all,family0079_engage_pull,family0079,21,1.0691665839182125,1.514649154463162
full,B,target,engage_pull,family0079_engage_pull,family0079,21,1.0691665839182125,1.514649154463162
full,B,target,stationary,family0079_engage_pull,family0079,4,0.8778899791650474,1.1294688883936033
full,B,tool,all,family0079_engage_pull,family0079,21,1.2432876475421446,1.5012873419826585
full,B,tool,engage_pull,family0079_engage_pull,family0079,21,1.2432876475421446,1.5012873419826585
full,B,tool,stationary,family0079_engage_pull,family0079,4,2.290219970745966,3.3644879586063325
full,B,all,all,family0079_engage_pull,family0079,21,1.1562271198878686,1.5079682288203566
full,B,all,engage_pull,family0079_engage_pull,family0079,21,1.1562271198878686,1.5079682288203566
full,B,all,stationary,family0079_engage_pull,family0079,4,1.5840550186112523,2.2469783725682646
full,B,target,near_establish,family0079_engage_pull,family0079,5,1.7677688621915877,2.6348037412390113
full,B,tool,near_establish,family0079_engage_pull,family0079,5,1.8296768190339208,2.652458497323096
full,B,all,near_establish,family0079_engage_pull,family0079,5,1.798722892999649,2.6436311192810535
full,B,target,moving,family0079_engage_pull,family0079,17,1.1141728438601337,1.6052798053030581
full,B,tool,moving,family0079_engage_pull,family0079,17,0.996950630317716,1.062887196894735
full,B,all,moving,family0079_engage_pull,family0079,17,1.0555617319529547,1.3340834891149664
full,B,target,all,family0079_pass_by,family0079,21,0.798965380194464,0.7787932159512171
full,B,target,pass_by,family0079_pass_by,family0079,21,0.798965380194464,0.7787932159512171
full,B,target,stationary,family0079_pass_by,family0079,21,0.798965380194464,0.7787932159512171
full,B,tool,all,family0079_pass_by,family0079,21,0.7239419584428626,0.920506920443759
full,B,tool,pass_by,family0079_pass_by,family0079,21,0.7239419584428626,0.920506920443759
full,B,tool,stationary,family0079_pass_by,family0079,21,0.7239419584428626,0.920506920443759
full,B,all,all,family0079_pass_by,family0079,21,0.7614536693186632,0.8496500778987649
full,B,all,pass_by,family0079_pass_by,family0079,21,0.7614536693186632,0.8496500778987649
full,B,all,stationary,family0079_pass_by,family0079,21,0.7614536693186632,0.8496500778987649
full,B,target,all,family0089_detach,family0089,21,1.8220484461857094,2.899986420137187
full,B,target,detach,family0089_detach,family0089,21,1.8220484461857094,2.899986420137187
full,B,target,stationary,family0089_detach,family0089,9,0.8965162754369279,1.0710711099414363
full,B,tool,all,family0089_detach,family0089,21,3.170590775664009,4.807162614140127
full,B,tool,detach,family0089_detach,family0089,21,3.170590775664009,4.807162614140127
full,B,tool,stationary,family0089_detach,family0089,9,2.908269641920924,3.97503229841176
full,B,all,all,family0089_detach,family0089,21,2.4963195790492354,3.85357449496431
full,B,all,detach,family0089_detach,family0089,21,2.4963195790492354,3.85357449496431
full,B,all,stationary,family0089_detach,family0089,9,1.902392961912685,2.523051704176598
full,B,target,near_establish,family0089_detach,family0089,5,1.9695688039064407,3.252693125978112
full,B,tool,near_establish,family0089_detach,family0089,5,2.715743030421436,4.254501452669501
full,B,all,near_establish,family0089_detach,family0089,5,2.3426559288054705,3.753597242757678
full,B,target,moving,family0089_detach,family0089,12,2.5161975742472955,4.271672902784
full,B,tool,moving,family0089_detach,family0089,12,3.3673316259713224,5.431260350936403
full,B,all,moving,family0089_detach,family0089,12,2.941764541901648,4.851466588055094
full,B,target,near_release,family0089_detach,family0089,4,2.026304602622986,2.9088007286190987
full,B,tool,near_release,family0089_detach,family0089,4,2.7847211458720267,4.21231595100835
full,B,all,near_release,family0089_detach,family0089,4,2.405512990662828,3.5605584853328764
full,C,target,all,family0079_engage_pull,family0079,21,1.1079533779550166,1.5979502779719907
full,C,target,engage_pull,family0079_engage_pull,family0079,21,1.1079533779550166,1.5979502779719907
full,C,target,stationary,family0079_engage_pull,family0079,4,1.2134809512645006,1.8253334565088153
full,C,tool,all,family0079_engage_pull,family0079,21,1.683376679596092,1.6894899807604296
full,C,tool,engage_pull,family0079_engage_pull,family0079,21,1.683376679596092,1.6894899807604296
full,C,tool,stationary,family0079_engage_pull,family0079,4,2.9172676149755716,3.387771372217685
full,C,all,all,family0079_engage_pull,family0079,21,1.3956649871986537,1.6437201494617122
full,C,all,engage_pull,family0079_engage_pull,family0079,21,1.3956649871986537,1.6437201494617122
full,C,all,stationary,family0079_engage_pull,family0079,4,2.0653741958085448,2.6065524434670806
full,C,target,near_establish,family0079_engage_pull,family0079,5,1.990643236786127,3.3731336006894708
full,C,tool,near_establish,family0079_engage_pull,family0079,5,1.835292438045144,2.684493223205209
full,C,all,near_establish,family0079_engage_pull,family0079,5,1.9129678141325712,3.0288134701550007
full,C,target,moving,family0079_engage_pull,family0079,17,1.0831233607057262,1.544448353610385
full,C,tool,moving,family0079_engage_pull,family0079,17,1.3930494006832732,1.2898943592410754
full,C,all,moving,family0079_engage_pull,family0079,17,1.2380863498786794,1.4171713744016254
full,C,target,all,family0079_pass_by,family0079,21,1.2058325366870988,1.4520597233924837
full,C,target,pass_by,family0079_pass_by,family0079,21,1.2058325366870988,1.4520597233924837
full,C,target,stationary,family0079_pass_by,family0079,21,1.2058325366870988,1.4520597233924837
full,C,tool,all,family0079_pass_by,family0079,21,1.2532589302974797,1.2285215253498227
full,C,tool,pass_by,family0079_pass_by,family0079,21,1.2532589302974797,1.2285215253498227
full,C,tool,stationary,family0079_pass_by,family0079,21,1.2532589302974797,1.2285215253498227
full,C,all,all,family0079_pass_by,family0079,21,1.2295456836000085,1.3402906423878103
full,C,all,pass_by,family0079_pass_by,family0079,21,1.2295456836000085,1.3402906423878103
full,C,all,stationary,family0079_pass_by,family0079,21,1.2295456836000085,1.3402906423878103
full,C,target,all,family0089_detach,family0089,21,3.0422788335099105,4.0859139546574585
full,C,target,detach,family0089_detach,family0089,21,3.0422788335099105,4.0859139546574585
full,C,target,stationary,family0089_detach,family0089,9,1.7793753908740149,1.8542319691429536
full,C,tool,all,family0089_detach,family0089,21,3.843896329358575,4.577444633468986
full,C,tool,detach,family0089_detach,family0089,21,3.843896329358575,4.577444633468986
full,C,tool,stationary,family0089_detach,family0089,9,3.3502318741132817,3.989680049320062
full,C,all,all,family0089_detach,family0089,21,3.4430877117085315,4.331679244170941
full,C,all,detach,family0089_detach,family0089,21,3.4430877117085315,4.331679244170941
full,C,all,stationary,family0089_detach,family0089,9,2.5648037877140775,2.921955931621293
full,C,target,near_establish,family0089_detach,family0089,5,2.452026051469147,4.273474658839405
full,C,tool,near_establish,family0089_detach,family0089,5,2.3861690191552043,4.024221235886216
full,C,all,near_establish,family0089_detach,family0089,5,2.419097675010562,4.148848028853536
full,C,target,moving,family0089_detach,family0089,12,3.9894564154868326,5.759675443793337
full,C,tool,moving,family0089_detach,family0089,12,4.214144670792545,5.018268071580678
full,C,all,moving,family0089_detach,family0089,12,4.101800654704372,5.388971728583177
full,C,target,near_release,family0089_detach,family0089,4,4.278474021703005,4.334667406510562
full,C,tool,near_release,family0089_detach,family0089,4,5.130186909809709,4.487352503929287
full,C,all,near_release,family0089_detach,family0089,4,4.7043305821716785,4.4110099552199244
full,stationary,target,all,family0089_engage_pull,family0089,21,7.3924290095001695,12.556326336071995
full,stationary,target,engage_pull,family0089_engage_pull,family0089,21,7.3924290095001695,12.556326336071995
full,stationary,target,stationary,family0089_engage_pull,family0089,3,0.11945760420080849,0.5972190137632319
full,stationary,tool,all,family0089_engage_pull,family0089,21,8.751760381052183,14.731850519421554
full,stationary,tool,engage_pull,family0089_engage_pull,family0089,21,8.751760381052183,14.731850519421554
full,stationary,tool,stationary,family0089_engage_pull,family0089,3,7.176913398628433,12.978133745491505
full,stationary,all,all,family0089_engage_pull,family0089,21,8.072094481793188,13.644088325755936
full,stationary,all,engage_pull,family0089_engage_pull,family0089,21,8.072094481793188,13.644088325755936
full,stationary,all,stationary,family0089_engage_pull,family0089,3,3.6481857920686402,6.787676364183426
full,stationary,target,near_establish,family0089_engage_pull,family0089,5,3.973983667416192,7.610407543152675
full,stationary,tool,near_establish,family0089_engage_pull,family0089,5,8.992806822061539,14.99592773616314
full,stationary,all,near_establish,family0089_engage_pull,family0089,5,6.483395490795374,11.303167510777712
full,stationary,target,moving,family0089_engage_pull,family0089,18,8.604590910383397,14.549510889790124
full,stationary,tool,moving,family0089_engage_pull,family0089,18,9.014234878122807,15.024136648409897
full,stationary,all,moving,family0089_engage_pull,family0089,18,8.80941259674728,14.786823652684689
full,stationary,target,all,family0089_pass_by,family0089,21,2.2590984786556117e-05,2.5593326315385768e-05
full,stationary,target,pass_by,family0089_pass_by,family0089,21,2.2590984786556117e-05,2.5593326315385768e-05
full,stationary,target,stationary,family0089_pass_by,family0089,21,2.2590984786556117e-05,2.5593326315385768e-05
full,stationary,tool,all,family0089_pass_by,family0089,21,6.7784084517153955,11.390885781674157
full,stationary,tool,pass_by,family0089_pass_by,family0089,21,6.7784084517153955,11.390885781674157
full,stationary,tool,stationary,family0089_pass_by,family0089,21,6.7784084517153955,11.390885781674157
full,stationary,all,all,family0089_pass_by,family0089,21,3.389215512600328,5.695455685435307
full,stationary,all,pass_by,family0089_pass_by,family0089,21,3.389215512600328,5.695455685435307
full,stationary,all,stationary,family0089_pass_by,family0089,21,3.389215512600328,5.695455685435307
full,constant_velocity,target,all,family0089_engage_pull,family0089,21,0.5854564534403938,1.2111561271089228
full,constant_velocity,target,engage_pull,family0089_engage_pull,family0089,21,0.5854564534403938,1.2111561271089228
full,constant_velocity,target,stationary,family0089_engage_pull,family0089,3,0.11949807023133492,0.5972589492107735
full,constant_velocity,tool,all,family0089_engage_pull,family0089,21,0.6070240207128292,1.1578102447358452
full,constant_velocity,tool,engage_pull,family0089_engage_pull,family0089,21,0.6070240207128292,1.1578102447358452
full,constant_velocity,tool,stationary,family0089_engage_pull,family0089,3,4.170658314251341,7.972120352860657
full,constant_velocity,all,all,family0089_engage_pull,family0089,21,0.5962402706570303,1.1844831611987112
full,constant_velocity,all,engage_pull,family0089_engage_pull,family0089,21,0.5962402706570303,1.1844831611987112
full,constant_velocity,all,stationary,family0089_engage_pull,family0089,3,2.145078304844598,4.28468957155322
full,constant_velocity,target,near_establish,family0089_engage_pull,family0089,5,2.44713288265217,5.065306155792371
full,constant_velocity,tool,near_establish,family0089_engage_pull,family0089,5,1.8244141727336682,3.051186212906032
full,constant_velocity,all,near_establish,family0089_engage_pull,family0089,5,2.1357736666686833,4.058246093336493
full,constant_velocity,target,moving,family0089_engage_pull,family0089,18,0.6631161839752369,1.3134723234252812
full,constant_velocity,tool,moving,family0089_engage_pull,family0089,18,0.013084971789743981,0.022091893381709977
full,constant_velocity,all,moving,family0089_engage_pull,family0089,18,0.33810059829243577,0.667782092806293
full,constant_velocity,target,all,family0089_pass_by,family0089,21,8.446923330108716e-05,0.0001329412932753777
full,constant_velocity,target,pass_by,family0089_pass_by,family0089,21,8.446923330108716e-05,0.0001329412932753777
full,constant_velocity,target,stationary,family0089_pass_by,family0089,21,8.446923330108716e-05,0.0001329412932753777
full,constant_velocity,tool,all,family0089_pass_by,family0089,21,0.35054406589551945,0.6773713083757251
full,constant_velocity,tool,pass_by,family0089_pass_by,family0089,21,0.35054406589551945,0.6773713083757251
full,constant_velocity,tool,stationary,family0089_pass_by,family0089,21,0.35054406589551945,0.6773713083757251
full,constant_velocity,all,all,family0089_pass_by,family0089,21,0.17531428283118225,0.3387521245215231
full,constant_velocity,all,pass_by,family0089_pass_by,family0089,21,0.17531428283118225,0.3387521245215231
full,constant_velocity,all,stationary,family0089_pass_by,family0089,21,0.17531428283118225,0.3387521245215231
full,A,target,all,family0089_engage_pull,family0089,21,1.01933353358791,1.5188739191563356
full,A,target,engage_pull,family0089_engage_pull,family0089,21,1.01933353358791,1.5188739191563356
full,A,target,stationary,family0089_engage_pull,family0089,3,1.522785712343951,2.3218666513760886
full,A,tool,all,family0089_engage_pull,family0089,21,1.389478078289401,1.9115399059263014
full,A,tool,engage_pull,family0089_engage_pull,family0089,21,1.389478078289401,1.9115399059263014
full,A,tool,stationary,family0089_engage_pull,family0089,3,2.5603373845418296,3.6185780772939324
full,A,all,all,family0089_engage_pull,family0089,21,1.2044058114822422,1.7152068959105582
full,A,all,engage_pull,family0089_engage_pull,family0089,21,1.2044058114822422,1.7152068959105582
full,A,all,stationary,family0089_engage_pull,family0089,3,2.0415615290403366,2.970222461347779
full,A,target,near_establish,family0089_engage_pull,family0089,5,1.7496931366622448,2.706401003524661
full,A,tool,near_establish,family0089_engage_pull,family0089,5,2.0849745254963636,3.226738655939698
full,A,all,near_establish,family0089_engage_pull,family0089,5,1.9173338310793042,2.9665698762983084
full,A,target,moving,family0089_engage_pull,family0089,18,0.9354248371285697,1.3850417971197102
full,A,tool,moving,family0089_engage_pull,family0089,18,1.194334860580663,1.627033544031696
full,A,all,moving,family0089_engage_pull,family0089,18,1.0648798585558932,1.506037635004355
full,A,target,all,family0089_pass_by,family0089,21,0.6991805026440748,0.7163661274327231
full,A,target,pass_by,family0089_pass_by,family0089,21,0.6991805026440748,0.7163661274327231
full,A,target,stationary,family0089_pass_by,family0089,21,0.6991805026440748,0.7163661274327231
full,A,tool,all,family0089_pass_by,family0089,21,0.7202501874417067,0.8874373244387763
full,A,tool,pass_by,family0089_pass_by,family0089,21,0.7202501874417067,0.8874373244387763
full,A,tool,stationary,family0089_pass_by,family0089,21,0.7202501874417067,0.8874373244387763
full,A,all,all,family0089_pass_by,family0089,21,0.7097153297980272,0.8019017238569047
full,A,all,pass_by,family0089_pass_by,family0089,21,0.7097153297980272,0.8019017238569047
full,A,all,stationary,family0089_pass_by,family0089,21,0.7097153297980272,0.8019017238569047
full,B,target,all,family0089_engage_pull,family0089,21,1.0496370322514503,1.612226991537249
full,B,target,engage_pull,family0089_engage_pull,family0089,21,1.0496370322514503,1.612226991537249
full,B,target,stationary,family0089_engage_pull,family0089,3,1.0033957078121603,1.4002434133241575
full,B,tool,all,family0089_engage_pull,family0089,21,1.5060060873760708,2.009667833113954
full,B,tool,engage_pull,family0089_engage_pull,family0089,21,1.5060060873760708,2.009667833113954
full,B,tool,stationary,family0089_engage_pull,family0089,3,3.053156270956,4.661137975441913
full,B,all,all,family0089_engage_pull,family0089,21,1.2778215819881076,1.8109473915371512
full,B,all,engage_pull,family0089_engage_pull,family0089,21,1.2778215819881076,1.8109473915371512
full,B,all,stationary,family0089_engage_pull,family0089,3,2.028275979682803,3.0306906749804816
full,B,target,near_establish,family0089_engage_pull,family0089,5,1.9695688039064407,3.252693125978112
full,B,tool,near_establish,family0089_engage_pull,family0089,5,2.715743030421436,4.254501452669501
full,B,all,near_establish,family0089_engage_pull,family0089,5,2.3426559288054705,3.753597242757678
full,B,target,moving,family0089_engage_pull,family0089,18,1.0573439196579986,1.6475575879060973
full,B,tool,moving,family0089_engage_pull,family0089,18,1.2481477234460827,1.567756142725961
full,B,all,moving,family0089_engage_pull,family0089,18,1.1527458490389917,1.6076568442965962
full,B,target,all,family0089_pass_by,family0089,21,0.9667571118500616,0.9144222685357645
full,B,target,pass_by,family0089_pass_by,family0089,21,0.9667571118500616,0.9144222685357645
full,B,target,stationary,family0089_pass_by,family0089,21,0.9667571118500616,0.9144222685357645
full,B,tool,all,family0089_pass_by,family0089,21,0.6900700807039227,0.8220146188423747
full,B,tool,pass_by,family0089_pass_by,family0089,21,0.6900700807039227,0.8220146188423747
full,B,tool,stationary,family0089_pass_by,family0089,21,0.6900700807039227,0.8220146188423747
full,B,all,all,family0089_pass_by,family0089,21,0.8284136032064756,0.868218424286516
full,B,all,pass_by,family0089_pass_by,family0089,21,0.8284136032064756,0.868218424286516
full,B,all,stationary,family0089_pass_by,family0089,21,0.8284136032064756,0.868218424286516
full,C,target,all,family0089_engage_pull,family0089,21,1.4686267434929807,2.18141018523879
full,C,target,engage_pull,family0089_engage_pull,family0089,21,1.4686267434929807,2.18141018523879
full,C,target,stationary,family0089_engage_pull,family0089,3,1.6980895694966118,2.356002611729006
full,C,tool,all,family0089_engage_pull,family0089,21,1.8801827127823518,2.3764841025695205
full,C,tool,engage_pull,family0089_engage_pull,family0089,21,1.8801827127823518,2.3764841025695205
full,C,tool,stationary,family0089_engage_pull,family0089,3,3.159180205936233,4.333580999324719
full,C,all,all,family0089_engage_pull,family0089,21,1.6744048002042942,2.278947193796436
full,C,all,engage_pull,family0089_engage_pull,family0089,21,1.6744048002042942,2.278947193796436
full,C,all,stationary,family0089_engage_pull,family0089,3,2.428635023534298,3.3447917085140944
full,C,target,near_establish,family0089_engage_pull,family0089,5,2.452026051469147,4.273474658839405
full,C,tool,near_establish,family0089_engage_pull,family0089,5,2.3861690191552043,4.024221235886216
full,C,all,near_establish,family0089_engage_pull,family0089,5,2.419097675010562,4.148848028853536
full,C,target,moving,family0089_engage_pull,family0089,18,1.4303829391590424,2.152311447490421
full,C,tool,moving,family0089_engage_pull,family0089,18,1.6670164639233715,2.050301286443654
full,C,all,moving,family0089_engage_pull,family0089,18,1.5486997629826267,2.101306441343493
full,C,target,all,family0089_pass_by,family0089,21,1.1619819865916812,1.3597905247782667
full,C,target,pass_by,family0089_pass_by,family0089,21,1.1619819865916812,1.3597905247782667
full,C,target,stationary,family0089_pass_by,family0089,21,1.1619819865916812,1.3597905247782667
full,C,tool,all,family0089_pass_by,family0089,21,1.3874833516421772,1.2338185111903364
full,C,tool,pass_by,family0089_pass_by,family0089,21,1.3874833516421772,1.2338185111903364
full,C,tool,stationary,family0089_pass_by,family0089,21,1.3874833516421772,1.2338185111903364
full,C,all,all,family0089_pass_by,family0089,21,1.274732656643859,1.296804502739438
full,C,all,pass_by,family0089_pass_by,family0089,21,1.274732656643859,1.296804502739438
full,C,all,stationary,family0089_pass_by,family0089,21,1.274732656643859,1.296804502739438
masked,stationary,target,all,family0004_detach,family0004,21,4.546790739163716,7.558220252957434
masked,stationary,target,detach,family0004_detach,family0004,21,4.546790739163716,7.558220252957434
masked,stationary,target,stationary,family0004_detach,family0004,10,0.0002387982267038069,0.00029920718533915647
masked,stationary,tool,all,family0004_detach,family0004,21,14.708130797814755,24.672344814808596
masked,stationary,tool,detach,family0004_detach,family0004,21,14.708130797814755,24.672344814808596
masked,stationary,tool,stationary,family0004_detach,family0004,10,12.786775175482035,21.380515303462744
masked,stationary,all,all,family0004_detach,family0004,21,9.627460734918714,16.11528257351546
masked,stationary,all,detach,family0004_detach,family0004,21,9.627460734918714,16.11528257351546
masked,stationary,all,stationary,family0004_detach,family0004,10,6.393506960012019,10.690407594665885
masked,stationary,target,near_establish,family0004_detach,family0004,4,3.045466117806761,6.410988496819758
masked,stationary,tool,near_establish,family0004_detach,family0004,4,7.118830108083785,12.132384814321995
masked,stationary,all,near_establish,family0004_detach,family0004,4,5.082148069050163,9.271686431020498
masked,stationary,target,moving,family0004_detach,family0004,11,8.680019776379181,14.429057567295702
masked,stationary,tool,moving,family0004_detach,family0004,11,16.454817727208138,27.664917097850278
masked,stationary,all,moving,family0004_detach,family0004,11,12.567418712106617,21.04698709974235
masked,stationary,target,near_release,family0004_detach,family0004,5,3.98850694695696,5.464035440103743
masked,stationary,tool,near_release,family0004_detach,family0004,5,19.127008691430092,31.140055507421494
masked,stationary,all,near_release,family0004_detach,family0004,5,11.5577582269907,18.30204576253891
masked,stationary,target,all,family0004_engage_pull,family0004,21,5.601491668742787,9.522270561035256
masked,stationary,target,engage_pull,family0004_engage_pull,family0004,21,5.601491668742787,9.522270561035256
masked,stationary,target,stationary,family0004_engage_pull,family0004,3,2.423746832865466e-05,1.8510774246749406e-05
masked,stationary,tool,all,family0004_engage_pull,family0004,21,6.9284883460828235,11.623164949317774
masked,stationary,tool,engage_pull,family0004_engage_pull,family0004,21,6.9284883460828235,11.623164949317774
masked,stationary,tool,stationary,family0004_engage_pull,family0004,3,6.244027987122536,10.93623818208774
masked,stationary,all,all,family0004_engage_pull,family0004,21,6.264989918452644,10.572717879854498
masked,stationary,all,engage_pull,family0004_engage_pull,family0004,21,6.264989918452644,10.572717879854498
masked,stationary,all,stationary,family0004_engage_pull,family0004,3,3.1220261783649526,5.468128404269616
masked,stationary,target,near_establish,family0004_engage_pull,family0004,4,2.9372586582452342,5.86995154825809
masked,stationary,tool,near_establish,family0004_engage_pull,family0004,4,7.037454284727573,11.725506745278835
masked,stationary,all,near_establish,family0004_engage_pull,family0004,4,4.987356544006616,8.797728922218084
masked,stationary,target,moving,family0004_engage_pull,family0004,18,6.535069573955196,11.109312569412092
masked,stationary,tool,moving,family0004_engage_pull,family0004,18,7.042565072576205,11.737652743856112
masked,stationary,all,moving,family0004_engage_pull,family0004,18,6.7888172084672584,11.423482792451978
masked,stationary,target,all,family0004_pass_by,family0004,21,2.0435235810401492e-05,2.0481134248890548e-05
masked,stationary,target,pass_by,family0004_pass_by,family0004,21,2.0435235810401492e-05,2.0481134248890548e-05
masked,stationary,target,stationary,family0004_pass_by,family0004,21,2.0435235810401492e-05,2.0481134248890548e-05
masked,stationary,tool,all,family0004_pass_by,family0004,21,6.897828586044765,11.689552305532354
masked,stationary,tool,pass_by,family0004_pass_by,family0004,21,6.897828586044765,11.689552305532354
masked,stationary,tool,stationary,family0004_pass_by,family0004,21,6.897828586044765,11.689552305532354
masked,stationary,all,all,family0004_pass_by,family0004,21,3.448924504309183,5.8447864305760175
masked,stationary,all,pass_by,family0004_pass_by,family0004,21,3.448924504309183,5.8447864305760175
masked,stationary,all,stationary,family0004_pass_by,family0004,21,3.448924504309183,5.8447864305760175
masked,stationary,target,all,family0007_detach,family0007,21,4.49327819071888,7.455225765897701
masked,stationary,target,detach,family0007_detach,family0007,21,4.49327819071888,7.455225765897701
masked,stationary,target,stationary,family0007_detach,family0007,11,0.13254629448734467,0.1621962149324994
masked,stationary,tool,all,family0007_detach,family0007,21,14.24040448563617,24.008218354235094
masked,stationary,tool,detach,family0007_detach,family0007,21,14.24040448563617,24.008218354235094
masked,stationary,tool,stationary,family0007_detach,family0007,11,12.335066313178025,20.658536009829152
masked,stationary,all,all,family0007_detach,family0007,21,9.366841424101343,15.73172187255252
masked,stationary,all,detach,family0007_detach,family0007,21,9.366841424101343,15.73172187255252
masked,stationary,all,stationary,family0007_detach,family0007,11,6.233806324995715,10.410366198894652
masked,constant_velocity,target,all,family0004_detach,family0004,21,3.1452065851790545,5.547516648206683
masked,constant_velocity,target,detach,family0004_detach,family0004,21,3.1452065851790545,5.547516648206683
masked,constant_velocity,target,stationary,family0004_detach,family0004,10,0.16832310060657107,0.2804819876171649
masked,constant_velocity,tool,all,family0004_detach,family0004,21,8.822438223952693,15.353585781884336
masked,constant_velocity,tool,detach,family0004_detach,family0004,21,8.822438223952693,15.353585781884336
masked,constant_velocity,tool,stationary,family0004_detach,family0004,10,6.470373529009521,10.9917220659554
masked,constant_velocity,all,all,family0004_detach,family0004,21,5.983822402499971,10.450551186555199
masked,constant_velocity,all,detach,family0004_detach,family0004,21,5.983822402499971,10.450551186555199
masked,constant_velocity,all,stationary,family0004_detach,family0004,10,3.3193481154739857,5.636102147400379
masked,constant_velocity,target,near_establish,family0004_detach,family0004,4,2.5978818322078823,5.658064322480172
masked,constant_velocity,tool,near_establish,family0004_detach,family0004,4,3.04927074466832,5.4670473909936845
masked,constant_velocity,all,near_establish,family0004_detach,family0004,4,2.8235762438271195,5.562555743381381
masked,constant_velocity,target,moving,family0004_detach,family0004,11,5.851464298426766,10.335729976015335
masked,constant_velocity,tool,moving,family0004_detach,family0004,11,10.960678855719214,19.318916432728823
masked,constant_velocity,all,moving,family0004_detach,family0004,11,8.406071754341776,14.827323040332306
masked,constant_velocity,target,near_release,family0004_detach,family0004,5,4.235930574215985,6.658592169236499
masked,constant_velocity,tool,near_release,family0004_detach,family0004,5,12.781187798827887,21.23846160247922
masked,constant_velocity,all,near_release,family0004_detach,family0004,5,8.508559106849134,13.948527118191123
masked,constant_velocity,target,all,family0004_engage_pull,family0004,21,3.1450319629080408,5.427944511323192
masked,constant_velocity,target,engage_pull,family0004_engage_pull,family0004,21,3.1450319629080408,5.427944511323192
masked,constant_velocity,target,stationary,family0004_engage_pull,family0004,3,8.115598149061043e-05,0.00011520253432687848
masked,constant_velocity,tool,all,family0004_engage_pull,family0004,21,4.092472117571604,6.896826593826215
masked,constant_velocity,tool,engage_pull,family0004_engage_pull,family0004,21,4.092472117571604,6.896826593826215
masked,constant_velocity,tool,stationary,family0004_engage_pull,family0004,3,3.5939027244846025,6.519779562950134
masked,constant_velocity,all,all,family0004_engage_pull,family0004,21,3.6187519629796348,6.162385611484448
masked,constant_velocity,all,engage_pull,family0004_engage_pull,family0004,21,3.6187519629796348,6.162385611484448
masked,constant_velocity,all,stationary,family0004_engage_pull,family0004,3,1.796991874774297,3.2599473682542643
masked,constant_velocity,target,near_establish,family0004_engage_pull,family0004,4,2.380497467385112,4.94186697517307
masked,constant_velocity,tool,near_establish,family0004_engage_pull,family0004,4,4.698383330833167,7.830026443116367
masked,constant_velocity,all,near_establish,family0004_engage_pull,family0004,4,3.539440280292183,6.385946704540402
masked,constant_velocity,target,moving,family0004_engage_pull,family0004,18,3.6691904307291328,6.3325827294546695
masked,constant_velocity,tool,moving,family0004_engage_pull,family0004,18,4.175567016419437,6.959667765638894
masked,constant_velocity,all,moving,family0004_engage_pull,family0004,18,3.922378644347191,6.646125318689479
masked,constant_velocity,target,all,family0004_pass_by,family0004,21,4.383014763829708e-05,6.103551729638856e-05
masked,constant_velocity,target,pass_by,family0004_pass_by,family0004,21,4.383014763829708e-05,6.103551729638856e-05
masked,constant_velocity,target,stationary,family0004_pass_by,family0004,21,4.383014763829708e-05,6.103551729638856e-05
masked,constant_velocity,tool,all,family0004_pass_by,family0004,21,3.434293881236088,5.916816625921499
masked,constant_velocity,tool,pass_by,family0004_pass_by,family0004,21,3.434293881236088,5.916816625921499
masked,constant_velocity,tool,stationary,family0004_pass_by,family0004,21,3.434293881236088,5.916816625921499
masked,constant_velocity,all,all,family0004_pass_by,family0004,21,1.7171688627318613,2.958438835949415
masked,constant_velocity,all,pass_by,family0004_pass_by,family0004,21,1.7171688627318613,2.958438835949415
masked,constant_velocity,all,stationary,family0004_pass_by,family0004,21,1.7171688627318613,2.958438835949415
masked,constant_velocity,target,all,family0007_detach,family0007,21,2.935188786595959,5.279417250859368
masked,constant_velocity,target,detach,family0007_detach,family0007,21,2.935188786595959,5.279417250859368
masked,constant_velocity,target,stationary,family0007_detach,family0007,11,0.2783533051594521,0.49967829142196574
masked,constant_velocity,tool,all,family0007_detach,family0007,21,8.108388255572034,14.438909134783206
masked,constant_velocity,tool,detach,family0007_detach,family0007,21,8.108388255572034,14.438909134783206
masked,constant_velocity,tool,stationary,family0007_detach,family0007,11,6.95810417263684,11.966682843525302
masked,constant_velocity,all,all,family0007_detach,family0007,21,5.521788519607591,9.859163358452774
masked,constant_velocity,all,detach,family0007_detach,family0007,21,5.521788519607591,9.859163358452774
masked,constant_velocity,all,stationary,family0007_detach,family0007,11,3.6182288683696906,6.2331806825981895
masked,A,target,all,family0004_detach,family0004,21,2.4019926814140664,3.5079039017935947
masked,A,target,detach,family0004_detach,family0004,21,2.4019926814140664,3.5079039017935947
masked,A,target,stationary,family0004_detach,family0004,10,1.1033018410671502,1.3665045786183327
masked,A,tool,all,family0004_detach,family0004,21,6.078268625840012,8.790114517545415
masked,A,tool,detach,family0004_detach,family0004,21,6.078268625840012,8.790114517545415
masked,A,tool,stationary,family0004_detach,family0004,10,4.946862428914756,6.988916604313999
masked,A,all,all,family0004_detach,family0004,21,4.240130839337196,6.1490091084990475
masked,A,all,detach,family0004_detach,family0004,21,4.240130839337196,6.1490091084990475
masked,A,all,stationary,family0004_detach,family0004,10,3.025082149542868,4.177710576914251
masked,A,target,near_establish,family0004_detach,family0004,4,2.0812650909647346,3.3504168095532805
masked,A,tool,near_establish,family0004_detach,family0004,4,1.0338226129533723,1.2638018815778196
masked,A,all,near_establish,family0004_detach,family0004,4,1.5575440193060786,2.3071093892212957
masked,A,target,moving,family0004_detach,family0004,11,3.582620718093081,5.454630559225651
masked,A,tool,moving,family0004_detach,family0004,11,7.1068197139538825,10.427567165937614
masked,A,all,moving,family0004_detach,family0004,11,5.344720557332039,7.941098682667044
masked,A,target,near_release,family0004_detach,family0004,5,3.5293248016387224,5.082108220085502
masked,A,tool,near_release,family0004_detach,family0004,5,9.872773569077253,14.945291820913553
masked,A,all,near_release,family0004_detach,family0004,5,6.701049767434597,10.013699857518077
masked,A,target,all,family0004_engage_pull,family0004,21,1.5772564885472613,1.9479948899797386
masked,A,target,engage_pull,family0004_engage_pull,family0004,21,1.5772564885472613,1.9479948899797386
masked,A,target,stationary,family0004_engage_pull,family0004,3,1.4862876463060577,2.5015431068216762
masked,A,tool,all,family0004_engage_pull,family0004,21,1.2478735048456915,1.513393889624803
masked,A,tool,engage_pull,family0004_engage_pull,family0004,21,1.2478735048456915,1.513393889624803
masked,A,tool,stationary,family0004_engage_pull,family0004,3,1.2670637612851958,1.3770480873063207
masked,A,all,all,family0004_engage_pull,family0004,21,1.4125649828375095,1.7306943911881674
masked,A,all,engage_pull,family0004_engage_pull,family0004,21,1.4125649828375095,1.7306943911881674
masked,A,all,stationary,family0004_engage_pull,family0004,3,1.3766757911071181,1.9392956358691056
masked,A,target,near_establish,family0004_engage_pull,family0004,4,2.3643513559363782,3.3744903921615332
masked,A,tool,near_establish,family0004_engage_pull,family0004,4,1.0963473469018936,1.518720993772149
masked,A,all,near_establish,family0004_engage_pull,family0004,4,1.7303492641076446,2.4466057948302478
masked,A,target,moving,family0004_engage_pull,family0004,18,1.5924179622541286,1.8557368538394157
masked,A,tool,moving,family0004_engage_pull,family0004,18,1.244675128772441,1.5361181900112166
masked,A,all,moving,family0004_engage_pull,family0004,18,1.4185465147925749,1.6959275170746777
masked,A,target,all,family0004_pass_by,family0004,21,0.8051887853071094,0.9926558372431568
masked,A,target,pass_by,family0004_pass_by,family0004,21,0.8051887853071094,0.9926558372431568
masked,A,target,stationary,family0004_pass_by,family0004,21,0.8051887853071094,0.9926558372431568
masked,A,tool,all,family0004_pass_by,family0004,21,1.205173614878385,1.5424973458894307
masked,A,tool,pass_by,family0004_pass_by,family0004,21,1.205173614878385,1.5424973458894307
masked,A,tool,stationary,family0004_pass_by,family0004,21,1.205173614878385,1.5424973458894307
masked,A,all,all,family0004_pass_by,family0004,21,1.005181191777367,1.2675765707778435
masked,A,all,pass_by,family0004_pass_by,family0004,21,1.005181191777367,1.2675765707778435
masked,A,all,stationary,family0004_pass_by,family0004,21,1.005181191777367,1.2675765707778435
masked,A,target,all,family0007_detach,family0007,21,2.2502586306516257,3.2825074657531723
masked,A,target,detach,family0007_detach,family0007,21,2.2502586306516257,3.2825074657531723
masked,A,target,stationary,family0007_detach,family0007,11,1.169514720624482,1.7002276356586001
masked,A,tool,all,family0007_detach,family0007,21,5.693419071446572,8.133961680522631
masked,A,tool,detach,family0007_detach,family0007,21,5.693419071446572,8.133961680522631
masked,A,tool,stationary,family0007_detach,family0007,11,5.5741174781525675,7.646393644708124
masked,A,all,all,family0007_detach,family0007,21,3.971839007655425,5.708234539876382
masked,A,all,detach,family0007_detach,family0007,21,3.971839007655425,5.708234539876382
masked,A,all,stationary,family0007_detach,family0007,11,3.3718160438266667,4.67331051318483
masked,B,target,all,family0004_detach,family0004,21,1.690942411577063,2.2789929699640545
masked,B,target,detach,family0004_detach,family0004,21,1.690942411577063,2.2789929699640545
masked,B,target,stationary,family0004_detach,family0004,10,0.9469053824432194,1.0007063334342092
masked,B,tool,all,family0004_detach,family0004,21,2.838185267700326,4.17276138406513
masked,B,tool,detach,family0004_detach,family0004,21,2.838185267700326,4.17276138406513
masked,B,tool,stationary,family0004_detach,family0004,10,2.435372013133019,3.080143383704126
masked,B,all,all,family0004_detach,family0004,21,2.264563792518207,3.2258771936453523
masked,B,all,detach,family0004_detach,family0004,21,2.264563792518207,3.2258771936453523
masked,B,all,stationary,family0004_detach,family0004,10,1.6911386628635228,2.040424826554954
masked,B,target,near_establish,family0004_detach,family0004,4,2.283512585563585,3.747415350517258
masked,B,tool,near_establish,family0004_detach,family0004,4,1.0598645312711596,1.5968443040037528
masked,B,all,near_establish,family0004_detach,family0004,4,1.6716884274501354,2.6721298636402935
masked,B,target,moving,family0004_detach,family0004,11,2.367339710789648,3.441071730445732
masked,B,tool,moving,family0004_detach,family0004,11,3.2043791354887863,5.166050475302407
masked,B,all,moving,family0004_detach,family0004,11,2.7858593649315564,4.303561163727533
masked,B,target,near_release,family0004_detach,family0004,5,2.0240634214133024,2.1647800924256444
masked,B,tool,near_release,family0004_detach,family0004,5,3.3554906025528908,5.051799211651087
masked,B,all,near_release,family0004_detach,family0004,5,2.6897769887000322,3.608289873227477
masked,B,target,all,family0004_engage_pull,family0004,21,1.2529330283758187,1.586836402393168
masked,B,target,engage_pull,family0004_engage_pull,family0004,21,1.2529330283758187,1.586836402393168
masked,B,target,stationary,family0004_engage_pull,family0004,3,0.9709608469468852,1.4061724844699104
masked,B,tool,all,family0004_engage_pull,family0004,21,0.9459810597555978,1.1086649499789236
masked,B,tool,engage_pull,family0004_engage_pull,family0004,21,0.9459810597555978,1.1086649499789236
masked,B,tool,stationary,family0004_engage_pull,family0004,3,1.1406950652599335,1.5228526123488944
masked,B,all,all,family0004_engage_pull,family0004,21,1.0994570606964684,1.347750688659116
masked,B,all,engage_pull,family0004_engage_pull,family0004,21,1.0994570606964684,1.347750688659116
masked,B,all,stationary,family0004_engage_pull,family0004,3,1.0558279852072399,1.4645125484094024
masked,B,target,near_establish,family0004_engage_pull,family0004,4,2.6551067421678454,3.88509250478819
masked,B,tool,near_establish,family0004_engage_pull,family0004,4,0.8546092576580122,1.24885217519477
masked,B,all,near_establish,family0004_engage_pull,family0004,4,1.7548580945003778,2.56697233999148
masked,B,target,moving,family0004_engage_pull,family0004,18,1.2999283919473075,1.6169470553803775
masked,B,tool,moving,family0004_engage_pull,family0004,18,0.9135287255048752,1.0396336729172617
masked,B,all,moving,family0004_engage_pull,family0004,18,1.1067285732780066,1.3282903787007347
masked,B,target,all,family0004_pass_by,family0004,21,0.83497912800383,1.0229366931266017
masked,B,target,pass_by,family0004_pass_by,family0004,21,0.83497912800383,1.0229366931266017
masked,B,target,stationary,family0004_pass_by,family0004,21,0.83497912800383,1.0229366931266017
masked,B,tool,all,family0004_pass_by,family0004,21,1.0491820118789161,1.1386454487884683
masked,B,tool,pass_by,family0004_pass_by,family0004,21,1.0491820118789161,1.1386454487884683
masked,B,tool,stationary,family0004_pass_by,family0004,21,1.0491820118789161,1.1386454487884683
masked,B,all,all,family0004_pass_by,family0004,21,0.9420805754849598,1.0807910363101179
masked,B,all,pass_by,family0004_pass_by,family0004,21,0.9420805754849598,1.0807910363101179
masked,B,all,stationary,family0004_pass_by,family0004,21,0.9420805754849598,1.0807910363101179
masked,B,target,all,family0007_detach,family0007,21,1.5774600462810624,2.207046746098924
masked,B,target,detach,family0007_detach,family0007,21,1.5774600462810624,2.207046746098924
masked,B,target,stationary,family0007_detach,family0007,11,1.015675211833282,1.2708090520887212
masked,B,tool,all,family0007_detach,family0007,21,2.944406307679379,4.007972610582199
masked,B,tool,detach,family0007_detach,family0007,21,2.944406307679379,4.007972610582199
masked,B,tool,stationary,family0007_detach,family0007,11,2.711692951958288,2.9815116219899873
masked,B,all,all,family0007_detach,family0007,21,2.2609331700507376,3.107509653394421
masked,B,all,detach,family0007_detach,family0007,21,2.2609331700507376,3.107509653394421
masked,B,all,stationary,family0007_detach,family0007,11,1.863684081895785,2.1261603105813265
masked,C,target,all,family0004_detach,family0004,21,2.4315393086345423,3.3554882614962045
masked,C,target,detach,family0004_detach,family0004,21,2.4315393086345423,3.3554882614962045
masked,C,target,stationary,family0004_detach,family0004,10,1.4334059436805546,1.6986935574095696
masked,C,tool,all,family0004_detach,family0004,21,3.4965951428083435,3.775919682257587
masked,C,tool,detach,family0004_detach,family0004,21,3.4965951428083435,3.775919682257587
masked,C,tool,stationary,family0004_detach,family0004,10,3.033248020801693,3.5611023544333875
masked,C,all,all,family0004_detach,family0004,21,2.9640671841445423,3.5657040176114867
masked,C,all,detach,family0004_detach,family0004,21,2.9640671841445423,3.5657040176114867
masked,C,all,stationary,family0004_detach,family0004,10,2.2333270288072526,2.629897848237306
masked,C,target,near_establish,family0004_detach,family0004,4,2.0337764581199735,3.3982348686549813
masked,C,tool,near_establish,family0004_detach,family0004,4,1.4779522898606956,1.7237411229871213
masked,C,all,near_establish,family0004_detach,family0004,4,1.7558641266077757,2.560988097684458
masked,C,target,moving,family0004_detach,family0004,11,3.3389332767745312,4.861665265211328
masked,C,tool,moving,family0004_detach,family0004,11,3.917819799178026,3.9712081620977684
masked,C,all,moving,family0004_detach,family0004,11,3.6283764162693513,4.416436898860741
masked,C,target,near_release,family0004_detach,family0004,5,2.9471551766619086,3.7850256310775876
masked,C,tool,near_release,family0004_detach,family0004,5,4.4141915161162615,4.2488268576562405
masked,C,all,near_release,family0004_detach,family0004,5,3.6806731950491667,4.016926139593124
masked,C,target,all,family0004_engage_pull,family0004,21,1.243918474453191,1.6565710150947173
masked,C,target,engage_pull,family0004_engage_pull,family0004,21,1.243918474453191,1.6565710150947173
masked,C,target,stationary,family0004_engage_pull,family0004,3,1.729369202318291,2.226540120318532
masked,C,tool,all,family0004_engage_pull,family0004,21,1.297451450400764,1.5262790118521523
masked,C,tool,engage_pull,family0004_engage_pull,family0004,21,1.297451450400764,1.5262790118521523
masked,C,tool,stationary,family0004_engage_pull,family0004,3,1.6374581803878148,1.7746762217332919
masked,C,all,all,family0004_engage_pull,family0004,21,1.2706849624269776,1.5914250010003645
masked,C,all,engage_pull,family0004_engage_pull,family0004,21,1.2706849624269776,1.5914250010003645
masked,C,all,stationary,family0004_engage_pull,family0004,3,1.683413633145392,2.0006082098310194
masked,C,target,near_establish,family0004_engage_pull,family0004,4,2.589963551145047,3.8033759919926524
masked,C,tool,near_establish,family0004_engage_pull,family0004,4,1.3442527852021158,1.4199167053448036
masked,C,all,near_establish,family0004_engage_pull,family0004,4,1.967108139069751,2.6116462831851095
masked,C,target,moving,family0004_engage_pull,family0004,18,1.1630100198090076,1.5615761642240815
masked,C,tool,moving,family0004_engage_pull,family0004,18,1.240783662069589,1.4848794768719624
masked,C,all,moving,family0004_engage_pull,family0004,18,1.2018968506405752,1.5232277995285888
masked,C,target,all,family0004_pass_by,family0004,21,1.3486501993611455,1.295220999357601
masked,C,target,pass_by,family0004_pass_by,family0004,21,1.3486501993611455,1.295220999357601
masked,C,target,stationary,family0004_pass_by,family0004,21,1.3486501993611455,1.295220999357601
masked,C,tool,all,family0004_pass_by,family0004,21,1.3950109631488365,1.3259879169276072
masked,C,tool,pass_by,family0004_pass_by,family0004,21,1.3950109631488365,1.3259879169276072
masked,C,tool,stationary,family0004_pass_by,family0004,21,1.3950109631488365,1.3259879169276072
masked,C,all,all,family0004_pass_by,family0004,21,1.3718305909562678,1.3106044525990175
masked,C,all,pass_by,family0004_pass_by,family0004,21,1.3718305909562678,1.3106044525990175
masked,C,all,stationary,family0004_pass_by,family0004,21,1.3718305909562678,1.3106044525990175
masked,C,target,all,family0007_detach,family0007,21,2.4564401357479038,3.661195287436602
masked,C,target,detach,family0007_detach,family0007,21,2.4564401357479038,3.661195287436602
masked,C,target,stationary,family0007_detach,family0007,11,1.6894934868270701,2.362146920693869
masked,C,tool,all,family0007_detach,family0007,21,3.3564914206397676,3.39890534745618
masked,C,tool,detach,family0007_detach,family0007,21,3.3564914206397676,3.39890534745618
masked,C,tool,stationary,family0007_detach,family0007,11,2.8781724395230412,2.9782430289990525
masked,C,all,all,family0007_detach,family0007,21,2.906465753247695,3.5300502786412835
masked,C,all,detach,family0007_detach,family0007,21,2.906465753247695,3.5300502786412835
masked,C,all,stationary,family0007_detach,family0007,11,2.2838328838009727,2.6701948690143498
masked,stationary,target,near_establish,family0007_detach,family0007,5,2.976194832260859,6.063217348196304
masked,stationary,tool,near_establish,family0007_detach,family0007,5,7.529029436409473,12.742397747933865
masked,stationary,all,near_establish,family0007_detach,family0007,5,5.252612102776766,9.402807615697384
masked,stationary,target,moving,family0007_detach,family0007,10,9.290083276573569,15.477558271959424
masked,stationary,tool,moving,family0007_detach,family0007,10,16.336276475340128,27.692868933081627
masked,stationary,all,moving,family0007_detach,family0007,10,12.813180033117533,21.585213113576174
masked,stationary,target,near_release,family0007_detach,family0007,4,3.846699874356929,5.1242249566127995
masked,stationary,tool,near_release,family0007_detach,family0007,4,20.06935002282262,32.531405333429575
masked,stationary,all,near_release,family0007_detach,family0007,4,11.95802423171699,18.82781437598169
masked,stationary,target,all,family0007_engage_pull,family0007,21,5.6880151735534294,9.67788321822391
masked,stationary,target,engage_pull,family0007_engage_pull,family0007,21,5.6880151735534294,9.67788321822391
masked,stationary,target,stationary,family0007_engage_pull,family0007,4,0.020389540635434855,0.10182605196940031
masked,stationary,tool,all,family0007_engage_pull,family0007,21,7.066846387239084,11.975816694930906
masked,stationary,tool,engage_pull,family0007_engage_pull,family0007,21,7.066846387239084,11.975816694930906
masked,stationary,tool,stationary,family0007_engage_pull,family0007,4,5.34277330734767,9.941493975929916
masked,stationary,all,all,family0007_engage_pull,family0007,21,6.377430735266811,10.826849933004095
masked,stationary,all,engage_pull,family0007_engage_pull,family0007,21,6.377430735266811,10.826849933004095
masked,stationary,all,stationary,family0007_engage_pull,family0007,4,2.6815814926521853,5.021660006605089
masked,stationary,target,near_establish,family0007_engage_pull,family0007,5,2.8937924353137134,5.651204711534774
masked,stationary,tool,near_establish,family0007_engage_pull,family0007,5,7.470066100358963,12.447581253945827
masked,stationary,all,near_establish,family0007_engage_pull,family0007,5,5.181929189711809,9.049392864108086
masked,stationary,target,moving,family0007_engage_pull,family0007,17,7.021574146004722,11.93107313969556
masked,stationary,tool,moving,family0007_engage_pull,family0007,17,7.472510641331182,12.454480864107609
masked,stationary,all,moving,family0007_engage_pull,family0007,17,7.247042321764371,12.192776974509744
masked,stationary,target,all,family0007_pass_by,family0007,21,1.7771909996543488e-05,1.7014734404476767e-05
masked,stationary,target,pass_by,family0007_pass_by,family0007,21,1.7771909996543488e-05,1.7014734404476767e-05
masked,stationary,target,stationary,family0007_pass_by,family0007,21,1.7771909996543488e-05,1.7014734404476767e-05
masked,stationary,tool,all,family0007_pass_by,family0007,21,8.635569075565963,14.487406726749171
masked,stationary,tool,pass_by,family0007_pass_by,family0007,21,8.635569075565963,14.487406726749171
masked,stationary,tool,stationary,family0007_pass_by,family0007,21,8.635569075565963,14.487406726749171
masked,stationary,all,all,family0007_pass_by,family0007,21,4.31779354056787,7.243711833975145
masked,stationary,all,pass_by,family0007_pass_by,family0007,21,4.31779354056787,7.243711833975145
masked,stationary,all,stationary,family0007_pass_by,family0007,21,4.31779354056787,7.243711833975145
masked,stationary,target,all,family0013_detach,family0013,21,4.352262333308258,7.223648256538323
masked,stationary,target,detach,family0013_detach,family0013,21,4.352262333308258,7.223648256538323
masked,stationary,target,stationary,family0013_detach,family0013,10,0.00026792610539061457,0.00032807962107028743
masked,stationary,tool,all,family0013_detach,family0013,21,15.579846554568835,26.078080181919393
masked,stationary,tool,detach,family0013_detach,family0013,21,15.579846554568835,26.078080181919393
masked,stationary,tool,stationary,family0013_detach,family0013,10,14.791858661919832,24.315648898482323
masked,stationary,all,all,family0013_detach,family0013,21,9.966054343662801,16.650864654885872
masked,stationary,all,detach,family0013_detach,family0013,21,9.966054343662801,16.650864654885872
masked,stationary,all,stationary,family0013_detach,family0013,10,7.39606290590018,12.157989060506225
masked,stationary,target,near_establish,family0013_detach,family0013,4,2.3540639422052756,4.913365106546053
masked,stationary,tool,near_establish,family0013_detach,family0013,4,7.279767305590212,12.129287701100111
masked,stationary,all,near_establish,family0013_detach,family0013,4,4.816915781702846,8.521326701156795
masked,constant_velocity,target,near_establish,family0007_detach,family0007,5,1.7365010167004868,3.940990054484672
masked,constant_velocity,tool,near_establish,family0007_detach,family0007,5,3.424833924509585,6.062121456488967
masked,constant_velocity,all,near_establish,family0007_detach,family0007,5,2.580667589791119,5.001556035131216
masked,constant_velocity,target,moving,family0007_detach,family0007,10,5.8577078161761165,10.537130106240511
masked,constant_velocity,tool,moving,family0007_detach,family0007,10,9.37370074680075,17.1583580551669
masked,constant_velocity,all,moving,family0007_detach,family0007,10,7.615704135969281,13.847744301892817
masked,constant_velocity,target,near_release,family0007_detach,family0007,4,3.8214631694017953,6.1349504029521995
masked,constant_velocity,tool,near_release,family0007_detach,family0007,4,14.486420201137662,24.295721668750048
masked,constant_velocity,all,near_release,family0007_detach,family0007,4,9.153941180557013,15.215336345136166
masked,constant_velocity,target,all,family0007_engage_pull,family0007,21,2.861328412248266,4.966946725186039
masked,constant_velocity,target,engage_pull,family0007_engage_pull,family0007,21,2.861328412248266,4.966946725186039
masked,constant_velocity,target,stationary,family0007_engage_pull,family0007,4,0.020423381831502496,0.10186880003981713
masked,constant_velocity,tool,all,family0007_engage_pull,family0007,21,3.756300524054539,6.459213449575362
masked,constant_velocity,tool,engage_pull,family0007_engage_pull,family0007,21,3.756300524054539,6.459213449575362
masked,constant_velocity,tool,stationary,family0007_engage_pull,family0007,4,3.8100043311715126,7.3889025952667
masked,constant_velocity,all,all,family0007_engage_pull,family0007,21,3.3088144097876335,5.713080122534718
masked,constant_velocity,all,engage_pull,family0007_engage_pull,family0007,21,3.3088144097876335,5.713080122534718
masked,constant_velocity,all,stationary,family0007_engage_pull,family0007,4,1.9152139575453475,3.7453858531080186
masked,constant_velocity,target,near_establish,family0007_engage_pull,family0007,5,2.2603734302904854,4.5954083014450475
masked,constant_velocity,tool,near_establish,family0007_engage_pull,family0007,5,4.516011103987694,7.527730520814657
masked,constant_velocity,all,near_establish,family0007_engage_pull,family0007,5,3.388192132115364,6.061569508165121
masked,constant_velocity,target,moving,family0007_engage_pull,family0007,17,3.5297766546992695,6.111670942867503
masked,constant_velocity,tool,moving,family0007_engage_pull,family0007,17,3.7436643341446625,6.240463062353871
masked,constant_velocity,all,moving,family0007_engage_pull,family0007,17,3.6367203985505245,6.176067009458647
masked,constant_velocity,target,all,family0007_pass_by,family0007,21,4.292985454954067e-05,6.149443578689919e-05
masked,constant_velocity,target,pass_by,family0007_pass_by,family0007,21,4.292985454954067e-05,6.149443578689919e-05
masked,constant_velocity,target,stationary,family0007_pass_by,family0007,21,4.292985454954067e-05,6.149443578689919e-05
masked,constant_velocity,tool,all,family0007_pass_by,family0007,21,3.9840802423246453,6.734816253940933
masked,constant_velocity,tool,pass_by,family0007_pass_by,family0007,21,3.9840802423246453,6.734816253940933
masked,constant_velocity,tool,stationary,family0007_pass_by,family0007,21,3.9840802423246453,6.734816253940933
masked,constant_velocity,all,all,family0007_pass_by,family0007,21,1.9920615383441709,3.367438838116262
masked,constant_velocity,all,pass_by,family0007_pass_by,family0007,21,1.9920615383441709,3.367438838116262
masked,constant_velocity,all,stationary,family0007_pass_by,family0007,21,1.9920615383441709,3.367438838116262
masked,constant_velocity,target,all,family0013_detach,family0013,21,3.0058187484000496,5.2892054907407235
masked,constant_velocity,target,detach,family0013_detach,family0013,21,3.0058187484000496,5.2892054907407235
masked,constant_velocity,target,stationary,family0013_detach,family0013,10,0.22266139948552421,0.3710288599984679
masked,constant_velocity,tool,all,family0013_detach,family0013,21,9.451574552041988,16.43319921969946
masked,constant_velocity,tool,detach,family0013_detach,family0013,21,9.451574552041988,16.43319921969946
masked,constant_velocity,tool,stationary,family0013_detach,family0013,10,8.05801254537073,13.375933830684517
masked,constant_velocity,all,all,family0013_detach,family0013,21,6.2286966295644,10.861202169118249
masked,constant_velocity,all,detach,family0013_detach,family0013,21,6.2286966295644,10.861202169118249
masked,constant_velocity,all,stationary,family0013_detach,family0013,10,4.140337061471655,6.873481495858869
masked,constant_velocity,target,near_establish,family0013_detach,family0013,4,2.321946460077662,4.861230313650822
masked,constant_velocity,tool,near_establish,family0013_detach,family0013,4,4.25319594796747,7.087023230269551
masked,constant_velocity,all,near_establish,family0013_detach,family0013,4,3.287571220425889,5.974126688670367
masked,A,target,near_establish,family0007_detach,family0007,5,1.7575157107785344,2.89140900131315
masked,A,tool,near_establish,family0007_detach,family0007,5,1.2405011337250471,1.8343299627304077
masked,A,all,near_establish,family0007_detach,family0007,5,1.4990084106102586,2.3628694470971823
masked,A,target,moving,family0007_detach,family0007,10,3.439076931681484,5.023015278857201
masked,A,tool,moving,family0007_detach,family0007,10,5.824650824069977,8.67028651991859
masked,A,all,moving,family0007_detach,family0007,10,4.6318642678670585,6.846650969237089
masked,A,target,near_release,family0007_detach,family0007,4,3.3109107753261924,4.639222170226276
masked,A,tool,near_release,family0007_detach,family0007,4,10.917071136645973,16.302920877933502
masked,A,all,near_release,family0007_detach,family0007,4,7.113991363439709,10.471071698702872
masked,A,target,all,family0007_engage_pull,family0007,21,1.5812680579810625,2.2421308371814943
masked,A,target,engage_pull,family0007_engage_pull,family0007,21,1.5812680579810625,2.2421308371814943
masked,A,target,stationary,family0007_engage_pull,family0007,4,1.3200602261349559,2.2880767355673015
masked,A,tool,all,family0007_engage_pull,family0007,21,1.4191912487149239,1.9466342969930597
masked,A,tool,engage_pull,family0007_engage_pull,family0007,21,1.4191912487149239,1.9466342969930597
masked,A,tool,stationary,family0007_engage_pull,family0007,4,1.913709013024345,2.274062018841505
masked,A,all,all,family0007_engage_pull,family0007,21,1.5002297060120673,2.0943826086641777
masked,A,all,engage_pull,family0007_engage_pull,family0007,21,1.5002297060120673,2.0943826086641777
masked,A,all,stationary,family0007_engage_pull,family0007,4,1.6168848087545484,2.2810693772044033
masked,A,target,near_establish,family0007_engage_pull,family0007,5,1.8921843729913235,2.906596171669662
masked,A,tool,near_establish,family0007_engage_pull,family0007,5,1.21305997017771,1.8363987561315298
masked,A,all,near_establish,family0007_engage_pull,family0007,5,1.5526222065091133,2.371497475542128
masked,A,target,moving,family0007_engage_pull,family0007,17,1.6427287242977935,2.2313200375613045
masked,A,tool,moving,family0007_engage_pull,family0007,17,1.3028341277009423,1.8695924800875432
masked,A,all,moving,family0007_engage_pull,family0007,17,1.4727814465432483,2.0504563101841247
masked,A,target,all,family0007_pass_by,family0007,21,0.6864305261322963,0.7257212848690826
masked,A,target,pass_by,family0007_pass_by,family0007,21,0.6864305261322963,0.7257212848690826
masked,A,target,stationary,family0007_pass_by,family0007,21,0.6864305261322963,0.7257212848690826
masked,A,tool,all,family0007_pass_by,family0007,21,1.8817906910997062,3.2439059910497496
masked,A,tool,pass_by,family0007_pass_by,family0007,21,1.8817906910997062,3.2439059910497496
masked,A,tool,stationary,family0007_pass_by,family0007,21,1.8817906910997062,3.2439059910497496
masked,A,all,all,family0007_pass_by,family0007,21,1.2841105427859085,1.9848136220216042
masked,A,all,pass_by,family0007_pass_by,family0007,21,1.2841105427859085,1.9848136220216042
masked,A,all,stationary,family0007_pass_by,family0007,21,1.2841105427859085,1.9848136220216042
masked,A,target,all,family0013_detach,family0013,21,2.1988480806439403,2.933986530739016
masked,A,target,detach,family0013_detach,family0013,21,2.1988480806439403,2.933986530739016
masked,A,target,stationary,family0013_detach,family0013,10,1.1169803678058088,1.19280431244988
masked,A,tool,all,family0013_detach,family0013,21,6.936259418060737,10.420034362357997
masked,A,tool,detach,family0013_detach,family0013,21,6.936259418060737,10.420034362357997
masked,A,tool,stationary,family0013_detach,family0013,10,6.902209401596338,10.1509376661852
masked,A,all,all,family0013_detach,family0013,21,4.567553710547232,6.6770103904196905
masked,A,all,detach,family0013_detach,family0013,21,4.567553710547232,6.6770103904196905
masked,A,all,stationary,family0013_detach,family0013,10,4.009594721719623,5.671870952937752
masked,A,target,near_establish,family0013_detach,family0013,4,1.7222830792889,2.2478679311461747
masked,A,tool,near_establish,family0013_detach,family0013,4,1.2067603238392621,1.5715707559138536
masked,A,all,near_establish,family0013_detach,family0013,4,1.4645218034274876,1.9097193144261837
masked,B,target,near_establish,family0007_detach,family0007,5,1.6587145742960274,2.880269638262689
masked,B,tool,near_establish,family0007_detach,family0007,5,1.1502050678245723,1.8489124020561576
masked,B,all,near_establish,family0007_detach,family0007,5,1.4044597977772355,2.364591136574745
masked,B,target,moving,family0007_detach,family0007,10,2.195423364173621,3.2369082095101476
masked,B,tool,moving,family0007_detach,family0007,10,3.20039099897258,5.137079698033631
masked,B,all,moving,family0007_detach,family0007,10,2.697907167021185,4.186993930488825
masked,B,target,near_release,family0007_detach,family0007,4,1.9386518106330186,2.3931529140099883
masked,B,tool,near_release,family0007_detach,family0007,4,3.6813690094277263,5.033442925196141
masked,B,all,near_release,family0007_detach,family0007,4,2.8100102208554745,3.713297890499234
masked,B,target,all,family0007_engage_pull,family0007,21,1.0558189935095252,1.5554519098562498
masked,B,target,engage_pull,family0007_engage_pull,family0007,21,1.0558189935095252,1.5554519098562498
masked,B,target,stationary,family0007_engage_pull,family0007,4,1.0200829710811377,1.5719340881332755
masked,B,tool,all,family0007_engage_pull,family0007,21,1.0809565567234087,1.3602443615950288
masked,B,tool,engage_pull,family0007_engage_pull,family0007,21,1.0809565567234087,1.3602443615950288
masked,B,tool,stationary,family0007_engage_pull,family0007,4,1.6957635525614023,2.091971109621227
masked,B,all,all,family0007_engage_pull,family0007,21,1.0683877903613306,1.457848150970503
masked,B,all,engage_pull,family0007_engage_pull,family0007,21,1.0683877903613306,1.457848150970503
masked,B,all,stationary,family0007_engage_pull,family0007,4,1.357923203613609,1.8319526279810816
masked,B,target,near_establish,family0007_engage_pull,family0007,5,1.7227827105671167,2.7645728085190058
masked,B,tool,near_establish,family0007_engage_pull,family0007,5,1.0421057930216193,1.481765997596085
masked,B,all,near_establish,family0007_engage_pull,family0007,5,1.3824442401528358,2.1231694845482707
masked,B,target,moving,family0007_engage_pull,family0007,17,1.0642274693750284,1.5515737502616556
masked,B,tool,moving,family0007_engage_pull,family0007,17,0.9362960871144691,1.188073362059453
masked,B,all,moving,family0007_engage_pull,family0007,17,1.0002618107725592,1.3698235681444846
masked,B,target,all,family0007_pass_by,family0007,21,0.7754642699312951,0.9597567730538902
masked,B,target,pass_by,family0007_pass_by,family0007,21,0.7754642699312951,0.9597567730538902
masked,B,target,stationary,family0007_pass_by,family0007,21,0.7754642699312951,0.9597567730538902
masked,B,tool,all,family0007_pass_by,family0007,21,1.33539467406947,2.274046158639803
masked,B,tool,pass_by,family0007_pass_by,family0007,21,1.33539467406947,2.274046158639803
masked,B,tool,stationary,family0007_pass_by,family0007,21,1.33539467406947,2.274046158639803
masked,B,all,all,family0007_pass_by,family0007,21,1.0554294900170393,1.6169014464442928
masked,B,all,pass_by,family0007_pass_by,family0007,21,1.0554294900170393,1.6169014464442928
masked,B,all,stationary,family0007_pass_by,family0007,21,1.0554294900170393,1.6169014464442928
masked,B,target,all,family0013_detach,family0013,21,1.3718070168535978,1.7717484983482532
masked,B,target,detach,family0013_detach,family0013,21,1.3718070168535978,1.7717484983482532
masked,B,target,stationary,family0013_detach,family0013,10,0.8973297255579382,0.9191008284687996
masked,B,tool,all,family0013_detach,family0013,21,2.894406398159585,4.36750371175419
masked,B,tool,detach,family0013_detach,family0013,21,2.894406398159585,4.36750371175419
masked,B,tool,stationary,family0013_detach,family0013,10,2.6749171083793044,3.3414585050195456
masked,B,all,all,family0013_detach,family0013,21,2.1331066354399635,3.069626139698639
masked,B,all,detach,family0013_detach,family0013,21,2.1331066354399635,3.069626139698639
masked,B,all,stationary,family0013_detach,family0013,10,1.786123332567513,2.1302797133103013
masked,B,target,near_establish,family0013_detach,family0013,4,1.2073201360180974,1.7007670539896935
masked,B,tool,near_establish,family0013_detach,family0013,4,0.9271434537367895,1.3503715017577633
masked,B,all,near_establish,family0013_detach,family0013,4,1.0672317584976554,1.5255693870130926
masked,C,target,near_establish,family0007_detach,family0007,5,2.0056108478456736,3.3776508644223213
masked,C,tool,near_establish,family0007_detach,family0007,5,1.5483139315620065,2.1665276493877172
masked,C,all,near_establish,family0007_detach,family0007,5,1.776962447911501,2.7720892569050193
masked,C,target,moving,family0007_detach,family0007,10,3.300081449560821,5.090148490853608
masked,C,tool,moving,family0007_detach,family0007,10,3.8826422998681664,3.8616338977590203
masked,C,all,moving,family0007_detach,family0007,10,3.5913619096390903,4.4758912292309105
masked,C,target,near_release,family0007_detach,family0007,4,3.0461346032097936,4.507339152041823
masked,C,tool,near_release,family0007_detach,family0007,4,4.174242960289121,3.5376742016524076
masked,C,all,near_release,family0007_detach,family0007,4,3.6101886071264744,4.022506414912641
masked,C,target,all,family0007_engage_pull,family0007,21,1.258438968631838,1.8038660969718225
masked,C,target,engage_pull,family0007_engage_pull,family0007,21,1.258438968631838,1.8038660969718225
masked,C,target,stationary,family0007_engage_pull,family0007,4,1.7154388187918812,2.38690193509683
masked,C,tool,all,family0007_engage_pull,family0007,21,1.4648529190924906,1.7497585532033728
masked,C,tool,engage_pull,family0007_engage_pull,family0007,21,1.4648529190924906,1.7497585532033728
masked,C,tool,stationary,family0007_engage_pull,family0007,4,2.118409931426868,2.333010808797553
masked,C,all,all,family0007_engage_pull,family0007,21,1.3616459106006438,1.7768123042991473
masked,C,all,engage_pull,family0007_engage_pull,family0007,21,1.3616459106006438,1.7768123042991473
masked,C,all,stationary,family0007_engage_pull,family0007,4,1.9169243751093745,2.3599562991876155
masked,C,target,near_establish,family0007_engage_pull,family0007,5,2.0511490292847157,3.351384913548827
masked,C,tool,near_establish,family0007_engage_pull,family0007,5,1.4041373739019036,1.690256712026894
masked,C,all,near_establish,family0007_engage_pull,family0007,5,1.7276431201025844,2.5208207545801997
masked,C,target,moving,family0007_engage_pull,family0007,17,1.1509095921235926,1.6666811938835855
masked,C,tool,moving,family0007_engage_pull,family0007,17,1.3110747985432254,1.6125227283576833
masked,C,all,moving,family0007_engage_pull,family0007,17,1.2309921542456483,1.6396019525606842
masked,C,target,all,family0007_pass_by,family0007,21,1.3359118685392397,1.3578238763979502
masked,C,target,pass_by,family0007_pass_by,family0007,21,1.3359118685392397,1.3578238763979502
masked,C,target,stationary,family0007_pass_by,family0007,21,1.3359118685392397,1.3578238763979502
masked,C,tool,all,family0007_pass_by,family0007,21,1.5894275635392183,2.0573075328554427
masked,C,tool,pass_by,family0007_pass_by,family0007,21,1.5894275635392183,2.0573075328554427
masked,C,tool,stationary,family0007_pass_by,family0007,21,1.5894275635392183,2.0573075328554427
masked,C,all,all,family0007_pass_by,family0007,21,1.462669716039229,1.7075657323446303
masked,C,all,pass_by,family0007_pass_by,family0007,21,1.462669716039229,1.7075657323446303
masked,C,all,stationary,family0007_pass_by,family0007,21,1.462669716039229,1.7075657323446303
masked,C,target,all,family0013_detach,family0013,21,2.1418881092575335,2.9942665908796093
masked,C,target,detach,family0013_detach,family0013,21,2.1418881092575335,2.9942665908796093
masked,C,target,stationary,family0013_detach,family0013,10,1.331898639909923,1.6119102772790939
masked,C,tool,all,family0013_detach,family0013,21,3.6509751752462414,3.8068729031476236
masked,C,tool,detach,family0013_detach,family0013,21,3.6509751752462414,3.8068729031476236
masked,C,tool,stationary,family0013_detach,family0013,10,3.1292527448385954,3.215820074547082
masked,C,all,all,family0013_detach,family0013,21,2.896431572957053,3.4005698481840745
masked,C,all,detach,family0013_detach,family0013,21,2.896431572957053,3.4005698481840745
masked,C,all,stationary,family0013_detach,family0013,10,2.230575669091195,2.4138651555404067
masked,C,target,near_establish,family0013_detach,family0013,4,1.4549813349731266,2.111664944095537
masked,C,tool,near_establish,family0013_detach,family0013,4,1.2254371831659228,1.5631089627277106
masked,C,all,near_establish,family0013_detach,family0013,4,1.3402091863099486,1.8373869825154543
masked,stationary,target,moving,family0013_detach,family0013,11,8.308620885310864,13.790302962826734
masked,stationary,tool,moving,family0013_detach,family0013,11,16.296199184249748,27.680290439589456
masked,stationary,all,moving,family0013_detach,family0013,11,12.302410196174275,20.735297013412822
masked,stationary,target,near_release,family0013_detach,family0013,5,4.198410908454164,5.6787803242414725
masked,stationary,tool,near_release,family0013_detach,family0013,5,20.752644911408424,33.88042002916336
masked,stationary,all,near_release,family0013_detach,family0013,5,12.475528381764889,19.77960094809532
masked,stationary,target,all,family0013_engage_pull,family0013,21,6.005720906913167,10.198863961491611
masked,stationary,target,engage_pull,family0013_engage_pull,family0013,21,6.005720906913167,10.198863961491611
masked,stationary,target,stationary,family0013_engage_pull,family0013,2,2.1166168817643438e-05,1.5028071231881768e-05
masked,stationary,tool,all,family0013_engage_pull,family0013,21,7.276804629890692,12.130521282198883
masked,stationary,tool,engage_pull,family0013_engage_pull,family0013,21,7.276804629890692,12.130521282198883
masked,stationary,tool,stationary,family0013_engage_pull,family0013,2,7.2502936236560345,12.110017240047455
masked,stationary,all,all,family0013_engage_pull,family0013,21,6.6412627541770535,11.164692563137837
masked,stationary,all,engage_pull,family0013_engage_pull,family0013,21,6.6412627541770535,11.164692563137837
masked,stationary,all,stationary,family0013_engage_pull,family0013,2,3.62515717279166,6.055016769096255
masked,stationary,target,near_establish,family0013_engage_pull,family0013,4,2.3540639422052756,4.913365106546053
masked,stationary,tool,near_establish,family0013_engage_pull,family0013,4,7.279767305590212,12.129287701100111
masked,stationary,all,near_establish,family0013_engage_pull,family0013,4,4.816915781702846,8.521326701156795
masked,stationary,target,moving,family0013_engage_pull,family0013,19,6.637899826991519,11.272427007114809
masked,stationary,tool,moving,family0013_engage_pull,family0013,19,7.279595262125919,12.13267960242535
masked,stationary,all,moving,family0013_engage_pull,family0013,19,6.958747552217622,11.702553173036952
masked,stationary,target,all,family0013_pass_by,family0013,21,1.8133463534974497e-05,1.721803563218113e-05
masked,stationary,target,pass_by,family0013_pass_by,family0013,21,1.8133463534974497e-05,1.721803563218113e-05
masked,stationary,target,stationary,family0013_pass_by,family0013,21,1.8133463534974497e-05,1.721803563218113e-05
masked,stationary,tool,all,family0013_pass_by,family0013,21,7.6704914681613445,12.82833144068718
masked,stationary,tool,pass_by,family0013_pass_by,family0013,21,7.6704914681613445,12.82833144068718
masked,stationary,tool,stationary,family0013_pass_by,family0013,21,7.6704914681613445,12.82833144068718
masked,stationary,all,all,family0013_pass_by,family0013,21,3.8352548144757748,6.414174146595455
masked,stationary,all,pass_by,family0013_pass_by,family0013,21,3.8352548144757748,6.414174146595455
masked,stationary,all,stationary,family0013_pass_by,family0013,21,3.8352548144757748,6.414174146595455
masked,stationary,target,all,family0019_detach,family0019,21,5.921235816824239,9.830983247418938
masked,stationary,target,detach,family0019_detach,family0019,21,5.921235816824239,9.830983247418938
masked,stationary,target,stationary,family0019_detach,family0019,9,0.03270685591121807,0.16189913055736976
masked,stationary,tool,all,family0019_detach,family0019,21,15.856225675504122,26.664246139781817
masked,stationary,tool,detach,family0019_detach,family0019,21,15.856225675504122,26.664246139781817
masked,stationary,tool,stationary,family0019_detach,family0019,9,13.502998096454474,22.71089568320248
masked,stationary,all,all,family0019_detach,family0019,21,10.888730874285102,18.247615213372878
masked,stationary,all,detach,family0019_detach,family0019,21,10.888730874285102,18.247615213372878
masked,stationary,all,stationary,family0019_detach,family0019,9,6.767852361210519,11.436397571944529
masked,stationary,target,near_establish,family0019_detach,family0019,5,3.654373033038638,7.053758694837597
masked,stationary,tool,near_establish,family0019_detach,family0019,5,8.6691839620471,14.455877430737019
masked,stationary,all,near_establish,family0019_detach,family0019,5,6.161778699606657,10.754818189889193
masked,constant_velocity,target,moving,family0013_detach,family0013,11,5.5359617928678,9.760275155051865
masked,constant_velocity,tool,moving,family0013_detach,family0013,11,10.718449103561314,19.21253139153123
masked,constant_velocity,all,moving,family0013_detach,family0013,11,8.12720532783053,14.486402781172233
masked,constant_velocity,target,near_release,family0013_detach,family0013,5,4.030137694812552,6.508130084630537
masked,constant_velocity,tool,near_release,family0013_detach,family0013,5,15.128380805253983,25.77570043504238
masked,constant_velocity,all,near_release,family0013_detach,family0013,5,9.579259250313044,16.141915321350098
masked,constant_velocity,target,all,family0013_engage_pull,family0013,21,3.098248011193321,5.353944100205594
masked,constant_velocity,target,engage_pull,family0013_engage_pull,family0013,21,3.098248011193321,5.353944100205594
masked,constant_velocity,target,stationary,family0013_engage_pull,family0013,2,4.4737525684013235e-05,6.386717998907443e-05
masked,constant_velocity,tool,all,family0013_engage_pull,family0013,21,4.275724391586015,7.128859182731027
masked,constant_velocity,tool,engage_pull,family0013_engage_pull,family0013,21,4.275724391586015,7.128859182731027
masked,constant_velocity,tool,stationary,family0013_engage_pull,family0013,2,5.426032817922533,9.069629712030292
masked,constant_velocity,all,all,family0013_engage_pull,family0013,21,3.6869862593621727,6.241401546590385
masked,constant_velocity,all,engage_pull,family0013_engage_pull,family0013,21,3.6869862593621727,6.241401546590385
masked,constant_velocity,all,stationary,family0013_engage_pull,family0013,2,2.713038760703057,4.5348466373980045
masked,constant_velocity,target,near_establish,family0013_engage_pull,family0013,4,2.269944097935017,4.779756299329918
masked,constant_velocity,tool,near_establish,family0013_engage_pull,family0013,4,4.255143634509295,7.089964696206152
masked,constant_velocity,all,near_establish,family0013_engage_pull,family0013,4,3.262543847085908,5.93486032448709
masked,constant_velocity,target,moving,family0013_engage_pull,family0013,19,3.4243746715793875,5.9175104405240795
masked,constant_velocity,tool,moving,family0013_engage_pull,family0013,19,4.154639294076907,6.924567548067946
masked,constant_velocity,all,moving,family0013_engage_pull,family0013,19,3.789507048694711,6.421038905452741
masked,constant_velocity,target,all,family0013_pass_by,family0013,21,4.6334966424545933e-05,6.626015706482728e-05
masked,constant_velocity,target,pass_by,family0013_pass_by,family0013,21,4.6334966424545933e-05,6.626015706482728e-05
masked,constant_velocity,target,stationary,family0013_pass_by,family0013,21,4.6334966424545933e-05,6.626015706482728e-05
masked,constant_velocity,tool,all,family0013_pass_by,family0013,21,4.112847393289918,6.898575695231557
masked,constant_velocity,tool,pass_by,family0013_pass_by,family0013,21,4.112847393289918,6.898575695231557
masked,constant_velocity,tool,stationary,family0013_pass_by,family0013,21,4.112847393289918,6.898575695231557
masked,constant_velocity,all,all,family0013_pass_by,family0013,21,2.0564468023145483,3.4493209040235904
masked,constant_velocity,all,pass_by,family0013_pass_by,family0013,21,2.0564468023145483,3.4493209040235904
masked,constant_velocity,all,stationary,family0013_pass_by,family0013,21,2.0564468023145483,3.4493209040235904
masked,constant_velocity,target,all,family0019_detach,family0019,21,4.016352966818291,7.103967419107264
masked,constant_velocity,target,detach,family0019_detach,family0019,21,4.016352966818291,7.103967419107264
masked,constant_velocity,target,stationary,family0019_detach,family0019,9,0.3052412706949781,0.6161780840411919
masked,constant_velocity,tool,all,family0019_detach,family0019,21,9.616308557313113,16.914786194406805
masked,constant_velocity,tool,detach,family0019_detach,family0019,21,9.616308557313113,16.914786194406805
masked,constant_velocity,tool,stationary,family0019_detach,family0019,9,8.676832955744532,14.753119450890356
masked,constant_velocity,all,all,family0019_detach,family0019,21,6.816330837041495,12.009376870645653
masked,constant_velocity,all,detach,family0019_detach,family0019,21,6.816330837041495,12.009376870645653
masked,constant_velocity,all,stationary,family0019_detach,family0019,9,4.491036874242127,7.684648787188861
masked,constant_velocity,target,near_establish,family0019_detach,family0019,5,2.8616700489180857,5.732550937850078
masked,constant_velocity,tool,near_establish,family0019_detach,family0019,5,5.217442661523819,8.7050287052989
masked,constant_velocity,all,near_establish,family0019_detach,family0019,5,4.039556533098221,7.218789728358388
masked,A,target,moving,family0013_detach,family0013,11,3.18236418322406,4.516879456456412
masked,A,tool,moving,family0013_detach,family0013,11,6.967213978482918,10.664667722515084
masked,A,all,moving,family0013_detach,family0013,11,5.074789154935967,7.590773515403271
masked,A,target,near_release,family0013_detach,family0013,5,2.9851421480998397,4.040163499303162
masked,A,tool,near_release,family0013_detach,family0013,5,12.299534771591425,19.09576654434204
masked,A,all,near_release,family0013_detach,family0013,5,7.642338145524263,11.56796496361494
masked,A,target,all,family0013_engage_pull,family0013,21,1.5211255328419309,1.895521068945527
masked,A,target,engage_pull,family0013_engage_pull,family0013,21,1.5211255328419309,1.895521068945527
masked,A,target,stationary,family0013_engage_pull,family0013,2,1.3544842367991805,2.1797112422063947
masked,A,tool,all,family0013_engage_pull,family0013,21,1.3634648029914214,1.7237917969136365
masked,A,tool,engage_pull,family0013_engage_pull,family0013,21,1.3634648029914214,1.7237917969136365
masked,A,tool,stationary,family0013_engage_pull,family0013,2,1.7151797655969858,2.674667222891003
masked,A,all,all,family0013_engage_pull,family0013,21,1.4422951110949118,1.8096564260000985
masked,A,all,engage_pull,family0013_engage_pull,family0013,21,1.4422951110949118,1.8096564260000985
masked,A,all,stationary,family0013_engage_pull,family0013,2,1.5348319429904222,2.4271892616525292
masked,A,target,near_establish,family0013_engage_pull,family0013,4,1.6553222958464175,2.200593618908897
masked,A,tool,near_establish,family0013_engage_pull,family0013,4,1.158097293227911,1.5770771424286067
masked,A,all,near_establish,family0013_engage_pull,family0013,4,1.4067097508814186,1.8888353661168367
masked,A,target,moving,family0013_engage_pull,family0013,19,1.5386667218990624,1.8656063138654357
masked,A,tool,moving,family0013_engage_pull,family0013,19,1.3264421753487305,1.6236996468107558
masked,A,all,moving,family0013_engage_pull,family0013,19,1.4325543919480161,1.7446529696156319
masked,A,target,all,family0013_pass_by,family0013,21,0.6999600224108213,0.7516681175080261
masked,A,target,pass_by,family0013_pass_by,family0013,21,0.6999600224108213,0.7516681175080261
masked,A,target,stationary,family0013_pass_by,family0013,21,0.6999600224108213,0.7516681175080261
masked,A,tool,all,family0013_pass_by,family0013,21,1.460247653691719,2.2016873893638453
masked,A,tool,pass_by,family0013_pass_by,family0013,21,1.460247653691719,2.2016873893638453
masked,A,tool,stationary,family0013_pass_by,family0013,21,1.460247653691719,2.2016873893638453
masked,A,all,all,family0013_pass_by,family0013,21,1.0801038089474397,1.4766777444276071
masked,A,all,pass_by,family0013_pass_by,family0013,21,1.0801038089474397,1.4766777444276071
masked,A,all,stationary,family0013_pass_by,family0013,21,1.0801038089474397,1.4766777444276071
masked,A,target,all,family0019_detach,family0019,21,3.0264528800866435,4.391781944182834
masked,A,target,detach,family0019_detach,family0019,21,3.0264528800866435,4.391781944182834
masked,A,target,stationary,family0019_detach,family0019,9,1.3483231240469549,1.633642454786847
masked,A,tool,all,family0019_detach,family0019,21,6.953481385218246,10.31562277404148
masked,A,tool,detach,family0019_detach,family0019,21,6.953481385218246,10.31562277404148
masked,A,tool,stationary,family0019_detach,family0019,9,6.753500861426194,9.941419082072875
masked,A,all,all,family0019_detach,family0019,21,4.989967165913965,7.35370214429817
masked,A,all,detach,family0019_detach,family0019,21,4.989967165913965,7.35370214429817
masked,A,all,stationary,family0019_detach,family0019,9,4.0509120380092,5.78753061644319
masked,A,target,near_establish,family0019_detach,family0019,5,1.737443683668971,2.6723718270659447
masked,A,tool,near_establish,family0019_detach,family0019,5,2.2437994834035635,3.568638116121292
masked,A,all,near_establish,family0019_detach,family0019,5,1.9906216068193316,3.120505204424262
masked,B,target,moving,family0013_detach,family0013,11,1.8031500089405612,2.5468827436932107
masked,B,tool,moving,family0013_detach,family0013,11,3.093942116141658,5.300272081512958
masked,B,all,moving,family0013_detach,family0013,11,2.448546001687646,3.923577436415309
masked,B,target,near_release,family0013_detach,family0013,5,1.7392072244547307,1.775057741906494
masked,B,tool,near_release,family0013_detach,family0013,5,3.2879453618079424,4.919848870486021
masked,B,all,near_release,family0013_detach,family0013,5,2.513576252385974,3.347453149035573
masked,B,target,all,family0013_engage_pull,family0013,21,0.9436249771776298,1.3468686430271537
masked,B,target,engage_pull,family0013_engage_pull,family0013,21,0.9436249771776298,1.3468686430271537
masked,B,target,stationary,family0013_engage_pull,family0013,2,0.8986818429548293,1.3730889186263084
masked,B,tool,all,family0013_engage_pull,family0013,21,0.9420951939232293,1.146561574257378
masked,B,tool,engage_pull,family0013_engage_pull,family0013,21,0.9420951939232293,1.146561574257378
masked,B,tool,stationary,family0013_engage_pull,family0013,2,2.066305198241025,3.385883988812566
masked,B,all,all,family0013_engage_pull,family0013,21,0.9428600897081196,1.246715130816613
masked,B,all,engage_pull,family0013_engage_pull,family0013,21,0.9428600897081196,1.246715130816613
masked,B,all,stationary,family0013_engage_pull,family0013,2,1.4824935933575034,2.379486570134759
masked,B,target,near_establish,family0013_engage_pull,family0013,4,1.2635783641599119,1.8397079256828874
masked,B,tool,near_establish,family0013_engage_pull,family0013,4,0.9951108804671094,1.4113433862803504
masked,B,all,near_establish,family0013_engage_pull,family0013,4,1.1293446441413835,1.6255256487056613
masked,B,target,moving,family0013_engage_pull,family0013,19,0.9483558334116089,1.3441086140167164
masked,B,tool,moving,family0013_engage_pull,family0013,19,0.8237572987318823,0.9108434253568319
masked,B,all,moving,family0013_engage_pull,family0013,19,0.8860565630081845,1.1274760319410186
masked,B,target,all,family0013_pass_by,family0013,21,0.6468761074800222,0.6721511100684958
masked,B,target,pass_by,family0013_pass_by,family0013,21,0.6468761074800222,0.6721511100684958
masked,B,target,stationary,family0013_pass_by,family0013,21,0.6468761074800222,0.6721511100684958
masked,B,tool,all,family0013_pass_by,family0013,21,0.9680700909701132,1.493289160342621
masked,B,tool,pass_by,family0013_pass_by,family0013,21,0.9680700909701132,1.493289160342621
masked,B,tool,stationary,family0013_pass_by,family0013,21,0.9680700909701132,1.493289160342621
masked,B,all,all,family0013_pass_by,family0013,21,0.8074731006109643,1.082720154608112
masked,B,all,pass_by,family0013_pass_by,family0013,21,0.8074731006109643,1.082720154608112
masked,B,all,stationary,family0013_pass_by,family0013,21,0.8074731006109643,1.082720154608112
masked,B,target,all,family0019_detach,family0019,21,1.8553891762470205,2.6749244508599594
masked,B,target,detach,family0019_detach,family0019,21,1.8553891762470205,2.6749244508599594
masked,B,target,stationary,family0019_detach,family0019,9,0.9070103600000342,1.0558223390641313
masked,B,tool,all,family0019_detach,family0019,21,3.1478030196878883,4.755680277455776
masked,B,tool,detach,family0019_detach,family0019,21,3.1478030196878883,4.755680277455776
masked,B,tool,stationary,family0019_detach,family0019,9,2.6892731742312512,3.5165386248586907
masked,B,all,all,family0019_detach,family0019,21,2.5015961922084293,3.715302274074583
masked,B,all,detach,family0019_detach,family0019,21,2.5015961922084293,3.715302274074583
masked,B,all,stationary,family0019_detach,family0019,9,1.7981417865181963,2.2861803881824017
masked,B,target,near_establish,family0019_detach,family0019,5,1.7478632042184472,2.8576194774359465
masked,B,tool,near_establish,family0019_detach,family0019,5,2.230062265880406,3.5977058112621307
masked,B,all,near_establish,family0019_detach,family0019,5,1.9889627816155553,3.2276625279337168
masked,C,target,moving,family0013_detach,family0013,11,2.8782421723008156,4.250954148698259
masked,C,tool,moving,family0013_detach,family0013,11,4.125268293798647,4.344193656420843
masked,C,all,moving,family0013_detach,family0013,11,3.5017551219260152,4.297574114223773
masked,C,target,near_release,family0013_detach,family0013,5,2.854759036563337,3.897359990514815
masked,C,tool,near_release,family0013_detach,family0013,5,4.279258055612445,2.4543706560507417
masked,C,all,near_release,family0013_detach,family0013,5,3.567008441314101,3.175865299999714
masked,C,target,all,family0013_engage_pull,family0013,21,1.0386875586672908,1.5295432531274855
masked,C,target,engage_pull,family0013_engage_pull,family0013,21,1.0386875586672908,1.5295432531274855
masked,C,target,stationary,family0013_engage_pull,family0013,2,1.602363190613687,2.328024711459875
masked,C,tool,all,family0013_engage_pull,family0013,21,1.2382163494337528,1.532109274107608
masked,C,tool,engage_pull,family0013_engage_pull,family0013,21,1.2382163494337528,1.532109274107608
masked,C,tool,stationary,family0013_engage_pull,family0013,2,2.1300476510077715,3.465213696472347
masked,C,all,all,family0013_engage_pull,family0013,21,1.1384519803825588,1.5308262386714064
masked,C,all,engage_pull,family0013_engage_pull,family0013,21,1.1384519803825588,1.5308262386714064
masked,C,all,stationary,family0013_engage_pull,family0013,2,1.866205537226051,2.896619029343128
masked,C,target,near_establish,family0013_engage_pull,family0013,4,1.692438090685755,2.6894727780018
masked,C,tool,near_establish,family0013_engage_pull,family0013,4,1.265090162632987,1.588049140991643
masked,C,all,near_establish,family0013_engage_pull,family0013,4,1.4787641412112862,2.1387608721852303
masked,C,target,moving,family0013_engage_pull,family0013,19,0.9793532816203017,1.4454925733030235
masked,C,tool,moving,family0013_engage_pull,family0013,19,1.144339370320698,1.3286245980692144
masked,C,all,moving,family0013_engage_pull,family0013,19,1.061846342820086,1.3870585764954357
masked,C,target,all,family0013_pass_by,family0013,21,1.2264660881122662,1.2722101056992652
masked,C,target,pass_by,family0013_pass_by,family0013,21,1.2264660881122662,1.2722101056992652
masked,C,target,stationary,family0013_pass_by,family0013,21,1.2264660881122662,1.2722101056992652
masked,C,tool,all,family0013_pass_by,family0013,21,1.2197392671147274,1.2884039786599932
masked,C,tool,pass_by,family0013_pass_by,family0013,21,1.2197392671147274,1.2884039786599932
masked,C,tool,stationary,family0013_pass_by,family0013,21,1.2197392671147274,1.2884039786599932
masked,C,all,all,family0013_pass_by,family0013,21,1.2231026776134968,1.2803070158475922
masked,C,all,pass_by,family0013_pass_by,family0013,21,1.2231026776134968,1.2803070158475922
masked,C,all,stationary,family0013_pass_by,family0013,21,1.2231026776134968,1.2803070158475922
masked,C,target,all,family0019_detach,family0019,21,2.607379707374743,3.6219609042053067
masked,C,target,detach,family0019_detach,family0019,21,2.607379707374743,3.6219609042053067
masked,C,target,stationary,family0019_detach,family0019,9,1.5149698334021702,1.863517572120246
masked,C,tool,all,family0019_detach,family0019,21,3.7498262522387362,3.8977211640615548
masked,C,tool,detach,family0019_detach,family0019,21,3.7498262522387362,3.8977211640615548
masked,C,tool,stationary,family0019_detach,family0019,9,3.3040244339240923,3.2815017556357713
masked,C,all,all,family0019_detach,family0019,21,3.1786030657323345,3.75984099671422
masked,C,all,detach,family0019_detach,family0019,21,3.1786030657323345,3.75984099671422
masked,C,all,stationary,family0019_detach,family0019,9,2.4094972630134888,2.572509705916875
masked,C,target,near_establish,family0019_detach,family0019,5,2.31613889336586,3.7851169239729643
masked,C,tool,near_establish,family0019_detach,family0019,5,2.0704424241557717,3.3815462607890368
masked,C,all,near_establish,family0019_detach,family0019,5,2.193290600553155,3.583331685513258
masked,stationary,target,moving,family0019_detach,family0019,12,10.337632537509004,17.082796335065115
masked,stationary,tool,moving,family0019_detach,family0019,12,17.621146359791357,29.629258982216317
masked,stationary,all,moving,family0019_detach,family0019,12,13.97938975909104,23.35602844444414
masked,stationary,target,near_release,family0019_detach,family0019,5,4.699971203149289,6.308921348750118
masked,stationary,tool,near_release,family0019_detach,family0019,5,20.346706360578537,33.12630541622639
masked,stationary,all,near_release,family0019_detach,family0019,5,12.523339502513409,19.717614725232124
masked,stationary,target,all,family0019_engage_pull,family0019,21,7.084654006236336,12.037726862901975
masked,stationary,target,engage_pull,family0019_engage_pull,family0019,21,7.084654006236336,12.037726862901975
masked,stationary,target,stationary,family0019_engage_pull,family0019,3,0.0968736491995988,0.4842564681884672
masked,stationary,tool,all,family0019_engage_pull,family0019,21,8.434628236240574,14.197984399894873
masked,stationary,tool,engage_pull,family0019_engage_pull,family0019,21,8.434628236240574,14.197984399894873
masked,stationary,tool,stationary,family0019_engage_pull,family0019,3,6.9204706232994795,12.514199751118818
masked,stationary,all,all,family0019_engage_pull,family0019,21,7.75964095789407,13.11785588040948
masked,stationary,all,engage_pull,family0019_engage_pull,family0019,21,7.75964095789407,13.11785588040948
masked,stationary,all,stationary,family0019_engage_pull,family0019,3,3.5086721957971654,6.49922884379824
masked,stationary,target,near_establish,family0019_engage_pull,family0019,5,3.654373033038638,7.053758694837597
masked,stationary,tool,near_establish,family0019_engage_pull,family0019,5,8.6691839620471,14.455877430737019
masked,stationary,all,near_establish,family0019_engage_pull,family0019,5,6.161778699606657,10.754818189889193
masked,stationary,target,moving,family0019_engage_pull,family0019,18,8.24928406574246,13.963305262020892
masked,stationary,tool,moving,family0019_engage_pull,family0019,18,8.686987838397423,14.478615174690882
masked,stationary,all,moving,family0019_engage_pull,family0019,18,8.468135751576888,14.220960386511353
masked,stationary,target,all,family0019_pass_by,family0019,21,2.6147246653554896e-05,2.7854208886491872e-05
masked,stationary,target,pass_by,family0019_pass_by,family0019,21,2.6147246653554896e-05,2.7854208886491872e-05
masked,stationary,target,stationary,family0019_pass_by,family0019,21,2.6147246653554896e-05,2.7854208886491872e-05
masked,stationary,tool,all,family0019_pass_by,family0019,21,6.115688742803676,10.3641192960952
masked,stationary,tool,pass_by,family0019_pass_by,family0019,21,6.115688742803676,10.3641192960952
masked,stationary,tool,stationary,family0019_pass_by,family0019,21,6.115688742803676,10.3641192960952
masked,stationary,all,all,family0019_pass_by,family0019,21,3.0578574459511962,5.182073495927311
masked,stationary,all,pass_by,family0019_pass_by,family0019,21,3.0578574459511962,5.182073495927311
masked,stationary,all,stationary,family0019_pass_by,family0019,21,3.0578574459511962,5.182073495927311
masked,stationary,target,all,family0027_detach,family0027,21,4.99114233907698,8.285289900771115
masked,stationary,target,detach,family0027_detach,family0027,21,4.99114233907698,8.285289900771115
masked,stationary,target,stationary,family0027_detach,family0027,9,9.554299494772699e-05,0.00014170061361321964
masked,stationary,tool,all,family0027_detach,family0027,21,15.82342375158554,26.535951931561744
masked,stationary,tool,detach,family0027_detach,family0027,21,15.82342375158554,26.535951931561744
masked,stationary,tool,stationary,family0027_detach,family0027,9,14.759098127898243,24.499763113756973
masked,stationary,all,all,family0027_detach,family0027,21,10.407282959758525,17.410621357460816
masked,stationary,all,detach,family0027_detach,family0027,21,10.407282959758525,17.410621357460816
masked,stationary,all,stationary,family0027_detach,family0027,9,7.3795966648807125,12.249953010016018
masked,stationary,target,near_establish,family0027_detach,family0027,4,2.593002917277154,5.405603707792306
masked,stationary,tool,near_establish,family0027_detach,family0027,4,8.246749872341752,13.74010811559856
masked,stationary,all,near_establish,family0027_detach,family0027,4,5.419876426458359,9.572855778969824
masked,stationary,target,moving,family0027_detach,family0027,12,8.734427436138503,14.499151050889244
masked,stationary,tool,moving,family0027_detach,family0027,12,16.621667969351012,28.06309354491532
masked,stationary,all,moving,family0027_detach,family0027,12,12.678047680916885,21.281122618044417
masked,constant_velocity,target,moving,family0019_detach,family0019,12,6.799686738910775,11.969809420406818
masked,constant_velocity,tool,moving,family0019_detach,family0019,12,10.32091525848955,18.53603625204414
masked,constant_velocity,all,moving,family0019_detach,family0019,12,8.56030130914102,15.252922933238247
masked,constant_velocity,target,near_release,family0019_detach,family0019,5,4.334203255461944,7.301450478416882
masked,constant_velocity,tool,near_release,family0019_detach,family0019,5,12.077292520552874,20.264346338808537
masked,constant_velocity,all,near_release,family0019_detach,family0019,5,8.205747930333018,13.782899081707
masked,constant_velocity,target,all,family0019_engage_pull,family0019,21,3.4610106151514772,5.998506997029957
masked,constant_velocity,target,engage_pull,family0019_engage_pull,family0019,21,3.4610106151514772,5.998506997029957
masked,constant_velocity,target,stationary,family0019_engage_pull,family0019,3,0.09692153481092684,0.4843349970945117
masked,constant_velocity,tool,all,family0019_engage_pull,family0019,21,4.5793206774674005,7.7731211093210035
masked,constant_velocity,tool,engage_pull,family0019_engage_pull,family0019,21,4.5793206774674005,7.7731211093210035
masked,constant_velocity,tool,stationary,family0019_engage_pull,family0019,3,4.5072729311262565,8.494034487133225
masked,constant_velocity,all,all,family0019_engage_pull,family0019,21,4.020165818344269,6.885814053627352
masked,constant_velocity,all,engage_pull,family0019_engage_pull,family0019,21,4.020165818344269,6.885814053627352
masked,constant_velocity,all,stationary,family0019_engage_pull,family0019,3,2.3020973118642964,4.48918486169229
masked,constant_velocity,target,near_establish,family0019_engage_pull,family0019,5,2.916999403376508,5.824739276991409
masked,constant_velocity,tool,near_establish,family0019_engage_pull,family0019,5,4.928089049644768,8.223462803289294
masked,constant_velocity,all,near_establish,family0019_engage_pull,family0019,5,3.922544466331601,7.024100818671286
masked,constant_velocity,target,moving,family0019_engage_pull,family0019,18,4.021692128541569,6.9175356636858645
masked,constant_velocity,tool,moving,family0019_engage_pull,family0019,18,4.591328635190924,7.652968879685634
masked,constant_velocity,all,moving,family0019_engage_pull,family0019,18,4.306510569424265,7.285252252283196
masked,constant_velocity,target,all,family0019_pass_by,family0019,21,5.902320596294972e-05,8.501949806605764e-05
masked,constant_velocity,target,pass_by,family0019_pass_by,family0019,21,5.902320596294972e-05,8.501949806605764e-05
masked,constant_velocity,target,stationary,family0019_pass_by,family0019,21,5.902320596294972e-05,8.501949806605764e-05
masked,constant_velocity,tool,all,family0019_pass_by,family0019,21,3.7065045686349984,6.348618073388934
masked,constant_velocity,tool,pass_by,family0019_pass_by,family0019,21,3.7065045686349984,6.348618073388934
masked,constant_velocity,tool,stationary,family0019_pass_by,family0019,21,3.7065045686349984,6.348618073388934
masked,constant_velocity,all,all,family0019_pass_by,family0019,21,1.8532817983733756,3.174351522743347
masked,constant_velocity,all,pass_by,family0019_pass_by,family0019,21,1.8532817983733756,3.174351522743347
masked,constant_velocity,all,stationary,family0019_pass_by,family0019,21,1.8532817983733756,3.174351522743347
masked,constant_velocity,target,all,family0027_detach,family0027,21,4.222522086156202,7.353978139503188
masked,constant_velocity,target,detach,family0027_detach,family0027,21,4.222522086156202,7.353978139503188
masked,constant_velocity,target,stationary,family0027_detach,family0027,9,0.10878689354932981,0.1812929778558391
masked,constant_velocity,tool,all,family0027_detach,family0027,21,8.639133066892446,15.345005728747873
masked,constant_velocity,tool,detach,family0027_detach,family0027,21,8.639133066892446,15.345005728747873
masked,constant_velocity,tool,stationary,family0027_detach,family0027,9,7.909934243394269,13.556851022359398
masked,constant_velocity,all,all,family0027_detach,family0027,21,6.430827746433871,11.349492085476717
masked,constant_velocity,all,detach,family0027_detach,family0027,21,6.430827746433871,11.349492085476717
masked,constant_velocity,all,stationary,family0027_detach,family0027,9,4.009360525136192,6.869071887599097
masked,constant_velocity,target,near_establish,family0027_detach,family0027,4,2.330582249218338,5.001608629864762
masked,constant_velocity,tool,near_establish,family0027_detach,family0027,4,4.547285672742873,7.580403704196215
masked,constant_velocity,all,near_establish,family0027_detach,family0027,4,3.4389339853078127,6.291006458923221
masked,constant_velocity,target,moving,family0027_detach,family0027,12,7.307823480611357,12.7334920107387
masked,constant_velocity,tool,moving,family0027_detach,family0027,12,9.18603218451608,16.68612175853923
masked,constant_velocity,all,moving,family0027_detach,family0027,12,8.24692816240713,14.70980723388493
masked,A,target,moving,family0019_detach,family0019,12,4.285050197116409,6.460386561229825
masked,A,tool,moving,family0019_detach,family0019,12,7.103466778062284,10.596275543017933
masked,A,all,moving,family0019_detach,family0019,12,5.694258511842539,8.528330790189406
masked,A,target,near_release,family0019_detach,family0019,5,3.6998356925323606,5.081408773548901
masked,A,tool,near_release,family0019_detach,family0019,5,10.604244191199541,16.027198173105717
masked,A,all,near_release,family0019_detach,family0019,5,7.152039930224419,10.554302483797073
masked,A,target,all,family0019_engage_pull,family0019,21,2.077405534995099,2.922990680893972
masked,A,target,engage_pull,family0019_engage_pull,family0019,21,2.077405534995099,2.922990680893972
masked,A,target,stationary,family0019_engage_pull,family0019,3,1.2883552893375356,1.8218230300893385
masked,A,tool,all,family0019_engage_pull,family0019,21,2.285734872289357,3.169022905196817
masked,A,tool,engage_pull,family0019_engage_pull,family0019,21,2.285734872289357,3.169022905196817
masked,A,tool,stationary,family0019_engage_pull,family0019,3,2.449630138774713,3.3457022703563175
masked,A,all,all,family0019_engage_pull,family0019,21,2.1815702008704343,3.046006840165882
masked,A,all,engage_pull,family0019_engage_pull,family0019,21,2.1815702008704343,3.046006840165882
masked,A,all,stationary,family0019_engage_pull,family0019,3,1.8689928110688925,2.583762747235596
masked,A,target,near_establish,family0019_engage_pull,family0019,5,1.7262652982026339,2.6144520146772265
masked,A,tool,near_establish,family0019_engage_pull,family0019,5,2.258072607219219,3.567860135808587
masked,A,all,near_establish,family0019_engage_pull,family0019,5,1.9921690225601196,3.091156156733632
masked,A,target,moving,family0019_engage_pull,family0019,18,2.2089139092713594,3.106518622694744
masked,A,tool,moving,family0019_engage_pull,family0019,18,2.258418994541797,3.1395763443369002
masked,A,all,moving,family0019_engage_pull,family0019,18,2.233666432504025,3.1230475223209293
masked,A,target,all,family0019_pass_by,family0019,21,0.7959196172166794,0.7626942880008192
masked,A,target,pass_by,family0019_pass_by,family0019,21,0.7959196172166794,0.7626942880008192
masked,A,target,stationary,family0019_pass_by,family0019,21,0.7959196172166794,0.7626942880008192
masked,A,tool,all,family0019_pass_by,family0019,21,1.2385804078630394,1.5331514240686028
masked,A,tool,pass_by,family0019_pass_by,family0019,21,1.2385804078630394,1.5331514240686028
masked,A,tool,stationary,family0019_pass_by,family0019,21,1.2385804078630394,1.5331514240686028
masked,A,all,all,family0019_pass_by,family0019,21,1.0172500263988262,1.147922846333434
masked,A,all,pass_by,family0019_pass_by,family0019,21,1.0172500263988262,1.147922846333434
masked,A,all,stationary,family0019_pass_by,family0019,21,1.0172500263988262,1.147922846333434
masked,A,target,all,family0027_detach,family0027,21,2.5702768859143057,3.832351037999615
masked,A,target,detach,family0027_detach,family0027,21,2.5702768859143057,3.832351037999615
masked,A,target,stationary,family0027_detach,family0027,9,0.7969195074919198,0.9846775501500815
masked,A,tool,all,family0027_detach,family0027,21,5.57905916745464,8.349215922256311
masked,A,tool,detach,family0027_detach,family0027,21,5.57905916745464,8.349215922256311
masked,A,tool,stationary,family0027_detach,family0027,9,6.394400313082668,8.790553650922245
masked,A,all,all,family0027_detach,family0027,21,4.074668140328002,6.09078338103635
masked,A,all,detach,family0027_detach,family0027,21,4.074668140328002,6.09078338103635
masked,A,all,stationary,family0027_detach,family0027,9,3.5956600267026158,4.887615511607793
masked,A,target,near_establish,family0027_detach,family0027,4,2.323260414414108,3.583609708584845
masked,A,tool,near_establish,family0027_detach,family0027,4,2.165170502848923,3.503437270410359
masked,A,all,near_establish,family0027_detach,family0027,4,2.2442156623583287,3.5435233148746192
masked,A,target,moving,family0027_detach,family0027,12,3.9002949197310954,5.968106153886765
masked,A,tool,moving,family0027_detach,family0027,12,4.967553308233619,8.01821262575686
masked,A,all,moving,family0027_detach,family0027,12,4.433924225547041,6.993159283107768
masked,B,target,moving,family0019_detach,family0019,12,2.5666732884322605,3.889251034706831
masked,B,tool,moving,family0019_detach,family0019,12,3.491700403780366,5.6850365169035895
masked,B,all,moving,family0019_detach,family0019,12,3.029186996476104,4.787143688493718
masked,B,target,near_release,family0019_detach,family0019,5,2.058470342308283,2.2353381267748773
masked,B,tool,near_release,family0019_detach,family0019,5,3.06928725913167,4.524304065853357
masked,B,all,near_release,family0019_detach,family0019,5,2.563878777436912,3.3798207994550467
masked,B,target,all,family0019_engage_pull,family0019,21,1.4513733331114054,2.178434349064316
masked,B,target,engage_pull,family0019_engage_pull,family0019,21,1.4513733331114054,2.178434349064316
masked,B,target,stationary,family0019_engage_pull,family0019,3,1.0337969094204407,1.4155197034900386
masked,B,tool,all,family0019_engage_pull,family0019,21,1.6466252660999696,2.285676514951601
masked,B,tool,engage_pull,family0019_engage_pull,family0019,21,1.6466252660999696,2.285676514951601
masked,B,tool,stationary,family0019_engage_pull,family0019,3,2.593464062859615,3.8436701676497855
masked,B,all,all,family0019_engage_pull,family0019,21,1.548999288518514,2.232055451410512
masked,B,all,engage_pull,family0019_engage_pull,family0019,21,1.548999288518514,2.232055451410512
masked,B,all,stationary,family0019_engage_pull,family0019,3,1.8136304182310898,2.629595071387788
masked,B,target,near_establish,family0019_engage_pull,family0019,5,1.6780410194769502,2.646243036724627
masked,B,tool,near_establish,family0019_engage_pull,family0019,5,2.176347956992686,3.534582257270813
masked,B,all,near_establish,family0019_engage_pull,family0019,5,1.9271944649517536,3.0904126819223166
masked,B,target,moving,family0019_engage_pull,family0019,18,1.5209694037265662,2.305586789993362
masked,B,tool,moving,family0019_engage_pull,family0019,18,1.488818799973362,2.0260109061685703
masked,B,all,moving,family0019_engage_pull,family0019,18,1.5048941002330847,2.165798848080966
masked,B,target,all,family0019_pass_by,family0019,21,0.6897904344701341,0.5851550473986814
masked,B,target,pass_by,family0019_pass_by,family0019,21,0.6897904344701341,0.5851550473986814
masked,B,target,stationary,family0019_pass_by,family0019,21,0.6897904344701341,0.5851550473986814
masked,B,tool,all,family0019_pass_by,family0019,21,1.10167190654292,1.344997834946428
masked,B,tool,pass_by,family0019_pass_by,family0019,21,1.10167190654292,1.344997834946428
masked,B,tool,stationary,family0019_pass_by,family0019,21,1.10167190654292,1.344997834946428
masked,B,all,all,family0019_pass_by,family0019,21,0.8957311566475601,0.965076437707813
masked,B,all,pass_by,family0019_pass_by,family0019,21,0.8957311566475601,0.965076437707813
masked,B,all,stationary,family0019_pass_by,family0019,21,0.8957311566475601,0.965076437707813
masked,B,target,all,family0027_detach,family0027,21,1.7272668718803852,2.473334330023222
masked,B,target,detach,family0027_detach,family0027,21,1.7272668718803852,2.473334330023222
masked,B,target,stationary,family0027_detach,family0027,9,0.8526963970830871,1.073052750952128
masked,B,tool,all,family0027_detach,family0027,21,3.2544404745013233,4.737750937541326
masked,B,tool,detach,family0027_detach,family0027,21,3.2544404745013233,4.737750937541326
masked,B,tool,stationary,family0027_detach,family0027,9,3.0092951427731247,3.483133830337061
masked,B,all,all,family0027_detach,family0027,21,2.4908537244690314,3.605542754355286
masked,B,all,detach,family0027_detach,family0027,21,2.4908537244690314,3.605542754355286
masked,B,all,stationary,family0027_detach,family0027,9,1.9309957925644186,2.2780933391509786
masked,B,target,near_establish,family0027_detach,family0027,4,1.9819912849925458,3.004032390890643
masked,B,tool,near_establish,family0027_detach,family0027,4,2.005083399126306,3.3918165718205273
masked,B,all,near_establish,family0027_detach,family0027,4,1.9935374439228326,3.197924525011331
masked,B,target,moving,family0027_detach,family0027,12,2.3831947279783585,3.5235455143265426
masked,B,tool,moving,family0027_detach,family0027,12,3.4382994732974717,5.678713767944525
masked,B,all,moving,family0027_detach,family0027,12,2.9107471733974912,4.601129815758516
masked,C,target,moving,family0019_detach,family0019,12,3.426687112854173,4.940793403269102
masked,C,tool,moving,family0019_detach,family0019,12,4.08417761597472,4.359885720380892
masked,C,all,moving,family0019_detach,family0019,12,3.7554324177714684,4.650339464812229
masked,C,target,near_release,family0019_detach,family0019,5,3.204125352203846,3.4879779210314155
masked,C,tool,near_release,family0019_detach,family0019,5,4.571795184165239,3.6938772071152925
masked,C,all,near_release,family0019_detach,family0019,5,3.8879603147506714,3.5909276455640793
masked,C,target,all,family0019_engage_pull,family0019,21,1.379775185514951,2.135250301632498
masked,C,target,engage_pull,family0019_engage_pull,family0019,21,1.379775185514951,2.135250301632498
masked,C,target,stationary,family0019_engage_pull,family0019,3,1.8555073766037822,2.224594975511233
masked,C,tool,all,family0019_engage_pull,family0019,21,1.5969440573826432,1.977368937029193
masked,C,tool,engage_pull,family0019_engage_pull,family0019,21,1.5969440573826432,1.977368937029193
masked,C,tool,stationary,family0019_engage_pull,family0019,3,2.6450366713106632,3.605503666525086
masked,C,all,all,family0019_engage_pull,family0019,21,1.4883596117475204,2.056309598542395
masked,C,all,engage_pull,family0019_engage_pull,family0019,21,1.4883596117475204,2.056309598542395
masked,C,all,stationary,family0019_engage_pull,family0019,3,2.250272004554669,2.9150491657977304
masked,C,target,near_establish,family0019_engage_pull,family0019,5,2.056749281473458,3.288244642317295
masked,C,tool,near_establish,family0019_engage_pull,family0019,5,2.098421845585108,3.3458607271313667
masked,C,all,near_establish,family0019_engage_pull,family0019,5,2.0775855518877506,3.317052638158202
masked,C,target,moving,family0019_engage_pull,family0019,18,1.3004864870001458,2.1203595226527088
masked,C,tool,moving,family0019_engage_pull,family0019,18,1.4222619550613065,1.7060131487798773
masked,C,all,moving,family0019_engage_pull,family0019,18,1.3613742129463289,1.9131863373331726
masked,C,target,all,family0019_pass_by,family0019,21,1.4466758640039534,1.5183380594299662
masked,C,target,pass_by,family0019_pass_by,family0019,21,1.4466758640039534,1.5183380594299662
masked,C,target,stationary,family0019_pass_by,family0019,21,1.4466758640039534,1.5183380594299662
masked,C,tool,all,family0019_pass_by,family0019,21,1.6558433195487374,1.8092518883003366
masked,C,tool,pass_by,family0019_pass_by,family0019,21,1.6558433195487374,1.8092518883003366
masked,C,tool,stationary,family0019_pass_by,family0019,21,1.6558433195487374,1.8092518883003366
masked,C,all,all,family0019_pass_by,family0019,21,1.5512595917763454,1.6637949904959117
masked,C,all,pass_by,family0019_pass_by,family0019,21,1.5512595917763454,1.6637949904959117
masked,C,all,stationary,family0019_pass_by,family0019,21,1.5512595917763454,1.6637949904959117
masked,C,target,all,family0027_detach,family0027,21,2.22510794022431,3.2698896857688116
masked,C,target,detach,family0027_detach,family0027,21,2.22510794022431,3.2698896857688116
masked,C,target,stationary,family0027_detach,family0027,9,1.4602301202507482,1.981224722435905
masked,C,tool,all,family0027_detach,family0027,21,3.2953833551367833,3.5702245853220425
masked,C,tool,detach,family0027_detach,family0027,21,3.2953833551367833,3.5702245853220425
masked,C,tool,stationary,family0027_detach,family0027,9,2.646523346710536,2.9170842091035514
masked,C,all,all,family0027_detach,family0027,21,2.760245614419026,3.4200572076120546
masked,C,all,detach,family0027_detach,family0027,21,2.760245614419026,3.4200572076120546
masked,C,all,stationary,family0027_detach,family0027,9,2.0533767140780887,2.4491544916397996
masked,C,target,near_establish,family0027_detach,family0027,4,2.025140915066004,3.2400362542830408
masked,C,tool,near_establish,family0027_detach,family0027,4,1.8726660928223282,2.7442246791906655
masked,C,all,near_establish,family0027_detach,family0027,4,1.948903372976929,2.992130466736853
masked,C,target,moving,family0027_detach,family0027,12,2.798766305204481,4.236388408268492
masked,C,tool,moving,family0027_detach,family0027,12,3.7820283614564687,4.060079867485911
masked,C,all,moving,family0027_detach,family0027,12,3.290397289674729,4.148234244591246
masked,stationary,target,near_release,family0027_detach,family0027,4,4.591538736532286,6.163229568135087
masked,stationary,tool,near_release,family0027_detach,family0027,4,21.50994213297963,35.27072537690401
masked,stationary,all,near_release,family0027_detach,family0027,4,13.050741516053677,20.716977305710316
masked,stationary,target,all,family0027_engage_pull,family0027,21,6.79529970977225,11.532719707870362
masked,stationary,target,engage_pull,family0027_engage_pull,family0027,21,6.79529970977225,11.532719707870362
masked,stationary,target,stationary,family0027_engage_pull,family0027,2,2.7813924496911113e-05,4.2673665490156054e-05
masked,stationary,tool,all,family0027_engage_pull,family0027,21,8.111556792365652,13.607922586656752
masked,stationary,tool,engage_pull,family0027_engage_pull,family0027,21,8.111556792365652,13.607922586656752
masked,stationary,tool,stationary,family0027_engage_pull,family0027,2,6.847138283774257,12.345611117780209
masked,stationary,all,all,family0027_engage_pull,family0027,21,7.453428171131582,12.570321205116453
masked,stationary,all,engage_pull,family0027_engage_pull,family0027,21,7.453428171131582,12.570321205116453
masked,stationary,all,stationary,family0027_engage_pull,family0027,2,3.4235833445563912,6.1728269793093204
masked,stationary,target,near_establish,family0027_engage_pull,family0027,4,2.5922030314013966,5.404493265792176
masked,stationary,tool,near_establish,family0027_engage_pull,family0027,4,8.246259996667504,13.739459216594696
masked,stationary,all,near_establish,family0027_engage_pull,family0027,4,5.4192314855754375,9.571976377628744
masked,stationary,target,moving,family0027_engage_pull,family0027,19,7.5105914882825395,12.746685711470874
masked,stationary,tool,moving,family0027_engage_pull,family0027,19,8.244653477480536,13.740797478117441
masked,stationary,all,moving,family0027_engage_pull,family0027,19,7.877622363402655,13.243741649938258
masked,stationary,target,all,family0027_pass_by,family0027,21,2.8918865609062733e-05,2.6679592038260037e-05
masked,stationary,target,pass_by,family0027_pass_by,family0027,21,2.8918865609062733e-05,2.6679592038260037e-05
masked,stationary,target,stationary,family0027_pass_by,family0027,21,2.8918865609062733e-05,2.6679592038260037e-05
masked,stationary,tool,all,family0027_pass_by,family0027,21,7.690941227511281,12.821764773910953
masked,stationary,tool,pass_by,family0027_pass_by,family0027,21,7.690941227511281,12.821764773910953
masked,stationary,tool,stationary,family0027_pass_by,family0027,21,7.690941227511281,12.821764773910953
masked,stationary,all,all,family0027_pass_by,family0027,21,3.8454851046914147,6.410895691563685
masked,stationary,all,pass_by,family0027_pass_by,family0027,21,3.8454851046914147,6.410895691563685
masked,stationary,all,stationary,family0027_pass_by,family0027,21,3.8454851046914147,6.410895691563685
masked,stationary,target,all,family0031_detach,family0031,21,4.39686559524155,7.2996814856271
masked,stationary,target,detach,family0031_detach,family0031,21,4.39686559524155,7.2996814856271
masked,stationary,target,stationary,family0031_detach,family0031,10,0.00016834623810524363,0.0002058989295505853
masked,stationary,tool,all,family0031_detach,family0031,21,15.371437561476515,25.849442618588608
masked,stationary,tool,detach,family0031_detach,family0031,21,15.371437561476515,25.849442618588608
masked,stationary,tool,stationary,family0031_detach,family0031,10,14.30643037892878,23.853115737438202
masked,stationary,all,all,family0031_detach,family0031,21,9.884151275314036,16.5745619507063
masked,stationary,all,detach,family0031_detach,family0031,21,9.884151275314036,16.5745619507063
masked,stationary,all,stationary,family0031_detach,family0031,10,7.153299171477556,11.926660779863596
masked,stationary,target,near_establish,family0031_detach,family0031,4,2.432097552129253,5.107863171411431
masked,stationary,tool,near_establish,family0031_detach,family0031,4,7.7447365038096905,12.902991846203804
masked,stationary,all,near_establish,family0031_detach,family0031,4,5.088416626676917,9.00542747694999
masked,stationary,target,moving,family0031_detach,family0031,11,8.393863094335591,13.935568382624876
masked,stationary,tool,moving,family0031_detach,family0031,11,16.339625909247182,27.664285237816248
masked,stationary,all,moving,family0031_detach,family0031,11,12.366744096983563,20.799926651472394
masked,constant_velocity,target,near_release,family0027_detach,family0027,4,4.904603090835735,7.844483712688088
masked,constant_velocity,tool,near_release,family0027_detach,family0027,4,7.6489854691317305,13.68686294881627
masked,constant_velocity,all,near_release,family0027_detach,family0027,4,6.276794825680554,10.76567405834794
masked,constant_velocity,target,all,family0027_engage_pull,family0027,21,3.6991567887393595,6.383664123274645
masked,constant_velocity,target,engage_pull,family0027_engage_pull,family0027,21,3.6991567887393595,6.383664123274645
masked,constant_velocity,target,stationary,family0027_engage_pull,family0027,2,3.9323774458921434e-05,4.835896838528697e-05
masked,constant_velocity,tool,all,family0027_engage_pull,family0027,21,3.877672034182719,6.55237886877287
masked,constant_velocity,tool,engage_pull,family0027_engage_pull,family0027,21,3.877672034182719,6.55237886877287
masked,constant_velocity,tool,stationary,family0027_engage_pull,family0027,2,4.290629760362208,8.085219422355294
masked,constant_velocity,all,all,family0027_engage_pull,family0027,21,3.7884144777698174,6.468021355214573
masked,constant_velocity,all,engage_pull,family0027_engage_pull,family0027,21,3.7884144777698174,6.468021355214573
masked,constant_velocity,all,stationary,family0027_engage_pull,family0027,2,2.1453348454087973,4.042634041979909
masked,constant_velocity,target,near_establish,family0027_engage_pull,family0027,4,2.3963044064494454,5.135060364387378
masked,constant_velocity,tool,near_establish,family0027_engage_pull,family0027,4,4.910711257252842,8.183724130503833
masked,constant_velocity,all,near_establish,family0027_engage_pull,family0027,4,3.6535077961161733,6.65939215105027
masked,constant_velocity,target,moving,family0027_engage_pull,family0027,19,4.088537574525138,7.055623677412146
masked,constant_velocity,tool,moving,family0027_engage_pull,family0027,19,3.8342027998480357,6.391027231553667
masked,constant_velocity,all,moving,family0027_engage_pull,family0027,19,3.961370228544662,6.7233252829234855
masked,constant_velocity,target,all,family0027_pass_by,family0027,21,6.891210006864683e-05,9.547428507043303e-05
masked,constant_velocity,target,pass_by,family0027_pass_by,family0027,21,6.891210006864683e-05,9.547428507043303e-05
masked,constant_velocity,target,stationary,family0027_pass_by,family0027,21,6.891210006864683e-05,9.547428507043303e-05
masked,constant_velocity,tool,all,family0027_pass_by,family0027,21,3.724488940059971,6.211156838314007
masked,constant_velocity,tool,pass_by,family0027_pass_by,family0027,21,3.724488940059971,6.211156838314007
masked,constant_velocity,tool,stationary,family0027_pass_by,family0027,21,3.724488940059971,6.211156838314007
masked,constant_velocity,all,all,family0027_pass_by,family0027,21,1.862278899287568,3.10562615849059
masked,constant_velocity,all,pass_by,family0027_pass_by,family0027,21,1.862278899287568,3.10562615849059
masked,constant_velocity,all,stationary,family0027_pass_by,family0027,21,1.862278899287568,3.10562615849059
masked,constant_velocity,target,all,family0031_detach,family0031,21,2.8405351737965763,5.086163397708769
masked,constant_velocity,target,detach,family0031_detach,family0031,21,2.8405351737965763,5.086163397708769
masked,constant_velocity,target,stationary,family0031_detach,family0031,10,0.22578203739769265,0.37625430991639064
masked,constant_velocity,tool,all,family0031_detach,family0031,21,10.451416385227017,18.1958770179855
masked,constant_velocity,tool,detach,family0031_detach,family0031,21,10.451416385227017,18.1958770179855
masked,constant_velocity,tool,stationary,family0031_detach,family0031,10,9.882028377614915,16.835110587999225
masked,constant_velocity,all,all,family0031_detach,family0031,21,6.645975883917084,11.641019966364617
masked,constant_velocity,all,detach,family0031_detach,family0031,21,6.645975883917084,11.641019966364617
masked,constant_velocity,all,stationary,family0031_detach,family0031,10,5.053905316162854,8.60568203497678
masked,constant_velocity,target,near_establish,family0031_detach,family0031,4,2.2006124078739475,4.774216457224867
masked,constant_velocity,tool,near_establish,family0031_detach,family0031,4,2.9189582564868033,4.868171236012131
masked,constant_velocity,all,near_establish,family0031_detach,family0031,4,2.559785090852529,4.821193928364664
masked,constant_velocity,target,moving,family0031_detach,family0031,11,5.217583479613743,9.367898932065476
masked,constant_velocity,tool,moving,family0031_detach,family0031,11,10.969041846692562,19.432937408882108
masked,constant_velocity,all,moving,family0031_detach,family0031,11,8.093312763693659,14.400418085808104
masked,A,target,near_release,family0027_detach,family0027,4,3.271840134402737,4.313404439017177
masked,A,tool,near_release,family0027_detach,family0027,4,6.2490529380738735,9.820413892157376
masked,A,all,near_release,family0027_detach,family0027,4,4.760446667205542,7.066909223794937
masked,A,target,all,family0027_engage_pull,family0027,21,2.0708931343896047,3.2097713888755868
masked,A,target,engage_pull,family0027_engage_pull,family0027,21,2.0708931343896047,3.2097713888755868
masked,A,target,stationary,family0027_engage_pull,family0027,2,1.43445999128744,2.167383034247905
masked,A,tool,all,family0027_engage_pull,family0027,21,1.902508693525479,2.952542289027146
masked,A,tool,engage_pull,family0027_engage_pull,family0027,21,1.902508693525479,2.952542289027146
masked,A,tool,stationary,family0027_engage_pull,family0027,2,1.848714833613485,3.187389113008976
masked,A,all,all,family0027_engage_pull,family0027,21,1.9867009860241698,3.0811567890590856
masked,A,all,engage_pull,family0027_engage_pull,family0027,21,1.9867009860241698,3.0811567890590856
masked,A,all,stationary,family0027_engage_pull,family0027,2,1.6415875288657844,2.677385928109288
masked,A,target,near_establish,family0027_engage_pull,family0027,4,2.2774225217290223,3.5943762050010264
masked,A,tool,near_establish,family0027_engage_pull,family0027,4,2.2308152401819825,3.5711309174075723
masked,A,all,near_establish,family0027_engage_pull,family0027,4,2.254118910059333,3.582753473892808
masked,A,target,moving,family0027_engage_pull,family0027,19,2.1378860968214117,3.3194964788363954
masked,A,tool,moving,family0027_engage_pull,family0027,19,1.9081712050951625,2.927821570713269
masked,A,all,moving,family0027_engage_pull,family0027,19,2.023028718356631,3.1236589849485377
masked,A,target,all,family0027_pass_by,family0027,21,0.634417195604848,0.6725634683832704
masked,A,target,pass_by,family0027_pass_by,family0027,21,0.634417195604848,0.6725634683832704
masked,A,target,stationary,family0027_pass_by,family0027,21,0.634417195604848,0.6725634683832704
masked,A,tool,all,family0027_pass_by,family0027,21,1.6224030488436776,2.6237654244704616
masked,A,tool,pass_by,family0027_pass_by,family0027,21,1.6224030488436776,2.6237654244704616
masked,A,tool,stationary,family0027_pass_by,family0027,21,1.6224030488436776,2.6237654244704616
masked,A,all,all,family0027_pass_by,family0027,21,1.128410116680676,1.6481644235595705
masked,A,all,pass_by,family0027_pass_by,family0027,21,1.128410116680676,1.6481644235595705
masked,A,all,stationary,family0027_pass_by,family0027,21,1.128410116680676,1.6481644235595705
masked,A,target,all,family0031_detach,family0031,21,2.3036772091429505,3.4017691505141556
masked,A,target,detach,family0031_detach,family0031,21,2.3036772091429505,3.4017691505141556
masked,A,target,stationary,family0031_detach,family0031,10,1.172068523010239,1.493559667142108
masked,A,tool,all,family0031_detach,family0031,21,7.864548043081803,11.601496049912559
masked,A,tool,detach,family0031_detach,family0031,21,7.864548043081803,11.601496049912559
masked,A,tool,stationary,family0031_detach,family0031,10,8.586475939955562,12.336066737771034
masked,A,all,all,family0031_detach,family0031,21,5.0841125304855055,7.501632274527635
masked,A,all,detach,family0031_detach,family0031,21,5.0841125304855055,7.501632274527635
masked,A,all,stationary,family0031_detach,family0031,10,4.879272019024938,6.9148128386586905
masked,A,target,near_establish,family0031_detach,family0031,4,2.014207682805136,2.931983908638358
masked,A,tool,near_establish,family0031_detach,family0031,4,1.5551575925201178,2.2085253440309316
masked,A,all,near_establish,family0031_detach,family0031,4,1.784682652214542,2.5702547281980515
masked,A,target,moving,family0031_detach,family0031,11,3.332412378354506,5.136505044488744
masked,A,tool,moving,family0031_detach,family0031,11,7.208249955014749,10.93370451549576
masked,A,all,moving,family0031_detach,family0031,11,5.270331177267838,8.035104488953948
masked,B,target,near_release,family0027_detach,family0027,4,2.059935504803434,2.9194969101808965
masked,B,tool,near_release,family0027_detach,family0027,4,3.8897376507520676,5.855946568772197
masked,B,all,near_release,family0027_detach,family0027,4,2.9748366796411574,4.387721652165055
masked,B,target,all,family0027_engage_pull,family0027,21,1.1710765455583376,1.8267357788447822
masked,B,target,engage_pull,family0027_engage_pull,family0027,21,1.1710765455583376,1.8267357788447822
masked,B,target,stationary,family0027_engage_pull,family0027,2,0.9211196156684309,1.485574699472636
masked,B,tool,all,family0027_engage_pull,family0027,21,1.37324896474768,2.1581342222080346
masked,B,tool,engage_pull,family0027_engage_pull,family0027,21,1.37324896474768,2.1581342222080346
masked,B,tool,stationary,family0027_engage_pull,family0027,2,2.056266414001584,3.9211398689076304
masked,B,all,all,family0027_engage_pull,family0027,21,1.2721627745555626,1.9924349949828215
masked,B,all,engage_pull,family0027_engage_pull,family0027,21,1.2721627745555626,1.9924349949828215
masked,B,all,stationary,family0027_engage_pull,family0027,2,1.488693116698414,2.703357022255659
masked,B,target,near_establish,family0027_engage_pull,family0027,4,2.012259152252227,3.131788282189518
masked,B,tool,near_establish,family0027_engage_pull,family0027,4,2.105774503434077,3.5500989761203527
masked,B,all,near_establish,family0027_engage_pull,family0027,4,2.059016842395067,3.340943600051105
masked,B,target,moving,family0027_engage_pull,family0027,19,1.1973878013362225,1.8626474714102714
masked,B,tool,moving,family0027_engage_pull,family0027,19,1.301352391142006,1.9725546804501821
masked,B,all,moving,family0027_engage_pull,family0027,19,1.2493701069615781,1.9176010973751545
masked,B,target,all,family0027_pass_by,family0027,21,0.5928404751189408,0.7277837527605394
masked,B,target,pass_by,family0027_pass_by,family0027,21,0.5928404751189408,0.7277837527605394
masked,B,target,stationary,family0027_pass_by,family0027,21,0.5928404751189408,0.7277837527605394
masked,B,tool,all,family0027_pass_by,family0027,21,1.2513829472785194,2.0707087879556987
masked,B,tool,pass_by,family0027_pass_by,family0027,21,1.2513829472785194,2.0707087879556987
masked,B,tool,stationary,family0027_pass_by,family0027,21,1.2513829472785194,2.0707087879556987
masked,B,all,all,family0027_pass_by,family0027,21,0.922111747232044,1.3992462717440157
masked,B,all,pass_by,family0027_pass_by,family0027,21,0.922111747232044,1.3992462717440157
masked,B,all,stationary,family0027_pass_by,family0027,21,0.922111747232044,1.3992462717440157
masked,B,target,all,family0031_detach,family0031,21,1.5019554966351105,2.1367265865029323
masked,B,target,detach,family0031_detach,family0031,21,1.5019554966351105,2.1367265865029323
masked,B,target,stationary,family0031_detach,family0031,10,0.9270860347896814,1.154333824524656
masked,B,tool,all,family0031_detach,family0031,21,3.3213874502550986,4.8579489867690775
masked,B,tool,detach,family0031_detach,family0031,21,3.3213874502550986,4.8579489867690775
masked,B,tool,stationary,family0031_detach,family0031,10,3.1567503698170185,3.930467600002885
masked,B,all,all,family0031_detach,family0031,21,2.4116714429553774,3.4973377228847573
masked,B,all,detach,family0031_detach,family0031,21,2.4116714429553774,3.4973377228847573
masked,B,all,stationary,family0031_detach,family0031,10,2.041918074246496,2.5424006627872586
masked,B,target,near_establish,family0031_detach,family0031,4,1.6118474013637751,2.2408711083699018
masked,B,tool,near_establish,family0031_detach,family0031,4,1.9160956144332886,2.6517036312725395
masked,B,all,near_establish,family0031_detach,family0031,4,1.7639714933466166,2.4462873116135597
masked,B,target,moving,family0031_detach,family0031,11,2.0245640983127733,3.029810915574093
masked,B,tool,moving,family0031_detach,family0031,11,3.4710575233806265,5.701113883829252
masked,B,all,moving,family0031_detach,family0031,11,2.747810869054361,4.365462322973392
masked,C,target,near_release,family0027_detach,family0027,4,3.1049379613250494,4.382515558972955
masked,C,tool,near_release,family0027_detach,family0027,4,3.82360746152699,2.7872776554431766
masked,C,all,near_release,family0027_detach,family0027,4,3.4642727696336806,3.584896679967642
masked,C,target,all,family0027_engage_pull,family0027,21,1.1869331189830388,1.8058988138190692
masked,C,target,engage_pull,family0027_engage_pull,family0027,21,1.1869331189830388,1.8058988138190692
masked,C,target,stationary,family0027_engage_pull,family0027,2,1.684906892478466,2.2671596379950643
masked,C,tool,all,family0027_engage_pull,family0027,21,1.4000867571060855,1.748697904293381
masked,C,tool,engage_pull,family0027_engage_pull,family0027,21,1.4000867571060855,1.748697904293381
masked,C,tool,stationary,family0027_engage_pull,family0027,2,2.045684144832194,3.425587434321642
masked,C,all,all,family0027_engage_pull,family0027,21,1.2935098798369014,1.7772983216370146
masked,C,all,engage_pull,family0027_engage_pull,family0027,21,1.2935098798369014,1.7772983216370146
masked,C,all,stationary,family0027_engage_pull,family0027,2,1.865295460447669,2.846373477950692
masked,C,target,near_establish,family0027_engage_pull,family0027,4,1.9955084135290235,3.2187813776545227
masked,C,tool,near_establish,family0027_engage_pull,family0027,4,1.919209462357685,2.906882291426882
masked,C,all,near_establish,family0027_engage_pull,family0027,4,1.9573588797356933,3.0628317035734653
masked,C,target,moving,family0027_engage_pull,family0027,19,1.1345148270361518,1.757345042853175
masked,C,tool,moving,family0027_engage_pull,family0027,19,1.3321291373454427,1.5721832169219851
masked,C,all,moving,family0027_engage_pull,family0027,19,1.2333219239831363,1.6647640946566273
masked,C,target,all,family0027_pass_by,family0027,21,1.1919933714948239,1.3436262046785228
masked,C,target,pass_by,family0027_pass_by,family0027,21,1.1919933714948239,1.3436262046785228
masked,C,target,stationary,family0027_pass_by,family0027,21,1.1919933714948239,1.3436262046785228
masked,C,tool,all,family0027_pass_by,family0027,21,1.5045309805178217,1.948953949890676
masked,C,tool,pass_by,family0027_pass_by,family0027,21,1.5045309805178217,1.948953949890676
masked,C,tool,stationary,family0027_pass_by,family0027,21,1.5045309805178217,1.948953949890676
masked,C,all,all,family0027_pass_by,family0027,21,1.348262170462736,1.646290100844843
masked,C,all,pass_by,family0027_pass_by,family0027,21,1.348262170462736,1.646290100844843
masked,C,all,stationary,family0027_pass_by,family0027,21,1.348262170462736,1.646290100844843
masked,C,target,all,family0031_detach,family0031,21,2.1929321256244467,3.376565524376929
masked,C,target,detach,family0031_detach,family0031,21,2.1929321256244467,3.376565524376929
masked,C,target,stationary,family0031_detach,family0031,10,1.56726841814816,2.117373573128134
masked,C,tool,all,family0031_detach,family0031,21,3.5629150668336522,4.082804163252669
masked,C,tool,detach,family0031_detach,family0031,21,3.5629150668336522,4.082804163252669
masked,C,tool,stationary,family0031_detach,family0031,10,3.0748578254133463,3.3142255153506994
masked,C,all,all,family0031_detach,family0031,21,2.8779235435649753,3.72968491033784
masked,C,all,detach,family0031_detach,family0031,21,2.8779235435649753,3.72968491033784
masked,C,all,stationary,family0031_detach,family0031,10,2.3210631450638175,2.7157994802109897
masked,C,target,near_establish,family0031_detach,family0031,4,1.858739648014307,2.762661431916058
masked,C,tool,near_establish,family0031_detach,family0031,4,1.7437223868910223,2.5547868572175503
masked,C,all,near_establish,family0031_detach,family0031,4,1.80123103200458,2.6587241736706346
masked,C,target,moving,family0031_detach,family0031,11,2.761717314239253,4.521285480057651
masked,C,tool,moving,family0031_detach,family0031,11,4.0066034681248395,4.781512024981732
masked,C,all,moving,family0031_detach,family0031,11,3.3841602694751187,4.651398937725886
masked,stationary,target,near_release,family0031_detach,family0031,5,4.364509412325646,5.9857635016062005
masked,stationary,tool,near_release,family0031_detach,family0031,5,21.54984623193741,35.397177934646606
masked,stationary,all,near_release,family0031_detach,family0031,5,12.957176752388477,20.691470429301262
masked,stationary,target,all,family0031_engage_pull,family0031,21,6.003287214362781,10.207121578649033
masked,stationary,target,engage_pull,family0031_engage_pull,family0031,21,6.003287214362781,10.207121578649033
masked,stationary,target,stationary,family0031_engage_pull,family0031,3,2.383315352479561e-05,2.6441680844868642e-05
masked,stationary,tool,all,family0031_engage_pull,family0031,21,7.41344244618501,12.521899615724882
masked,stationary,tool,engage_pull,family0031_engage_pull,family0031,21,7.41344244618501,12.521899615724882
masked,stationary,tool,stationary,family0031_engage_pull,family0031,3,5.470497068017721,10.281546662251154
masked,stationary,all,all,family0031_engage_pull,family0031,21,6.70836480068309,11.364510504617577
masked,stationary,all,engage_pull,family0031_engage_pull,family0031,21,6.70836480068309,11.364510504617577
masked,stationary,all,stationary,family0031_engage_pull,family0031,3,2.735260253151258,5.140786369641622
masked,stationary,target,near_establish,family0031_engage_pull,family0031,4,2.432097552129253,5.107863171411431
masked,stationary,tool,near_establish,family0031_engage_pull,family0031,4,7.7447365038096905,12.902991846203804
masked,stationary,all,near_establish,family0031_engage_pull,family0031,4,5.088416626676917,9.00542747694999
masked,stationary,target,moving,family0031_engage_pull,family0031,18,7.003831111230991,11.908304101477066
masked,stationary,tool,moving,family0031_engage_pull,family0031,18,7.737266675879558,12.895291774637169
masked,stationary,all,moving,family0031_engage_pull,family0031,18,7.370548891938395,12.401797860446903
masked,stationary,target,all,family0031_pass_by,family0031,21,2.5942190491028733e-05,2.6264110568925097e-05
masked,stationary,target,pass_by,family0031_pass_by,family0031,21,2.5942190491028733e-05,2.6264110568925097e-05
masked,stationary,target,stationary,family0031_pass_by,family0031,21,2.5942190491028733e-05,2.6264110568925097e-05
masked,stationary,tool,all,family0031_pass_by,family0031,21,8.090646516176916,13.619984234017986
masked,stationary,tool,pass_by,family0031_pass_by,family0031,21,8.090646516176916,13.619984234017986
masked,stationary,tool,stationary,family0031_pass_by,family0031,21,8.090646516176916,13.619984234017986
masked,stationary,all,all,family0031_pass_by,family0031,21,4.045336357583957,6.810005310745466
masked,stationary,all,pass_by,family0031_pass_by,family0031,21,4.045336357583957,6.810005310745466
masked,stationary,all,stationary,family0031_pass_by,family0031,21,4.045336357583957,6.810005310745466
masked,stationary,target,all,family0037_detach,family0037,21,4.787527298472464,7.915638202637711
masked,stationary,target,detach,family0037_detach,family0037,21,4.787527298472464,7.915638202637711
masked,stationary,target,stationary,family0037_detach,family0037,10,0.011134483818331375,0.011206077254399816
masked,stationary,tool,all,family0037_detach,family0037,21,15.956498261186338,26.807922382085096
masked,stationary,tool,detach,family0037_detach,family0037,21,15.956498261186338,26.807922382085096
masked,stationary,tool,stationary,family0037_detach,family0037,10,15.632392140105367,25.904580764472485
masked,stationary,all,all,family0037_detach,family0037,21,10.372012476658536,17.361780761608056
masked,stationary,all,detach,family0037_detach,family0037,21,10.372012476658536,17.361780761608056
masked,stationary,all,stationary,family0037_detach,family0037,10,7.821763399988413,12.957893498241901
masked,stationary,target,near_establish,family0037_detach,family0037,4,2.683501058853288,5.618662613893655
masked,stationary,tool,near_establish,family0037_detach,family0037,4,8.774167858064175,14.620179310441017
masked,stationary,all,near_establish,family0037_detach,family0037,4,5.7288347743451595,10.119420825503767
masked,stationary,target,moving,family0037_detach,family0037,11,9.129702584521675,15.101485589349812
masked,stationary,tool,moving,family0037_detach,family0037,11,16.251140189441767,27.629142034460198
masked,stationary,all,moving,family0037_detach,family0037,11,12.690420728176832,21.365314637395468
masked,constant_velocity,target,near_release,family0031_detach,family0031,5,3.526805047708592,5.551719337664451
masked,constant_velocity,tool,near_release,family0031_detach,family0031,5,16.83589108288288,28.28626222908497
masked,constant_velocity,all,near_release,family0031_detach,family0031,5,10.181348118931055,16.918989084661007
masked,constant_velocity,target,all,family0031_engage_pull,family0031,21,3.178810661751355,5.508483292146086
masked,constant_velocity,target,engage_pull,family0031_engage_pull,family0031,21,3.178810661751355,5.508483292146086
masked,constant_velocity,target,stationary,family0031_engage_pull,family0031,3,5.4073392874443016e-05,7.771863034615005e-05
masked,constant_velocity,tool,all,family0031_engage_pull,family0031,21,3.2449112539844855,5.575374555995777
masked,constant_velocity,tool,engage_pull,family0031_engage_pull,family0031,21,3.2449112539844855,5.575374555995777
masked,constant_velocity,tool,stationary,family0031_engage_pull,family0031,3,3.758461136991779,7.42830615490675
masked,constant_velocity,all,all,family0031_engage_pull,family0031,21,3.2118608498768437,5.541928866434665
masked,constant_velocity,all,engage_pull,family0031_engage_pull,family0031,21,3.2118608498768437,5.541928866434665
masked,constant_velocity,all,stationary,family0031_engage_pull,family0031,3,1.879257693265875,3.714192115391294
masked,constant_velocity,target,near_establish,family0031_engage_pull,family0031,4,2.2932139795495132,4.923631390882477
masked,constant_velocity,tool,near_establish,family0031_engage_pull,family0031,4,3.2473067403770983,5.413340230006725
masked,constant_velocity,all,near_establish,family0031_engage_pull,family0031,4,2.7702600928023458,5.16848562983796
masked,constant_velocity,target,moving,family0031_engage_pull,family0031,18,3.7086034264777683,6.426550887732042
masked,constant_velocity,tool,moving,family0031_engage_pull,family0031,18,3.159319606816603,5.266552622843948
masked,constant_velocity,all,moving,family0031_engage_pull,family0031,18,3.433961375978672,5.846551658275227
masked,constant_velocity,target,all,family0031_pass_by,family0031,21,5.748500350865102e-05,8.221038174026165e-05
masked,constant_velocity,target,pass_by,family0031_pass_by,family0031,21,5.748500350865102e-05,8.221038174026165e-05
masked,constant_velocity,target,stationary,family0031_pass_by,family0031,21,5.748500350865102e-05,8.221038174026165e-05
masked,constant_velocity,tool,all,family0031_pass_by,family0031,21,4.518282915731626,7.665902121169936
masked,constant_velocity,tool,pass_by,family0031_pass_by,family0031,21,4.518282915731626,7.665902121169936
masked,constant_velocity,tool,stationary,family0031_pass_by,family0031,21,4.518282915731626,7.665902121169936
masked,constant_velocity,all,all,family0031_pass_by,family0031,21,2.259170109893949,3.8329922106294405
masked,constant_velocity,all,pass_by,family0031_pass_by,family0031,21,2.259170109893949,3.8329922106294405
masked,constant_velocity,all,stationary,family0031_pass_by,family0031,21,2.259170109893949,3.8329922106294405
masked,constant_velocity,target,all,family0037_detach,family0037,21,3.3443537766647493,5.957158167329489
masked,constant_velocity,target,detach,family0037_detach,family0037,21,3.3443537766647493,5.957158167329489
masked,constant_velocity,target,stationary,family0037_detach,family0037,10,0.302805531248751,0.5065336036814472
masked,constant_velocity,tool,all,family0037_detach,family0037,21,9.50107415251079,16.61618969713648
masked,constant_velocity,tool,detach,family0037_detach,family0037,21,9.50107415251079,16.61618969713648
masked,constant_velocity,tool,stationary,family0037_detach,family0037,10,8.368827728554606,14.421224594116211
masked,constant_velocity,all,all,family0037_detach,family0037,21,6.422713931117739,11.286674067378044
masked,constant_velocity,all,detach,family0037_detach,family0037,21,6.422713931117739,11.286674067378044
masked,constant_velocity,all,stationary,family0037_detach,family0037,10,4.335816646926105,7.463879091665149
masked,constant_velocity,target,near_establish,family0037_detach,family0037,4,2.544612963479409,5.410096218716021
masked,constant_velocity,tool,near_establish,family0037_detach,family0037,4,4.616021527908742,7.695289910770953
masked,constant_velocity,all,near_establish,family0037_detach,family0037,4,3.580317774321884,6.552692851983011
masked,constant_velocity,target,moving,family0037_detach,family0037,11,6.1093976361338385,10.912271407009525
masked,constant_velocity,tool,moving,family0037_detach,family0037,11,10.530389083380049,18.611612518064
masked,constant_velocity,all,moving,family0037_detach,family0037,11,8.31989328038286,14.76194222711704
masked,A,target,near_release,family0031_detach,family0031,5,2.852180600166321,3.873522230423987
masked,A,tool,near_release,family0031_detach,family0031,5,14.501338638365269,22.263843193650246
masked,A,all,near_release,family0031_detach,family0031,5,8.676759526133537,13.068681955337524
masked,A,target,all,family0031_engage_pull,family0031,21,1.6672064500328685,2.42176001137566
masked,A,target,engage_pull,family0031_engage_pull,family0031,21,1.6672064500328685,2.42176001137566
masked,A,target,stationary,family0031_engage_pull,family0031,3,1.2802489024276535,2.1410678746178746
masked,A,tool,all,family0031_engage_pull,family0031,21,1.5780356756988025,2.145863071616207
masked,A,tool,engage_pull,family0031_engage_pull,family0031,21,1.5780356756988025,2.145863071616207
masked,A,tool,stationary,family0031_engage_pull,family0031,3,2.084250949944059,2.6961894861112037
masked,A,all,all,family0031_engage_pull,family0031,21,1.6226210891978727,2.2838115636702803
masked,A,all,engage_pull,family0031_engage_pull,family0031,21,1.6226210891978727,2.2838115636702803
masked,A,all,stationary,family0031_engage_pull,family0031,3,1.68224994558841,2.418628583351771
masked,A,target,near_establish,family0031_engage_pull,family0031,4,1.9941491773352027,2.9253343236632645
masked,A,tool,near_establish,family0031_engage_pull,family0031,4,1.6491202404722571,2.3429800930898637
masked,A,all,near_establish,family0031_engage_pull,family0031,4,1.8216347671113908,2.6341572811361402
masked,A,target,moving,family0031_engage_pull,family0031,18,1.7316993746337377,2.468542034168624
masked,A,tool,moving,family0031_engage_pull,family0031,18,1.493666463324593,2.054142002533707
masked,A,all,moving,family0031_engage_pull,family0031,18,1.6126829464661165,2.261342060390032
masked,A,target,all,family0031_pass_by,family0031,21,0.7893344570350435,0.9699788144124406
masked,A,target,pass_by,family0031_pass_by,family0031,21,0.7893344570350435,0.9699788144124406
masked,A,target,stationary,family0031_pass_by,family0031,21,0.7893344570350435,0.9699788144124406
masked,A,tool,all,family0031_pass_by,family0031,21,2.0746959295744696,3.228204934636042
masked,A,tool,pass_by,family0031_pass_by,family0031,21,2.0746959295744696,3.228204934636042
masked,A,tool,stationary,family0031_pass_by,family0031,21,2.0746959295744696,3.228204934636042
masked,A,all,all,family0031_pass_by,family0031,21,1.4320151752880996,2.0990918689806546
masked,A,all,pass_by,family0031_pass_by,family0031,21,1.4320151752880996,2.0990918689806546
masked,A,all,stationary,family0031_pass_by,family0031,21,1.4320151752880996,2.0990918689806546
masked,A,target,all,family0037_detach,family0037,21,2.4308050259216025,3.804581745671818
masked,A,target,detach,family0037_detach,family0037,21,2.4308050259216025,3.804581745671818
masked,A,target,stationary,family0037_detach,family0037,10,0.6521402130601928,0.8869930083164945
masked,A,tool,all,family0037_detach,family0037,21,6.931679533971917,10.070772447978102
masked,A,tool,detach,family0037_detach,family0037,21,6.931679533971917,10.070772447978102
masked,A,tool,stationary,family0037_detach,family0037,10,7.323764800094068,10.105812561232597
masked,A,all,all,family0037_detach,family0037,21,4.681242186398733,6.937676990803864
masked,A,all,detach,family0037_detach,family0037,21,4.681242186398733,6.937676990803864
masked,A,all,stationary,family0037_detach,family0037,10,3.9879524963907897,5.496402399148792
masked,A,target,near_establish,family0037_detach,family0037,4,2.253055718028918,3.682013659272343
masked,A,tool,near_establish,family0037_detach,family0037,4,1.7027158755809069,2.9429454589262605
masked,A,all,near_establish,family0037_detach,family0037,4,1.9778857822529972,3.312479646410793
masked,A,target,moving,family0037_detach,family0037,11,4.047773037613793,6.456935143267566
masked,A,tool,moving,family0037_detach,family0037,11,6.57523838295178,10.038917799564926
masked,A,all,moving,family0037_detach,family0037,11,5.311505540951409,8.2479266195812
masked,B,target,near_release,family0031_detach,family0031,5,1.4567116275429726,1.4703514287248254
masked,B,tool,near_release,family0031_detach,family0031,5,4.043288994580507,6.637478433549404
masked,B,all,near_release,family0031_detach,family0031,5,2.750000264495611,4.053914733231068
masked,B,target,all,family0031_engage_pull,family0031,21,1.0614140718687504,1.4697663885142123
masked,B,target,engage_pull,family0031_engage_pull,family0031,21,1.0614140718687504,1.4697663885142123
masked,B,target,stationary,family0031_engage_pull,family0031,3,0.9641908885290226,1.388293186513086
masked,B,tool,all,family0031_engage_pull,family0031,21,1.2259137639332385,1.4867678151598998
masked,B,tool,engage_pull,family0031_engage_pull,family0031,21,1.2259137639332385,1.4867678151598998
masked,B,tool,stationary,family0031_engage_pull,family0031,3,2.2512724002202353,3.1237284808109202
masked,B,all,all,family0031_engage_pull,family0031,21,1.1436639192868912,1.4782671073806428
masked,B,all,engage_pull,family0031_engage_pull,family0031,21,1.1436639192868912,1.4782671073806428
masked,B,all,stationary,family0031_engage_pull,family0031,3,1.6077316443746288,2.256010853064557
masked,B,target,near_establish,family0031_engage_pull,family0031,4,1.5784242714289576,2.224778843810782
masked,B,tool,near_establish,family0031_engage_pull,family0031,4,1.9146747945342213,2.640482416609302
masked,B,all,near_establish,family0031_engage_pull,family0031,4,1.746549445670098,2.432630630210042
masked,B,target,moving,family0031_engage_pull,family0031,18,1.077617935758705,1.4833452555143998
masked,B,tool,moving,family0031_engage_pull,family0031,18,1.0550206578854058,1.2139410375513964
masked,B,all,moving,family0031_engage_pull,family0031,18,1.066319298438935,1.3486431497666571
masked,B,target,all,family0031_pass_by,family0031,21,0.7537952790568981,0.9650630748919433
masked,B,target,pass_by,family0031_pass_by,family0031,21,0.7537952790568981,0.9650630748919433
masked,B,target,stationary,family0031_pass_by,family0031,21,0.7537952790568981,0.9650630748919433
masked,B,tool,all,family0031_pass_by,family0031,21,1.4725436589547567,2.1597650456464006
masked,B,tool,pass_by,family0031_pass_by,family0031,21,1.4725436589547567,2.1597650456464006
masked,B,tool,stationary,family0031_pass_by,family0031,21,1.4725436589547567,2.1597650456464006
masked,B,all,all,family0031_pass_by,family0031,21,1.113169496723761,1.5624139895884408
masked,B,all,pass_by,family0031_pass_by,family0031,21,1.113169496723761,1.5624139895884408
masked,B,all,stationary,family0031_pass_by,family0031,21,1.113169496723761,1.5624139895884408
masked,B,target,all,family0037_detach,family0037,21,1.8236465790929894,2.8573823760130574
masked,B,target,detach,family0037_detach,family0037,21,1.8236465790929894,2.8573823760130574
masked,B,target,stationary,family0037_detach,family0037,10,0.910627149278298,1.1360981035977602
masked,B,tool,all,family0037_detach,family0037,21,3.4501187203984176,4.849737704110642
masked,B,tool,detach,family0037_detach,family0037,21,3.4501187203984176,4.849737704110642
masked,B,tool,stationary,family0037_detach,family0037,10,3.498971357475966,3.9695545798167586
masked,B,all,all,family0037_detach,family0037,21,2.6368825873803523,3.853560125987445
masked,B,all,detach,family0037_detach,family0037,21,2.6368825873803523,3.853560125987445
masked,B,all,stationary,family0037_detach,family0037,10,2.2047990933060646,2.552826446481049
masked,B,target,near_establish,family0037_detach,family0037,4,1.9402039179112762,3.302632481791079
masked,B,tool,near_establish,family0037_detach,family0037,4,1.6316539258696139,2.944388543255627
masked,B,all,near_establish,family0037_detach,family0037,4,1.7859290237538517,3.123510512523353
masked,B,target,moving,family0037_detach,family0037,11,2.6536642425608905,4.422186260026964
masked,B,tool,moving,family0037_detach,family0037,11,3.4057072321461006,5.649904180741445
masked,B,all,moving,family0037_detach,family0037,11,3.029685763811523,5.036045289175077
masked,C,target,near_release,family0031_detach,family0031,5,2.526445430703461,4.0657279547303915
masked,C,tool,near_release,family0031_detach,family0031,5,4.347917810082436,3.430957510136068
masked,C,all,near_release,family0031_detach,family0031,5,3.4371815621852875,3.7483427673578262
masked,C,target,all,family0031_engage_pull,family0031,21,1.1358558410956037,1.6230101076265175
masked,C,target,engage_pull,family0031_engage_pull,family0031,21,1.1358558410956037,1.6230101076265175
masked,C,target,stationary,family0031_engage_pull,family0031,3,1.710884622298181,2.332298317924142
masked,C,tool,all,family0031_engage_pull,family0031,21,1.3889827643565478,1.60156770531709
masked,C,tool,engage_pull,family0031_engage_pull,family0031,21,1.3889827643565478,1.60156770531709
masked,C,tool,stationary,family0031_engage_pull,family0031,3,2.411201596260071,3.1533377477899194
masked,C,all,all,family0031_engage_pull,family0031,21,1.262419333215803,1.6122888635090065
masked,C,all,engage_pull,family0031_engage_pull,family0031,21,1.262419333215803,1.6122888635090065
masked,C,all,stationary,family0031_engage_pull,family0031,3,2.061043206291894,2.742817858234048
masked,C,target,near_establish,family0031_engage_pull,family0031,4,1.7828295531217009,2.621024992549792
masked,C,tool,near_establish,family0031_engage_pull,family0031,4,1.8343174597248435,2.665694191819057
masked,C,all,near_establish,family0031_engage_pull,family0031,4,1.8085735500790179,2.6433594175614417
masked,C,target,moving,family0031_engage_pull,family0031,18,1.040017710895174,1.5047954059102469
masked,C,tool,moving,family0031_engage_pull,family0031,18,1.218612959039294,1.3429393649049517
masked,C,all,moving,family0031_engage_pull,family0031,18,1.1293153543697878,1.4238673643881663
masked,C,target,all,family0031_pass_by,family0031,21,1.0219425894320011,1.1888326206688016
masked,C,target,pass_by,family0031_pass_by,family0031,21,1.0219425894320011,1.1888326206688016
masked,C,target,stationary,family0031_pass_by,family0031,21,1.0219425894320011,1.1888326206688016
masked,C,tool,all,family0031_pass_by,family0031,21,1.5257296618074179,2.068695623338932
masked,C,tool,pass_by,family0031_pass_by,family0031,21,1.5257296618074179,2.068695623338932
masked,C,tool,stationary,family0031_pass_by,family0031,21,1.5257296618074179,2.068695623338932
masked,C,all,all,family0031_pass_by,family0031,21,1.2738361755119902,1.6287641067590033
masked,C,all,pass_by,family0031_pass_by,family0031,21,1.2738361755119902,1.6287641067590033
masked,C,all,stationary,family0031_pass_by,family0031,21,1.2738361755119902,1.6287641067590033
masked,C,target,all,family0037_detach,family0037,21,2.343693332347487,3.8328306039883975
masked,C,target,detach,family0037_detach,family0037,21,2.343693332347487,3.8328306039883975
masked,C,target,stationary,family0037_detach,family0037,10,1.5409576008096337,2.057617751415819
masked,C,tool,all,family0037_detach,family0037,21,3.2465450931340456,3.5877921396777745
masked,C,tool,detach,family0037_detach,family0037,21,3.2465450931340456,3.5877921396777745
masked,C,tool,stationary,family0037_detach,family0037,10,2.5823650183156133,2.5120455538854003
masked,C,all,all,family0037_detach,family0037,21,2.795119282035601,3.710311371833086
masked,C,all,detach,family0037_detach,family0037,21,2.795119282035601,3.710311371833086
masked,C,all,stationary,family0037_detach,family0037,10,2.061661274638027,2.284831670112908
masked,C,target,near_establish,family0037_detach,family0037,4,2.0902515097986907,3.442803310463205
masked,C,tool,near_establish,family0037_detach,family0037,4,1.8756533099804074,2.9390664712991565
masked,C,all,near_establish,family0037_detach,family0037,4,1.9829524389933795,3.190934716258198
masked,C,target,moving,family0037_detach,family0037,11,3.0734530882909894,5.4466604699634695
masked,C,tool,moving,family0037_detach,family0037,11,3.8503451611508024,4.565743581307205
masked,C,all,moving,family0037_detach,family0037,11,3.4618992887606677,5.00620200976052
masked,stationary,target,near_release,family0037_detach,family0037,5,5.139712859483581,6.977549930201121
masked,stationary,tool,near_release,family0037_detach,family0037,5,21.964922174811363,35.785600543022156
masked,stationary,all,near_release,family0037_detach,family0037,5,13.552317768335342,21.381575241684914
masked,stationary,target,all,family0037_engage_pull,family0037,21,7.216376212439492,12.246352980952562
masked,stationary,target,engage_pull,family0037_engage_pull,family0037,21,7.216376212439492,12.246352980952562
masked,stationary,target,stationary,family0037_engage_pull,family0037,2,2.7490227871851403e-05,4.546224730006543e-05
masked,stationary,tool,all,family0037_engage_pull,family0037,21,8.572925347834826,14.405617179969946
masked,stationary,tool,engage_pull,family0037_engage_pull,family0037,21,8.572925347834826,14.405617179969946
masked,stationary,tool,stationary,family0037_engage_pull,family0037,2,6.695699179545045,12.394259683787823
masked,stationary,all,all,family0037_engage_pull,family0037,21,7.894650922112522,13.325985210637251
masked,stationary,all,engage_pull,family0037_engage_pull,family0037,21,7.894650922112522,13.325985210637251
masked,stationary,all,stationary,family0037_engage_pull,family0037,2,3.34786344319582,6.197152193635702
masked,stationary,target,near_establish,family0037_engage_pull,family0037,4,2.683501058853288,5.618662613893655
masked,stationary,tool,near_establish,family0037_engage_pull,family0037,4,8.774167858064175,14.620179310441017
masked,stationary,all,near_establish,family0037_engage_pull,family0037,4,5.7288347743451595,10.119420825503767
masked,stationary,target,moving,family0037_engage_pull,family0037,19,7.975991867409137,13.535437982921538
masked,stationary,tool,moving,family0037_engage_pull,family0037,19,8.770528102391644,14.617339021673327
masked,stationary,all,moving,family0037_engage_pull,family0037,19,8.373260130419544,14.076388686111098
masked,stationary,target,all,family0037_pass_by,family0037,21,2.9855627599791507e-05,3.039654902384622e-05
masked,stationary,target,pass_by,family0037_pass_by,family0037,21,2.9855627599791507e-05,3.039654902384622e-05
masked,stationary,target,stationary,family0037_pass_by,family0037,21,2.9855627599791507e-05,3.039654902384622e-05
masked,stationary,tool,all,family0037_pass_by,family0037,21,9.26085783257371,15.536464440325895
masked,stationary,tool,pass_by,family0037_pass_by,family0037,21,9.26085783257371,15.536464440325895
masked,stationary,tool,stationary,family0037_pass_by,family0037,21,9.26085783257371,15.536464440325895
masked,stationary,all,all,family0037_pass_by,family0037,21,4.63044395049413,7.768247254370224
masked,stationary,all,pass_by,family0037_pass_by,family0037,21,4.63044395049413,7.768247254370224
masked,stationary,all,stationary,family0037_pass_by,family0037,21,4.63044395049413,7.768247254370224
masked,stationary,target,all,family0040_detach,family0040,21,5.992039739846585,9.967134802509172
masked,stationary,target,detach,family0040_detach,family0040,21,5.992039739846585,9.967134802509172
masked,stationary,target,stationary,family0040_detach,family0040,9,0.04499592141667582,0.22443330235175393
masked,stationary,tool,all,family0040_detach,family0040,21,16.608167373176133,27.93093364951866
masked,stationary,tool,detach,family0040_detach,family0040,21,16.608167373176133,27.93093364951866
masked,stationary,tool,stationary,family0040_detach,family0040,9,14.446653684394228,24.19753646891978
masked,stationary,all,all,family0040_detach,family0040,21,11.300103539334875,18.94903428009933
masked,stationary,all,detach,family0040_detach,family0040,21,11.300103539334875,18.94903428009933
masked,stationary,all,stationary,family0040_detach,family0040,9,7.2458243101007405,12.210985050640172
masked,stationary,target,near_establish,family0040_detach,family0040,5,3.9359238457031154,7.641273226239065
masked,stationary,tool,near_establish,family0040_detach,family0040,5,8.996323216706514,15.209818631410599
masked,stationary,all,near_establish,family0040_detach,family0040,5,6.466123228892684,11.425546184182167
masked,stationary,target,moving,family0040_detach,family0040,12,10.452322603669018,17.274160927627236
masked,stationary,tool,moving,family0040_detach,family0040,12,18.22930263976256,30.73098153496782
masked,stationary,all,moving,family0040_detach,family0040,12,14.340812961260477,24.002571202193696
masked,constant_velocity,target,near_release,family0037_detach,family0037,5,5.136216362271284,8.428956123309206
masked,constant_velocity,tool,near_release,family0037_detach,family0037,5,13.34196301177144,23.329849541187286
masked,constant_velocity,all,near_release,family0037_detach,family0037,5,9.239088837057352,15.87940277531743
masked,constant_velocity,target,all,family0037_engage_pull,family0037,21,3.7851567112324367,6.530422364854074
masked,constant_velocity,target,engage_pull,family0037_engage_pull,family0037,21,3.7851567112324367,6.530422364854074
masked,constant_velocity,target,stationary,family0037_engage_pull,family0037,2,3.634888479098208e-05,5.9396077389806123e-05
masked,constant_velocity,tool,all,family0037_engage_pull,family0037,21,4.234343036538728,7.1762034231142025
masked,constant_velocity,tool,engage_pull,family0037_engage_pull,family0037,21,4.234343036538728,7.1762034231142025
masked,constant_velocity,tool,stationary,family0037_engage_pull,family0037,2,5.661001894623041,10.670089162886143
masked,constant_velocity,all,all,family0037_engage_pull,family0037,21,4.009749798569828,6.8533129413567835
masked,constant_velocity,all,engage_pull,family0037_engage_pull,family0037,21,4.009749798569828,6.8533129413567835
masked,constant_velocity,all,stationary,family0037_engage_pull,family0037,2,2.8305189916864038,5.335074383765459
masked,constant_velocity,target,near_establish,family0037_engage_pull,family0037,4,2.5748214054610585,5.449768760561469
masked,constant_velocity,tool,near_establish,family0037_engage_pull,family0037,4,3.523705148836598,5.876476934645325
masked,constant_velocity,all,near_establish,family0037_engage_pull,family0037,4,3.0492633813992143,5.663122923579067
masked,constant_velocity,target,moving,family0037_engage_pull,family0037,19,4.18359043358482,7.217828993146357
masked,constant_velocity,tool,moving,family0037_engage_pull,family0037,19,4.0841684198982735,6.808425976822419
masked,constant_velocity,all,moving,family0037_engage_pull,family0037,19,4.133879357189136,7.013127526366397
masked,constant_velocity,target,all,family0037_pass_by,family0037,21,6.124694876131711e-05,8.560386236903621e-05
masked,constant_velocity,target,pass_by,family0037_pass_by,family0037,21,6.124694876131711e-05,8.560386236903621e-05
masked,constant_velocity,target,stationary,family0037_pass_by,family0037,21,6.124694876131711e-05,8.560386236903621e-05
masked,constant_velocity,tool,all,family0037_pass_by,family0037,21,4.79255604919412,8.089645886987759
masked,constant_velocity,tool,pass_by,family0037_pass_by,family0037,21,4.79255604919412,8.089645886987759
masked,constant_velocity,tool,stationary,family0037_pass_by,family0037,21,4.79255604919412,8.089645886987759
masked,constant_velocity,all,all,family0037_pass_by,family0037,21,2.3963085806523545,4.044865664657967
masked,constant_velocity,all,pass_by,family0037_pass_by,family0037,21,2.3963085806523545,4.044865664657967
masked,constant_velocity,all,stationary,family0037_pass_by,family0037,21,2.3963085806523545,4.044865664657967
masked,constant_velocity,target,all,family0040_detach,family0040,21,4.078839725233406,7.1318755706499815
masked,constant_velocity,target,detach,family0040_detach,family0040,21,4.078839725233406,7.1318755706499815
masked,constant_velocity,target,stationary,family0040_detach,family0040,9,0.1829205167677767,0.4543066292986471
masked,constant_velocity,tool,all,family0040_detach,family0040,21,8.802131542498024,15.550813155381807
masked,constant_velocity,tool,detach,family0040_detach,family0040,21,8.802131542498024,15.550813155381807
masked,constant_velocity,tool,stationary,family0040_detach,family0040,9,6.288999906650537,11.170465434487495
masked,constant_velocity,all,all,family0040_detach,family0040,21,6.440485591156175,11.341344650385768
masked,constant_velocity,all,detach,family0040_detach,family0040,21,6.440485591156175,11.341344650385768
masked,constant_velocity,all,stationary,family0040_detach,family0040,9,3.235960137923636,5.812386404916954
masked,constant_velocity,target,near_establish,family0040_detach,family0040,5,3.6933204841972156,7.238437435918854
masked,constant_velocity,tool,near_establish,family0040_detach,family0040,5,4.982788115739822,8.527318900451064
masked,constant_velocity,all,near_establish,family0040_detach,family0040,5,4.3380544520914555,7.882877858355641
masked,constant_velocity,target,moving,family0040_detach,family0040,12,7.000779131582628,12.140052276663482
masked,constant_velocity,tool,moving,family0040_detach,family0040,12,10.686980269383639,18.83607394605254
masked,constant_velocity,all,moving,family0040_detach,family0040,12,8.84387968108058,15.488063334487379
masked,A,target,near_release,family0037_detach,family0037,5,3.3141581690870225,4.847199970390648
masked,A,tool,near_release,family0037_detach,family0037,5,11.22843287885189,16.92561311647296
masked,A,all,near_release,family0037_detach,family0037,5,7.271295087412,10.886406432837248
masked,A,target,all,family0037_engage_pull,family0037,21,2.4422041744747687,3.77980308119385
masked,A,target,engage_pull,family0037_engage_pull,family0037,21,2.4422041744747687,3.77980308119385
masked,A,target,stationary,family0037_engage_pull,family0037,2,0.9772901830729097,1.6541456570848823
masked,A,tool,all,family0037_engage_pull,family0037,21,1.9811594698001587,3.0640703515105305
masked,A,tool,engage_pull,family0037_engage_pull,family0037,21,1.9811594698001587,3.0640703515105305
masked,A,tool,stationary,family0037_engage_pull,family0037,2,1.8977231811732054,2.527755801565945
masked,A,all,all,family0037_engage_pull,family0037,21,2.2116818664861575,3.4219367440701243
masked,A,all,engage_pull,family0037_engage_pull,family0037,21,2.2116818664861575,3.4219367440701243
masked,A,all,stationary,family0037_engage_pull,family0037,2,1.4375066384673119,2.090950612910092
masked,A,target,near_establish,family0037_engage_pull,family0037,4,2.1713413880206645,3.440182947088033
masked,A,tool,near_establish,family0037_engage_pull,family0037,4,1.545182050904259,2.7263216325081885
masked,A,all,near_establish,family0037_engage_pull,family0037,4,1.8582618213258684,3.0832522897981107
masked,A,target,moving,family0037_engage_pull,family0037,19,2.5964056472539117,4.0035564942579525
masked,A,tool,moving,family0037_engage_pull,family0037,19,1.9899422370240485,3.120524514662592
masked,A,all,moving,family0037_engage_pull,family0037,19,2.2931739957512995,3.5620405473501275
masked,A,target,all,family0037_pass_by,family0037,21,0.7418846944347024,0.88692375270295
masked,A,target,pass_by,family0037_pass_by,family0037,21,0.7418846944347024,0.88692375270295
masked,A,target,stationary,family0037_pass_by,family0037,21,0.7418846944347024,0.88692375270295
masked,A,tool,all,family0037_pass_by,family0037,21,2.7359167690433206,4.699717608413526
masked,A,tool,pass_by,family0037_pass_by,family0037,21,2.7359167690433206,4.699717608413526
masked,A,tool,stationary,family0037_pass_by,family0037,21,2.7359167690433206,4.699717608413526
masked,A,all,all,family0037_pass_by,family0037,21,1.738900734510805,2.7933206209646806
masked,A,all,pass_by,family0037_pass_by,family0037,21,1.738900734510805,2.7933206209646806
masked,A,all,stationary,family0037_pass_by,family0037,21,1.738900734510805,2.7933206209646806
masked,A,target,all,family0040_detach,family0040,21,2.9715903940433193,4.321211099436152
masked,A,target,detach,family0040_detach,family0040,21,2.9715903940433193,4.321211099436152
masked,A,target,stationary,family0040_detach,family0040,9,0.9819288000774881,1.1148098694522761
masked,A,tool,all,family0040_detach,family0040,21,6.451361269379656,9.444381520595579
masked,A,tool,detach,family0040_detach,family0040,21,6.451361269379656,9.444381520595579
masked,A,tool,stationary,family0040_detach,family0040,9,5.819409076745312,7.87334552862578
masked,A,all,all,family0040_detach,family0040,21,4.71147582201021,6.88279629962164
masked,A,all,detach,family0040_detach,family0040,21,4.71147582201021,6.88279629962164
masked,A,all,stationary,family0040_detach,family0040,9,3.4006688769699798,4.494077610110657
masked,A,target,near_establish,family0040_detach,family0040,5,2.1415489027276635,3.4611925249919295
masked,A,tool,near_establish,family0040_detach,family0040,5,2.2405503317713737,3.803365444764495
masked,A,all,near_establish,family0040_detach,family0040,5,2.1910494659096003,3.6322788801044226
masked,A,target,moving,family0040_detach,family0040,12,4.463836589517693,6.726012021924059
masked,A,tool,moving,family0040_detach,family0040,12,6.925325413855414,10.622658514572928
masked,A,all,moving,family0040_detach,family0040,12,5.694581030790384,8.674335316754878
masked,B,target,near_release,family0037_detach,family0037,5,2.394168870523572,3.421783843077719
masked,B,tool,near_release,family0037_detach,family0037,5,4.433973552659154,6.530697923153639
masked,B,all,near_release,family0037_detach,family0037,5,3.414071025326848,4.976241057738662
masked,B,target,all,family0037_engage_pull,family0037,21,1.4119373933811272,2.2867767506146004
masked,B,target,engage_pull,family0037_engage_pull,family0037,21,1.4119373933811272,2.2867767506146004
masked,B,target,stationary,family0037_engage_pull,family0037,2,0.8293049468193203,1.1965438607148826
masked,B,tool,all,family0037_engage_pull,family0037,21,1.3272150619221585,2.1033428742417266
masked,B,tool,engage_pull,family0037_engage_pull,family0037,21,1.3272150619221585,2.1033428742417266
masked,B,tool,stationary,family0037_engage_pull,family0037,2,1.8563630292192101,3.227992099709809
masked,B,all,all,family0037_engage_pull,family0037,21,1.3695762470541966,2.195059820743544
masked,B,all,engage_pull,family0037_engage_pull,family0037,21,1.3695762470541966,2.195059820743544
masked,B,all,stationary,family0037_engage_pull,family0037,2,1.34283397346735,2.212268067523837
masked,B,target,near_establish,family0037_engage_pull,family0037,4,1.699954504147172,2.8031818801537156
masked,B,tool,near_establish,family0037_engage_pull,family0037,4,1.615978399058804,2.918737620348111
masked,B,all,near_establish,family0037_engage_pull,family0037,4,1.657966524362564,2.860959677491337
masked,B,target,moving,family0037_engage_pull,family0037,19,1.4732671245981597,2.4015381074461497
masked,B,tool,moving,family0037_engage_pull,family0037,19,1.2715152758908899,1.9849587452450865
masked,B,all,moving,family0037_engage_pull,family0037,19,1.372391223221233,2.193248426345618
masked,B,target,all,family0037_pass_by,family0037,21,0.7899913970114929,1.0846655627357817
masked,B,target,pass_by,family0037_pass_by,family0037,21,0.7899913970114929,1.0846655627357817
masked,B,target,stationary,family0037_pass_by,family0037,21,0.7899913970114929,1.0846655627357817
masked,B,tool,all,family0037_pass_by,family0037,21,1.8994958594530111,3.4606109949804487
masked,B,tool,pass_by,family0037_pass_by,family0037,21,1.8994958594530111,3.4606109949804487
masked,B,tool,stationary,family0037_pass_by,family0037,21,1.8994958594530111,3.4606109949804487
masked,B,all,all,family0037_pass_by,family0037,21,1.3447436337758387,2.2726382927170823
masked,B,all,pass_by,family0037_pass_by,family0037,21,1.3447436337758387,2.2726382927170823
masked,B,all,stationary,family0037_pass_by,family0037,21,1.3447436337758387,2.2726382927170823
masked,B,target,all,family0040_detach,family0040,21,1.921664047542782,2.8465789648526836
masked,B,target,detach,family0040_detach,family0040,21,1.921664047542782,2.8465789648526836
masked,B,target,stationary,family0040_detach,family0040,9,0.7981908662865559,0.8527185159942342
masked,B,tool,all,family0040_detach,family0040,21,3.259320904145993,5.104010719584212
masked,B,tool,detach,family0040_detach,family0040,21,3.259320904145993,5.104010719584212
masked,B,tool,stationary,family0040_detach,family0040,9,2.665984185619487,3.477985828390552
masked,B,all,all,family0040_detach,family0040,21,2.5904924675290073,3.9752949572478733
masked,B,all,detach,family0040_detach,family0040,21,2.5904924675290073,3.9752949572478733
masked,B,all,stationary,family0040_detach,family0040,9,1.7320875130179856,2.165352188361188
masked,B,target,near_establish,family0040_detach,family0040,5,1.9839117769151926,3.311605902854353
masked,B,tool,near_establish,family0040_detach,family0040,5,2.503704116679728,4.123809235170484
masked,B,all,near_establish,family0040_detach,family0040,5,2.243807865306735,3.7177077028900385
masked,B,target,moving,family0040_detach,family0040,12,2.7642689334849515,4.341974301496521
masked,B,tool,moving,family0040_detach,family0040,12,3.7043234430408725,6.323529387979458
masked,B,all,moving,family0040_detach,family0040,12,3.234296183412274,5.332752033912887
masked,C,target,near_release,family0037_detach,family0037,5,3.132007410749793,5.2962318528443575
masked,C,tool,near_release,family0037_detach,family0037,5,4.160908097401261,3.606106387451291
masked,C,all,near_release,family0037_detach,family0037,5,3.6464576609432697,4.451169306412339
masked,C,target,all,family0037_engage_pull,family0037,21,1.4890836402108627,2.3800105388675417
masked,C,target,engage_pull,family0037_engage_pull,family0037,21,1.4890836402108627,2.3800105388675417
masked,C,target,stationary,family0037_engage_pull,family0037,2,1.5693430905230343,1.9948758999817073
masked,C,tool,all,family0037_engage_pull,family0037,21,1.5159527981831205,2.02214511643563
masked,C,tool,engage_pull,family0037_engage_pull,family0037,21,1.5159527981831205,2.02214511643563
masked,C,tool,stationary,family0037_engage_pull,family0037,2,2.222039271146059,3.090560028795153
masked,C,all,all,family0037_engage_pull,family0037,21,1.5025181928649545,2.2010778387387595
masked,C,all,engage_pull,family0037_engage_pull,family0037,21,1.5025181928649545,2.2010778387387595
masked,C,all,stationary,family0037_engage_pull,family0037,2,1.8956910935230553,2.542718022596091
masked,C,target,near_establish,family0037_engage_pull,family0037,4,1.8329726008232683,2.9019227949902415
masked,C,tool,near_establish,family0037_engage_pull,family0037,4,1.9018198945559561,2.982286940095946
masked,C,all,near_establish,family0037_engage_pull,family0037,4,1.867396174930036,2.942104882095009
masked,C,target,moving,family0037_engage_pull,family0037,19,1.4806352770201077,2.4205510271713138
masked,C,tool,moving,family0037_engage_pull,family0037,19,1.4416279062922848,1.909680388818838
masked,C,all,moving,family0037_engage_pull,family0037,19,1.461131571743049,2.165115714122198
masked,C,target,all,family0037_pass_by,family0037,21,1.2298266214895106,1.319411942469222
masked,C,target,pass_by,family0037_pass_by,family0037,21,1.2298266214895106,1.319411942469222
masked,C,target,stationary,family0037_pass_by,family0037,21,1.2298266214895106,1.319411942469222
masked,C,tool,all,family0037_pass_by,family0037,21,2.081282819355173,3.0120773285272575
masked,C,tool,pass_by,family0037_pass_by,family0037,21,2.081282819355173,3.0120773285272575
masked,C,tool,stationary,family0037_pass_by,family0037,21,2.081282819355173,3.0120773285272575
masked,C,all,all,family0037_pass_by,family0037,21,1.6555547093351681,2.165744674303347
masked,C,all,pass_by,family0037_pass_by,family0037,21,1.6555547093351681,2.165744674303347
masked,C,all,stationary,family0037_pass_by,family0037,21,1.6555547093351681,2.165744674303347
masked,C,target,all,family0040_detach,family0040,21,2.7581224983025874,3.890065601029034
masked,C,target,detach,family0040_detach,family0040,21,2.7581224983025874,3.890065601029034
masked,C,target,stationary,family0040_detach,family0040,9,1.5550833324798279,1.6919134197653167
masked,C,tool,all,family0040_detach,family0040,21,3.8255932796303007,4.3865343156669825
masked,C,tool,detach,family0040_detach,family0040,21,3.8255932796303007,4.3865343156669825
masked,C,tool,stationary,family0040_detach,family0040,9,3.2229081779304476,3.5355277876887055
masked,C,all,all,family0040_detach,family0040,21,3.29185782798699,4.138299907069831
masked,C,all,detach,family0040_detach,family0040,21,3.29185782798699,4.138299907069831
masked,C,all,stationary,family0040_detach,family0040,9,2.388995554712084,2.6137206651684313
masked,C,target,near_establish,family0040_detach,family0040,5,2.2297711111605167,3.8725913502275944
masked,C,tool,near_establish,family0040_detach,family0040,5,2.3235445143654943,4.03312505222857
masked,C,all,near_establish,family0040_detach,family0040,5,2.276657707989216,3.952858317643404
masked,C,target,moving,family0040_detach,family0040,12,3.660401872669657,5.538679736976822
masked,C,tool,moving,family0040_detach,family0040,12,4.27760710590519,5.024789211650689
masked,C,all,moving,family0040_detach,family0040,12,3.969004532943169,5.28173433849588
masked,stationary,target,near_release,family0040_detach,family0040,4,5.547563472056538,7.45005419915179
masked,stationary,tool,near_release,family0040_detach,family0040,4,22.984087001532316,37.6675296574831
masked,stationary,all,near_release,family0040_detach,family0040,4,14.265824807807803,22.55879156291485
masked,stationary,target,all,family0040_engage_pull,family0040,21,7.605252206615496,12.933539317551347
masked,stationary,target,engage_pull,family0040_engage_pull,family0040,21,7.605252206615496,12.933539317551347
masked,stationary,target,stationary,family0040_engage_pull,family0040,3,0.13458368757686875,0.6727753361281211
masked,stationary,tool,all,family0040_engage_pull,family0040,21,8.938222436145658,15.09720426318901
masked,stationary,tool,engage_pull,family0040_engage_pull,family0040,21,8.938222436145658,15.09720426318901
masked,stationary,tool,stationary,family0040_engage_pull,family0040,3,6.593757153799136,12.388859720279774
masked,stationary,all,all,family0040_engage_pull,family0040,21,8.27173704636239,14.015371567525325
masked,stationary,all,engage_pull,family0040_engage_pull,family0040,21,8.27173704636239,14.015371567525325
masked,stationary,all,stationary,family0040_engage_pull,family0040,3,3.3641701253751912,6.53081798615555
masked,stationary,target,near_establish,family0040_engage_pull,family0040,5,3.9359238457031154,7.641273226239065
masked,stationary,tool,near_establish,family0040_engage_pull,family0040,5,8.996323216706514,15.209818631410599
masked,stationary,all,near_establish,family0040_engage_pull,family0040,5,6.466123228892684,11.425546184182167
masked,stationary,target,moving,family0040_engage_pull,family0040,18,8.850363626455268,14.976999981121885
masked,stationary,tool,moving,family0040_engage_pull,family0040,18,9.328966649870077,15.54859502034055
masked,stationary,all,moving,family0040_engage_pull,family0040,18,9.089664866526922,15.262797164420286
masked,stationary,target,all,family0040_pass_by,family0040,21,2.0490714310502273e-05,1.9373696319171413e-05
masked,stationary,target,pass_by,family0040_pass_by,family0040,21,2.0490714310502273e-05,1.9373696319171413e-05
masked,stationary,target,stationary,family0040_pass_by,family0040,21,2.0490714310502273e-05,1.9373696319171413e-05
masked,stationary,tool,all,family0040_pass_by,family0040,21,7.066263750727687,11.85513638137352
masked,stationary,tool,pass_by,family0040_pass_by,family0040,21,7.066263750727687,11.85513638137352
masked,stationary,tool,stationary,family0040_pass_by,family0040,21,7.066263750727687,11.85513638137352
masked,stationary,all,all,family0040_pass_by,family0040,21,3.5331421309993383,5.927578036096834
masked,stationary,all,pass_by,family0040_pass_by,family0040,21,3.5331421309993383,5.927578036096834
masked,stationary,all,stationary,family0040_pass_by,family0040,21,3.5331421309993383,5.927578036096834
masked,stationary,target,all,family0042_detach,family0042,21,4.35975854879914,7.235641696566485
masked,stationary,target,detach,family0042_detach,family0042,21,4.35975854879914,7.235641696566485
masked,stationary,target,stationary,family0042_detach,family0042,10,0.00761627677183796,0.037792965277727575
masked,stationary,tool,all,family0042_detach,family0042,21,14.178710906500262,23.90566925030379
masked,stationary,tool,detach,family0042_detach,family0042,21,14.178710906500262,23.90566925030379
masked,stationary,tool,stationary,family0042_detach,family0042,10,11.528911592904478,19.442678056657314
masked,stationary,all,all,family0042_detach,family0042,21,9.269234555263427,15.570655232295394
masked,stationary,all,detach,family0042_detach,family0042,21,9.269234555263427,15.570655232295394
masked,stationary,all,stationary,family0042_detach,family0042,10,5.768264055950567,9.740234981290996
masked,stationary,target,near_establish,family0042_detach,family0042,5,2.257141454523648,4.782776058308613
masked,stationary,tool,near_establish,family0042_detach,family0042,5,7.025533728301525,11.93187441676855
masked,stationary,all,near_establish,family0042_detach,family0042,5,4.641337506473064,8.35732501000166
masked,stationary,target,moving,family0042_detach,family0042,11,8.316251523369415,13.779140543192625
masked,stationary,tool,moving,family0042_detach,family0042,11,16.58761937340552,27.962933971800588
masked,stationary,all,moving,family0042_detach,family0042,11,12.45193500918421,20.871037278663028
masked,constant_velocity,target,near_release,family0040_detach,family0040,4,4.647422552807257,7.2287514340132475
masked,constant_velocity,tool,near_release,family0040_detach,family0040,4,10.68769465200603,18.280915333889425
masked,constant_velocity,all,near_release,family0040_detach,family0040,4,7.6675579766742885,12.754833791404963
masked,constant_velocity,target,all,family0040_engage_pull,family0040,21,4.736907878982912,8.155194419285769
masked,constant_velocity,target,engage_pull,family0040_engage_pull,family0040,21,4.736907878982912,8.155194419285769
masked,constant_velocity,target,stationary,family0040_engage_pull,family0040,3,0.13464983493112945,0.6728813199975056
masked,constant_velocity,tool,all,family0040_engage_pull,family0040,21,4.20504551320413,7.209264909068311
masked,constant_velocity,tool,engage_pull,family0040_engage_pull,family0040,21,4.20504551320413,7.209264909068311
masked,constant_velocity,tool,stationary,family0040_engage_pull,family0040,3,5.039733136072755,9.797853572914997
masked,constant_velocity,all,all,family0040_engage_pull,family0040,21,4.470976712625651,7.682229758107236
masked,constant_velocity,all,engage_pull,family0040_engage_pull,family0040,21,4.470976712625651,7.682229758107236
masked,constant_velocity,all,stationary,family0040_engage_pull,family0040,3,2.58719145009915,5.235367454588413
masked,constant_velocity,target,near_establish,family0040_engage_pull,family0040,5,3.3955387781418267,6.749424707737717
masked,constant_velocity,tool,near_establish,family0040_engage_pull,family0040,5,6.214303523302078,10.576294455677271
masked,constant_velocity,all,near_establish,family0040_engage_pull,family0040,5,4.804921289905906,8.662860002368689
masked,constant_velocity,target,moving,family0040_engage_pull,family0040,18,5.503950886324876,9.402246602500478
masked,constant_velocity,tool,moving,family0040_engage_pull,family0040,18,4.0659309093926925,6.777833465093863
masked,constant_velocity,all,moving,family0040_engage_pull,family0040,18,4.784940923046735,8.090040142027041
masked,constant_velocity,target,all,family0040_pass_by,family0040,21,5.1748721117762996e-05,7.317906052557126e-05
masked,constant_velocity,target,pass_by,family0040_pass_by,family0040,21,5.1748721117762996e-05,7.317906052557126e-05
masked,constant_velocity,target,stationary,family0040_pass_by,family0040,21,5.1748721117762996e-05,7.317906052557126e-05
masked,constant_velocity,tool,all,family0040_pass_by,family0040,21,4.108913328396046,6.926035477547321
masked,constant_velocity,tool,pass_by,family0040_pass_by,family0040,21,4.108913328396046,6.926035477547321
masked,constant_velocity,tool,stationary,family0040_pass_by,family0040,21,4.108913328396046,6.926035477547321
masked,constant_velocity,all,all,family0040_pass_by,family0040,21,2.0544826174955233,3.4630543890497867
masked,constant_velocity,all,pass_by,family0040_pass_by,family0040,21,2.0544826174955233,3.4630543890497867
masked,constant_velocity,all,stationary,family0040_pass_by,family0040,21,2.0544826174955233,3.4630543890497867
masked,constant_velocity,target,all,family0042_detach,family0042,21,3.2452986808507776,5.908490580992013
masked,constant_velocity,target,detach,family0042_detach,family0042,21,3.2452986808507776,5.908490580992013
masked,constant_velocity,target,stationary,family0042_detach,family0042,10,0.0541566801286919,0.11535850576542828
masked,constant_velocity,tool,all,family0042_detach,family0042,21,8.057697476553065,14.215972318890548
masked,constant_velocity,tool,detach,family0042_detach,family0042,21,8.057697476553065,14.215972318890548
masked,constant_velocity,tool,stationary,family0042_detach,family0042,10,5.29320219065994,9.233067627064884
masked,constant_velocity,all,all,family0042_detach,family0042,21,5.651498036015601,10.062231715502483
masked,constant_velocity,all,detach,family0042_detach,family0042,21,5.651498036015601,10.062231715502483
masked,constant_velocity,all,stationary,family0042_detach,family0042,10,2.6736793806776404,4.674213100224733
masked,constant_velocity,target,near_establish,family0042_detach,family0042,5,2.158088641754219,4.65622941685524
masked,constant_velocity,tool,near_establish,family0042_detach,family0042,5,2.484235865995288,4.511901177465916
masked,constant_velocity,all,near_establish,family0042_detach,family0042,5,2.321162261068821,4.584065359085798
masked,constant_velocity,target,moving,family0042_detach,family0042,11,6.146336863325401,11.174974285743453
masked,constant_velocity,tool,moving,family0042_detach,family0042,11,10.57087500918318,18.7458856750957
masked,constant_velocity,all,moving,family0042_detach,family0042,11,8.358605904504657,14.960430456664074
masked,A,target,near_release,family0040_detach,family0040,4,3.6652740818681195,4.783161144587211
masked,A,tool,near_release,family0040_detach,family0040,4,9.168502409011126,14.41550301387906
masked,A,all,near_release,family0040_detach,family0040,4,6.416888383682817,9.599332348443568
masked,A,target,all,family0040_engage_pull,family0040,21,2.294443736207627,3.4920148152325834
masked,A,target,engage_pull,family0040_engage_pull,family0040,21,2.294443736207627,3.4920148152325834
masked,A,target,stationary,family0040_engage_pull,family0040,3,1.1864112845311563,1.649105843777458
masked,A,tool,all,family0040_engage_pull,family0040,21,2.3102955005708194,3.391822872106873
masked,A,tool,engage_pull,family0040_engage_pull,family0040,21,2.3102955005708194,3.391822872106873
masked,A,tool,stationary,family0040_engage_pull,family0040,3,2.6297057047486305,3.5718952228004732
masked,A,all,all,family0040_engage_pull,family0040,21,2.3023696183892235,3.4419189129645624
masked,A,all,engage_pull,family0040_engage_pull,family0040,21,2.3023696183892235,3.4419189129645624
masked,A,all,stationary,family0040_engage_pull,family0040,3,1.9080583782245715,2.6105005526915193
masked,A,target,near_establish,family0040_engage_pull,family0040,5,2.2748559480533004,3.5501489648595452
masked,A,tool,near_establish,family0040_engage_pull,family0040,5,2.459608856588602,4.067111713811755
masked,A,all,near_establish,family0040_engage_pull,family0040,5,2.367232507094741,3.8086303509771824
masked,A,target,moving,family0040_engage_pull,family0040,18,2.479115811487039,3.7991663104751043
masked,A,tool,moving,family0040_engage_pull,family0040,18,2.2570604665411844,3.3618108136579394
masked,A,all,moving,family0040_engage_pull,family0040,18,2.3680881584166653,3.5804886396767364
masked,A,target,all,family0040_pass_by,family0040,21,0.8954625061180975,1.0040210909210145
masked,A,target,pass_by,family0040_pass_by,family0040,21,0.8954625061180975,1.0040210909210145
masked,A,target,stationary,family0040_pass_by,family0040,21,0.8954625061180975,1.0040210909210145
masked,A,tool,all,family0040_pass_by,family0040,21,1.2259659928358382,1.6009580382766824
masked,A,tool,pass_by,family0040_pass_by,family0040,21,1.2259659928358382,1.6009580382766824
masked,A,tool,stationary,family0040_pass_by,family0040,21,1.2259659928358382,1.6009580382766824
masked,A,all,all,family0040_pass_by,family0040,21,1.0607142189872407,1.3024895784578152
masked,A,all,pass_by,family0040_pass_by,family0040,21,1.0607142189872407,1.3024895784578152
masked,A,all,stationary,family0040_pass_by,family0040,21,1.0607142189872407,1.3024895784578152
masked,A,target,all,family0042_detach,family0042,21,2.1781390948620225,3.1200109252018766
masked,A,target,detach,family0042_detach,family0042,21,2.1781390948620225,3.1200109252018766
masked,A,target,stationary,family0042_detach,family0042,10,0.9531422227155417,1.315844026976265
masked,A,tool,all,family0042_detach,family0042,21,5.813901456782506,8.511232348003736
masked,A,tool,detach,family0042_detach,family0042,21,5.813901456782506,8.511232348003736
masked,A,tool,stationary,family0042_detach,family0042,10,4.974971967749298,6.687686877558008
masked,A,all,all,family0042_detach,family0042,21,3.9960202605774007,5.815621653926515
masked,A,all,detach,family0042_detach,family0042,21,3.9960202605774007,5.815621653926515
masked,A,all,stationary,family0042_detach,family0042,10,2.9640571330673993,4.001765418797731
masked,A,target,near_establish,family0042_detach,family0042,5,2.077254676260054,3.1999348662793636
masked,A,tool,near_establish,family0042_detach,family0042,5,1.0484833503142,1.2858521076850593
masked,A,all,near_establish,family0042_detach,family0042,5,1.562868943437934,2.242893469519913
masked,A,target,moving,family0042_detach,family0042,11,3.291772614995187,4.760162650861523
masked,A,tool,moving,family0042_detach,family0042,11,6.5765646286308765,10.16900095749985
masked,A,all,moving,family0042_detach,family0042,11,4.9341685583137656,7.464581867679954
masked,B,target,near_release,family0040_detach,family0040,4,1.9328308990225196,2.0574407535605133
masked,B,tool,near_release,family0040_detach,family0040,4,3.7704851129092276,6.228732643648982
masked,B,all,near_release,family0040_detach,family0040,4,2.851658093277365,4.143086785916239
masked,B,target,all,family0040_engage_pull,family0040,21,1.565436710647884,2.4769657175056636
masked,B,target,engage_pull,family0040_engage_pull,family0040,21,1.565436710647884,2.4769657175056636
masked,B,target,stationary,family0040_engage_pull,family0040,3,0.8240712728972236,1.0716640584481258
masked,B,tool,all,family0040_engage_pull,family0040,21,1.822961571936806,2.564834829952036
masked,B,tool,engage_pull,family0040_engage_pull,family0040,21,1.822961571936806,2.564834829952036
masked,B,tool,stationary,family0040_engage_pull,family0040,3,2.68871725226442,3.9919839861492314
masked,B,all,all,family0040_engage_pull,family0040,21,1.694199163466692,2.5209002529403994
masked,B,all,engage_pull,family0040_engage_pull,family0040,21,1.694199163466692,2.5209002529403994
masked,B,all,stationary,family0040_engage_pull,family0040,3,1.7563942819833755,2.5318238961820803
masked,B,target,near_establish,family0040_engage_pull,family0040,5,1.9442797056399286,3.170123533345759
masked,B,tool,near_establish,family0040_engage_pull,family0040,5,2.4401312693953514,4.0037119295448065
masked,B,all,near_establish,family0040_engage_pull,family0040,5,2.192205563187599,3.586917743086815
masked,B,target,moving,family0040_engage_pull,family0040,18,1.6889976169396606,2.71118266068192
masked,B,tool,moving,family0040_engage_pull,family0040,18,1.6786689585488703,2.326976637252503
masked,B,all,moving,family0040_engage_pull,family0040,18,1.683833310380578,2.5190796457334526
masked,B,target,all,family0040_pass_by,family0040,21,0.7801584627789756,0.8811151187512136
masked,B,target,pass_by,family0040_pass_by,family0040,21,0.7801584627789756,0.8811151187512136
masked,B,target,stationary,family0040_pass_by,family0040,21,0.7801584627789756,0.8811151187512136
masked,B,tool,all,family0040_pass_by,family0040,21,0.6277783998354737,0.8049270171406013
masked,B,tool,pass_by,family0040_pass_by,family0040,21,0.6277783998354737,0.8049270171406013
masked,B,tool,stationary,family0040_pass_by,family0040,21,0.6277783998354737,0.8049270171406013
masked,B,all,all,family0040_pass_by,family0040,21,0.7039684236847928,0.8430210624023208
masked,B,all,pass_by,family0040_pass_by,family0040,21,0.7039684236847928,0.8430210624023208
masked,B,all,stationary,family0040_pass_by,family0040,21,0.7039684236847928,0.8430210624023208
masked,B,target,all,family0042_detach,family0042,21,1.4469916599669628,1.970286713913083
masked,B,target,detach,family0042_detach,family0042,21,1.4469916599669628,1.970286713913083
masked,B,target,stationary,family0042_detach,family0042,10,0.8387599373236299,0.9567853529006243
masked,B,tool,all,family0042_detach,family0042,21,2.7824163276125633,4.0545500593171235
masked,B,tool,detach,family0042_detach,family0042,21,2.7824163276125633,4.0545500593171235
masked,B,tool,stationary,family0042_detach,family0042,10,2.4158641521353275,2.7984684507828206
masked,B,all,all,family0042_detach,family0042,21,2.1147039258808253,3.0124184642253176
masked,B,all,detach,family0042_detach,family0042,21,2.1147039258808253,3.0124184642253176
masked,B,all,stationary,family0042_detach,family0042,10,1.6273119894322008,1.8776269629597664
masked,B,target,near_establish,family0042_detach,family0042,5,1.5180357499048114,2.313073817640543
masked,B,tool,near_establish,family0042_detach,family0042,5,0.9719234076328576,1.462002459447831
masked,B,all,near_establish,family0042_detach,family0042,5,1.2449795729480684,1.8875381676480174
masked,B,target,moving,family0042_detach,family0042,11,1.9999295896427198,2.891651587560773
masked,B,tool,moving,family0042_detach,family0042,11,3.115645578046414,5.196442430711944
masked,B,all,moving,family0042_detach,family0042,11,2.557787504470484,4.044047101739455
masked,C,target,near_release,family0040_detach,family0040,4,3.6616200231947005,4.284921567887068
masked,C,tool,near_release,family0040_detach,family0040,4,4.4244760647416115,3.9305476821027696
masked,C,all,near_release,family0040_detach,family0040,4,4.04304830590263,4.107734595891088
masked,C,target,all,family0040_engage_pull,family0040,21,1.4722165346722162,2.4380492783772447
masked,C,target,engage_pull,family0040_engage_pull,family0040,21,1.4722165346722162,2.4380492783772447
masked,C,target,stationary,family0040_engage_pull,family0040,3,1.3422345509752631,1.7945542155454557
masked,C,tool,all,family0040_engage_pull,family0040,21,1.7016597668684663,2.2532487720517174
masked,C,tool,engage_pull,family0040_engage_pull,family0040,21,1.7016597668684663,2.2532487720517174
masked,C,tool,stationary,family0040_engage_pull,family0040,3,2.994042277957002,4.13054561552902
masked,C,all,all,family0040_engage_pull,family0040,21,1.5869381937331386,2.3456490099696174
masked,C,all,engage_pull,family0040_engage_pull,family0040,21,1.5869381937331386,2.3456490099696174
masked,C,all,stationary,family0040_engage_pull,family0040,3,2.16813866669933,2.9625497991219163
masked,C,target,near_establish,family0040_engage_pull,family0040,5,2.233430673368275,3.78718173597008
masked,C,tool,near_establish,family0040_engage_pull,family0040,5,2.2489702329039574,3.8590047042816877
masked,C,all,near_establish,family0040_engage_pull,family0040,5,2.2412005346268415,3.823093231767416
masked,C,target,moving,family0040_engage_pull,family0040,18,1.4938801986217085,2.5452984555158764
masked,C,tool,moving,family0040_engage_pull,family0040,18,1.4862626816870437,1.9403659648055003
masked,C,all,moving,family0040_engage_pull,family0040,18,1.4900714482387736,2.242832211777568
masked,C,target,all,family0040_pass_by,family0040,21,1.128552836321649,1.315960106218145
masked,C,target,pass_by,family0040_pass_by,family0040,21,1.128552836321649,1.315960106218145
masked,C,target,stationary,family0040_pass_by,family0040,21,1.128552836321649,1.315960106218145
masked,C,tool,all,family0040_pass_by,family0040,21,1.175505416800401,1.294196588874218
masked,C,tool,pass_by,family0040_pass_by,family0040,21,1.175505416800401,1.294196588874218
masked,C,tool,stationary,family0040_pass_by,family0040,21,1.175505416800401,1.294196588874218
masked,C,all,all,family0040_pass_by,family0040,21,1.152029078054641,1.3050783503179748
masked,C,all,pass_by,family0040_pass_by,family0040,21,1.152029078054641,1.3050783503179748
masked,C,all,stationary,family0040_pass_by,family0040,21,1.152029078054641,1.3050783503179748
masked,C,target,all,family0042_detach,family0042,21,2.427495736074412,3.25791883127143
masked,C,target,detach,family0042_detach,family0042,21,2.427495736074412,3.25791883127143
masked,C,target,stationary,family0042_detach,family0042,10,1.621908211382106,1.7971839406527579
masked,C,tool,all,family0042_detach,family0042,21,3.4736574549848833,3.43184710557883
masked,C,tool,detach,family0042_detach,family0042,21,3.4736574549848833,3.43184710557883
masked,C,tool,stationary,family0042_detach,family0042,10,3.02502135746181,3.1246371916495264
masked,C,all,all,family0042_detach,family0042,21,2.950576594143751,3.3448829781264067
masked,C,all,detach,family0042_detach,family0042,21,2.950576594143751,3.3448829781264067
masked,C,all,stationary,family0042_detach,family0042,10,2.323464851360768,2.4609105894342065
masked,C,target,near_establish,family0042_detach,family0042,5,1.9959844648838043,2.9439040925353765
masked,C,tool,near_establish,family0042_detach,family0042,5,1.2482263846322894,1.4057019841857255
masked,C,all,near_establish,family0042_detach,family0042,5,1.6221054131165147,2.174803102388978
masked,C,target,moving,family0042_detach,family0042,11,3.159848031249236,4.585859640924768
masked,C,tool,moving,family0042_detach,family0042,11,3.881508452733132,3.71112884551456
masked,C,all,moving,family0042_detach,family0042,11,3.5206781784919174,4.148494240573862
masked,stationary,target,near_release,family0042_detach,family0042,4,4.395734642301363,5.91163328090083
masked,stationary,tool,near_release,family0042_detach,family0042,4,20.50707722082734,33.33884850144386
masked,stationary,all,near_release,family0042_detach,family0042,4,12.451405171304941,19.625240471214056
masked,stationary,target,all,family0042_engage_pull,family0042,21,5.159841187913609,8.774797421524248
masked,stationary,target,engage_pull,family0042_engage_pull,family0042,21,5.159841187913609,8.774797421524248
masked,stationary,target,stationary,family0042_engage_pull,family0042,4,0.018444828892683063,0.09214721177164265
masked,stationary,tool,all,family0042_engage_pull,family0042,21,6.581193440416384,11.152528692036867
masked,stationary,tool,engage_pull,family0042_engage_pull,family0042,21,6.581193440416384,11.152528692036867
masked,stationary,tool,stationary,family0042_engage_pull,family0042,4,4.973981209332123,9.254191187210381
masked,stationary,all,all,family0042_engage_pull,family0042,21,5.870517096593089,9.963662929034658
masked,stationary,all,engage_pull,family0042_engage_pull,family0042,21,5.870517096593089,9.963662929034658
masked,stationary,all,stationary,family0042_engage_pull,family0042,4,2.4962129391497,4.6731692855246365
masked,stationary,target,near_establish,family0042_engage_pull,family0042,5,2.143509247602182,4.3044442030431895
masked,stationary,tool,near_establish,family0042_engage_pull,family0042,5,6.959692575037479,11.596678756177425
masked,stationary,all,near_establish,family0042_engage_pull,family0042,5,4.551600804552436,7.950561214238405
masked,stationary,target,moving,family0042_engage_pull,family0042,17,6.369581507683239,10.817773941466037
masked,stationary,tool,moving,family0042_engage_pull,family0042,17,6.959361024200916,11.599196340231334
masked,stationary,all,moving,family0042_engage_pull,family0042,17,6.664471015991533,11.208484962801723
masked,stationary,target,all,family0042_pass_by,family0042,21,2.1995605886935382e-05,2.3966174462975415e-05
masked,stationary,target,pass_by,family0042_pass_by,family0042,21,2.1995605886935382e-05,2.3966174462975415e-05
masked,stationary,target,stationary,family0042_pass_by,family0042,21,2.1995605886935382e-05,2.3966174462975415e-05
masked,stationary,tool,all,family0042_pass_by,family0042,21,6.970071721644628,11.693600033010755
masked,stationary,tool,pass_by,family0042_pass_by,family0042,21,6.970071721644628,11.693600033010755
masked,stationary,tool,stationary,family0042_pass_by,family0042,21,6.970071721644628,11.693600033010755
masked,stationary,all,all,family0042_pass_by,family0042,21,3.4850469258214747,5.846812012827113
masked,stationary,all,pass_by,family0042_pass_by,family0042,21,3.4850469258214747,5.846812012827113
masked,stationary,all,stationary,family0042_pass_by,family0042,21,3.4850469258214747,5.846812012827113
masked,stationary,target,all,family0051_detach,family0051,21,4.249854198694233,7.006481614290674
masked,stationary,target,detach,family0051_detach,family0051,21,4.249854198694233,7.006481614290674
masked,stationary,target,stationary,family0051_detach,family0051,11,0.08646098683842948,0.16790686136023616
masked,stationary,tool,all,family0051_detach,family0051,21,15.295838094538166,25.59720321247975
masked,stationary,tool,detach,family0051_detach,family0051,21,15.295838094538166,25.59720321247975
masked,stationary,tool,stationary,family0051_detach,family0051,11,14.113916761495851,23.269140754233707
masked,stationary,all,all,family0051_detach,family0051,21,9.772846286761618,16.301842029428197
masked,stationary,all,detach,family0051_detach,family0051,21,9.772846286761618,16.301842029428197
masked,stationary,all,stationary,family0051_detach,family0051,11,7.100189083509824,11.718523730947213
masked,stationary,target,near_establish,family0051_detach,family0051,5,3.0002805475341177,5.974236023716983
masked,stationary,tool,near_establish,family0051_detach,family0051,5,7.172376569360495,12.395544350147247
masked,stationary,all,near_establish,family0051_detach,family0051,5,5.086328694596887,9.184890240430832
masked,stationary,target,moving,family0051_detach,family0051,10,8.829586731735617,14.528913842514157
masked,stationary,tool,moving,family0051_detach,family0051,10,16.595951560884714,28.158071916550398
masked,stationary,all,moving,family0051_detach,family0051,10,12.712769210338593,21.343492157757282
masked,constant_velocity,target,near_release,family0042_detach,family0042,4,4.235983302351087,7.552039052825421
masked,constant_velocity,tool,near_release,family0042_detach,family0042,4,12.907259864732623,21.78729115985334
masked,constant_velocity,all,near_release,family0042_detach,family0042,4,8.571621496230364,14.669665833935142
masked,constant_velocity,target,all,family0042_engage_pull,family0042,21,3.17834703564183,5.479558528361361
masked,constant_velocity,target,engage_pull,family0042_engage_pull,family0042,21,3.17834703564183,5.479558528361361
masked,constant_velocity,target,stationary,family0042_engage_pull,family0042,4,0.018468041777630617,0.09218127189836167
masked,constant_velocity,tool,all,family0042_engage_pull,family0042,21,2.842486898554766,4.921978447284692
masked,constant_velocity,tool,engage_pull,family0042_engage_pull,family0042,21,2.842486898554766,4.921978447284692
masked,constant_velocity,tool,stationary,family0042_engage_pull,family0042,4,2.428350009722635,5.013402958866209
masked,constant_velocity,all,all,family0042_engage_pull,family0042,21,3.010416960543288,5.200768443977549
masked,constant_velocity,all,engage_pull,family0042_engage_pull,family0042,21,3.010416960543288,5.200768443977549
masked,constant_velocity,all,stationary,family0042_engage_pull,family0042,4,1.2234090390847996,2.5527920806780457
masked,constant_velocity,target,near_establish,family0042_engage_pull,family0042,5,1.9549061971709136,4.020787933871617
masked,constant_velocity,tool,near_establish,family0042_engage_pull,family0042,5,2.38853545015445,3.9813405121094547
masked,constant_velocity,all,near_establish,family0042_engage_pull,family0042,5,2.171720878686756,4.001064226031303
masked,constant_velocity,target,moving,family0042_engage_pull,family0042,17,3.921847975374583,6.747176706352654
masked,constant_velocity,tool,moving,family0042_engage_pull,family0042,17,2.9399308723976207,4.900466797500806
masked,constant_velocity,all,moving,family0042_engage_pull,family0042,17,3.430889412651167,5.823821705930373
masked,constant_velocity,target,all,family0042_pass_by,family0042,21,5.5681743744918054e-05,8.137211471832762e-05
masked,constant_velocity,target,pass_by,family0042_pass_by,family0042,21,5.5681743744918054e-05,8.137211471832762e-05
masked,constant_velocity,target,stationary,family0042_pass_by,family0042,21,5.5681743744918054e-05,8.137211471832762e-05
masked,constant_velocity,tool,all,family0042_pass_by,family0042,21,4.11303886877639,6.931665109559184
masked,constant_velocity,tool,pass_by,family0042_pass_by,family0042,21,4.11303886877639,6.931665109559184
masked,constant_velocity,tool,stationary,family0042_pass_by,family0042,21,4.11303886877639,6.931665109559184
masked,constant_velocity,all,all,family0042_pass_by,family0042,21,2.0565473241731524,3.4658733444909253
masked,constant_velocity,all,pass_by,family0042_pass_by,family0042,21,2.0565473241731524,3.4658733444909253
masked,constant_velocity,all,stationary,family0042_pass_by,family0042,21,2.0565473241731524,3.4658733444909253
masked,constant_velocity,target,all,family0051_detach,family0051,21,2.884006034730274,5.0495072890249
masked,constant_velocity,target,detach,family0051_detach,family0051,21,2.884006034730274,5.0495072890249
masked,constant_velocity,target,stationary,family0051_detach,family0051,11,0.26336322058704487,0.5064403894947263
masked,constant_velocity,tool,all,family0051_detach,family0051,21,7.943779428734117,13.990604030931578
masked,constant_velocity,tool,detach,family0051_detach,family0051,21,7.943779428734117,13.990604030931578
masked,constant_velocity,tool,stationary,family0051_detach,family0051,11,6.946983726017854,11.735654055056246
masked,constant_velocity,all,all,family0051_detach,family0051,21,5.413892770385636,9.520055903565316
masked,constant_velocity,all,detach,family0051_detach,family0051,21,5.413892770385636,9.520055903565316
masked,constant_velocity,all,stationary,family0051_detach,family0051,11,3.60517343506217,6.121047349138693
masked,constant_velocity,target,near_establish,family0051_detach,family0051,5,2.9634681349314462,5.928811776028198
masked,constant_velocity,tool,near_establish,family0051_detach,family0051,5,2.3420199013344245,4.485494866821682
masked,constant_velocity,all,near_establish,family0051_detach,family0051,5,2.652744308579713,5.207153363153338
masked,constant_velocity,target,moving,family0051_detach,family0051,10,5.766713130287826,10.046880878508091
masked,constant_velocity,tool,moving,family0051_detach,family0051,10,9.040254701722006,16.471049004394445
masked,constant_velocity,all,moving,family0051_detach,family0051,10,7.403484039241448,13.2589653134346
masked,A,target,near_release,family0042_detach,family0042,4,2.7195994916837662,3.7674553459510207
masked,A,tool,near_release,family0042_detach,family0042,4,11.352499481290579,17.159926472231746
masked,A,all,near_release,family0042_detach,family0042,4,7.036049384623766,10.463690618053079
masked,A,target,all,family0042_engage_pull,family0042,21,1.4415855070443027,1.8227834149175102
masked,A,target,engage_pull,family0042_engage_pull,family0042,21,1.4415855070443027,1.8227834149175102
masked,A,target,stationary,family0042_engage_pull,family0042,4,1.2997503217775375,2.26814451161772
masked,A,tool,all,family0042_engage_pull,family0042,21,1.384607444162525,1.64003095900019
masked,A,tool,engage_pull,family0042_engage_pull,family0042,21,1.384607444162525,1.64003095900019
masked,A,tool,stationary,family0042_engage_pull,family0042,4,2.233948514913209,2.3750234104227275
masked,A,all,all,family0042_engage_pull,family0042,21,1.4130964769893104,1.7314071633986063
masked,A,all,engage_pull,family0042_engage_pull,family0042,21,1.4130964769893104,1.7314071633986063
masked,A,all,stationary,family0042_engage_pull,family0042,4,1.766849512932822,2.321583917364478
masked,A,target,near_establish,family0042_engage_pull,family0042,5,1.9966233288869262,2.8955678921192884
masked,A,tool,near_establish,family0042_engage_pull,family0042,5,1.0125359403900802,1.3888509711250663
masked,A,all,near_establish,family0042_engage_pull,family0042,5,1.5045796521008015,2.1422094432637095
masked,A,target,moving,family0042_engage_pull,family0042,17,1.4749584918129532,1.7179925686351079
masked,A,tool,moving,family0042_engage_pull,family0042,17,1.1847624863388346,1.4670915586654754
masked,A,all,moving,family0042_engage_pull,family0042,17,1.3298604685320135,1.5925420448184013
masked,A,target,all,family0042_pass_by,family0042,21,0.7682809151620382,0.8030971539916382
masked,A,target,pass_by,family0042_pass_by,family0042,21,0.7682809151620382,0.8030971539916382
masked,A,target,stationary,family0042_pass_by,family0042,21,0.7682809151620382,0.8030971539916382
masked,A,tool,all,family0042_pass_by,family0042,21,1.1044854569869738,1.4522217929230206
masked,A,tool,pass_by,family0042_pass_by,family0042,21,1.1044854569869738,1.4522217929230206
masked,A,tool,stationary,family0042_pass_by,family0042,21,1.1044854569869738,1.4522217929230206
masked,A,all,all,family0042_pass_by,family0042,21,0.936383212406543,1.127659484544503
masked,A,all,pass_by,family0042_pass_by,family0042,21,0.936383212406543,1.127659484544503
masked,A,all,stationary,family0042_pass_by,family0042,21,0.936383212406543,1.127659484544503
masked,A,target,all,family0051_detach,family0051,21,2.237494023228508,3.1813245884785872
masked,A,target,detach,family0051_detach,family0051,21,2.237494023228508,3.1813245884785872
masked,A,target,stationary,family0051_detach,family0051,11,0.8742227166129107,1.1426199899605392
masked,A,tool,all,family0051_detach,family0051,21,6.042084681601929,8.796534553680214
masked,A,tool,detach,family0051_detach,family0051,21,6.042084681601929,8.796534553680214
masked,A,tool,stationary,family0051_detach,family0051,11,6.319114673798057,8.7824425321411
masked,A,all,all,family0051_detach,family0051,21,4.139789252630656,5.988929620278733
masked,A,all,detach,family0051_detach,family0051,21,4.139789252630656,5.988929620278733
masked,A,all,stationary,family0051_detach,family0051,11,3.596668512645093,4.962531415830282
masked,A,target,near_establish,family0051_detach,family0051,5,2.052910253405571,3.228083672001958
masked,A,tool,near_establish,family0051_detach,family0051,5,1.1705724173225462,1.7184263211674988
masked,A,all,near_establish,family0051_detach,family0051,5,1.6117413993924856,2.4732549907639623
masked,A,target,moving,family0051_detach,family0051,10,3.7370924605056643,5.42389964684844
masked,A,tool,moving,family0051_detach,family0051,10,5.737351690186188,8.81203577737324
masked,A,all,moving,family0051_detach,family0051,10,4.737222066614777,7.11796764517203
masked,B,target,near_release,family0042_detach,family0042,4,1.5955523995216936,1.7474734922870994
masked,B,tool,near_release,family0042_detach,family0042,4,3.176089492626488,4.718690004665405
masked,B,all,near_release,family0042_detach,family0042,4,2.385820815106854,3.2330817775800824
masked,B,target,all,family0042_engage_pull,family0042,21,1.0640456513058216,1.3820800037744145
masked,B,target,engage_pull,family0042_engage_pull,family0042,21,1.0640456513058216,1.3820800037744145
masked,B,target,stationary,family0042_engage_pull,family0042,4,0.8876734063960612,1.233256421983242
masked,B,tool,all,family0042_engage_pull,family0042,21,1.01640617885139,1.1792949849872716
masked,B,tool,engage_pull,family0042_engage_pull,family0042,21,1.01640617885139,1.1792949849872716
masked,B,tool,stationary,family0042_engage_pull,family0042,4,1.7234508413821459,2.051576113444753
masked,B,all,all,family0042_engage_pull,family0042,21,1.0402259566555065,1.280687486065463
masked,B,all,engage_pull,family0042_engage_pull,family0042,21,1.0402259566555065,1.280687486065463
masked,B,all,stationary,family0042_engage_pull,family0042,4,1.3055621238891035,1.6424163477495313
masked,B,target,near_establish,family0042_engage_pull,family0042,5,1.5055922674946487,2.0041322568431497
masked,B,tool,near_establish,family0042_engage_pull,family0042,5,0.8151779533363879,1.1191330384463072
masked,B,all,near_establish,family0042_engage_pull,family0042,5,1.1603851686231792,1.5616326592862606
masked,B,target,moving,family0042_engage_pull,family0042,17,1.1055450030492948,1.4170973171370433
masked,B,tool,moving,family0042_engage_pull,family0042,17,0.8500427288441536,0.9740523665266878
masked,B,all,moving,family0042_engage_pull,family0042,17,0.977793917306425,1.195574812728035
masked,B,target,all,family0042_pass_by,family0042,21,0.6421886639492143,0.639128114839661
masked,B,target,pass_by,family0042_pass_by,family0042,21,0.6421886639492143,0.639128114839661
masked,B,target,stationary,family0042_pass_by,family0042,21,0.6421886639492143,0.639128114839661
masked,B,tool,all,family0042_pass_by,family0042,21,0.7004946514609314,0.7873443454237921
masked,B,tool,pass_by,family0042_pass_by,family0042,21,0.7004946514609314,0.7873443454237921
masked,B,tool,stationary,family0042_pass_by,family0042,21,0.7004946514609314,0.7873443454237921
masked,B,all,all,family0042_pass_by,family0042,21,0.6713416577050728,0.7132362225092947
masked,B,all,pass_by,family0042_pass_by,family0042,21,0.6713416577050728,0.7132362225092947
masked,B,all,stationary,family0042_pass_by,family0042,21,0.6713416577050728,0.7132362225092947
masked,B,target,all,family0051_detach,family0051,21,1.5259767477844088,2.0973275171681527
masked,B,target,detach,family0051_detach,family0051,21,1.5259767477844088,2.0973275171681527
masked,B,target,stationary,family0051_detach,family0051,11,0.9343495052731172,1.155180613171648
masked,B,tool,all,family0051_detach,family0051,21,2.957197516003535,4.13451051073415
masked,B,tool,detach,family0051_detach,family0051,21,2.957197516003535,4.13451051073415
masked,B,tool,stationary,family0051_detach,family0051,11,2.761473921550946,3.106645297851752
masked,B,all,all,family0051_detach,family0051,21,2.2415870667568276,3.1159190693870187
masked,B,all,detach,family0051_detach,family0051,21,2.2415870667568276,3.1159190693870187
masked,B,all,stationary,family0051_detach,family0051,11,1.8479117213494398,2.1309129978445442
masked,B,target,near_establish,family0051_detach,family0051,5,1.5816337428987026,2.3310384014621377
masked,B,tool,near_establish,family0051_detach,family0051,5,1.3484781607985497,2.217850601300597
masked,B,all,near_establish,family0051_detach,family0051,5,1.4650559518486261,2.2744445130228996
masked,B,target,moving,family0051_detach,family0051,10,2.1767667145468295,3.1336891115643084
masked,B,tool,moving,family0051_detach,family0051,10,3.172493469901383,5.265162244904786
masked,B,all,moving,family0051_detach,family0051,10,2.674629946704954,4.1994257480837405
masked,C,target,near_release,family0042_detach,family0042,4,3.243105486035347,4.124712839256972
masked,C,tool,near_release,family0042_detach,family0042,4,4.136166477110237,2.612979878904298
masked,C,all,near_release,family0042_detach,family0042,4,3.689636185299605,3.3688462572172284
masked,C,target,all,family0042_engage_pull,family0042,21,1.1297739928566097,1.4535051346423902
masked,C,target,engage_pull,family0042_engage_pull,family0042,21,1.1297739928566097,1.4535051346423902
masked,C,target,stationary,family0042_engage_pull,family0042,4,1.8510552472434938,2.234370243968442
masked,C,tool,all,family0042_engage_pull,family0042,21,1.3605275584961332,1.4890798788872504
masked,C,tool,engage_pull,family0042_engage_pull,family0042,21,1.3605275584961332,1.4890798788872504
masked,C,tool,stationary,family0042_engage_pull,family0042,4,2.2286113526206464,2.2411155950976536
masked,C,all,all,family0042_engage_pull,family0042,21,1.2451507583526629,1.4712924991423886
masked,C,all,engage_pull,family0042_engage_pull,family0042,21,1.2451507583526629,1.4712924991423886
masked,C,all,stationary,family0042_engage_pull,family0042,4,2.039833285380155,2.2377429413609207
masked,C,target,near_establish,family0042_engage_pull,family0042,5,1.8338692374527454,2.5044961599633098
masked,C,tool,near_establish,family0042_engage_pull,family0042,5,1.1563399573788047,1.2587738689035177
masked,C,all,near_establish,family0042_engage_pull,family0042,5,1.4951044926419854,1.8816350493580103
masked,C,target,moving,family0042_engage_pull,family0042,17,0.960060756530284,1.2697721677421427
masked,C,tool,moving,family0042_engage_pull,family0042,17,1.156272548113895,1.3121302986024495
masked,C,all,moving,family0042_engage_pull,family0042,17,1.0581666343461942,1.2909512186203809
masked,C,target,all,family0042_pass_by,family0042,21,1.3159216974773222,1.3026958359183656
masked,C,target,pass_by,family0042_pass_by,family0042,21,1.3159216974773222,1.3026958359183656
masked,C,target,stationary,family0042_pass_by,family0042,21,1.3159216974773222,1.3026958359183656
masked,C,tool,all,family0042_pass_by,family0042,21,1.2655989654983084,1.3054704786987887
masked,C,tool,pass_by,family0042_pass_by,family0042,21,1.2655989654983084,1.3054704786987887
masked,C,tool,stationary,family0042_pass_by,family0042,21,1.2655989654983084,1.3054704786987887
masked,C,all,all,family0042_pass_by,family0042,21,1.290760363363439,1.304083193341891
masked,C,all,pass_by,family0042_pass_by,family0042,21,1.290760363363439,1.304083193341891
masked,C,all,stationary,family0042_pass_by,family0042,21,1.290760363363439,1.304083193341891
masked,C,target,all,family0051_detach,family0051,21,2.282038755116186,3.1212079809934257
masked,C,target,detach,family0051_detach,family0051,21,2.282038755116186,3.1212079809934257
masked,C,target,stationary,family0051_detach,family0051,11,1.4514599619856612,1.8690929970365355
masked,C,tool,all,family0051_detach,family0051,21,3.39074410675537,3.502165906996067
masked,C,tool,detach,family0051_detach,family0051,21,3.39074410675537,3.502165906996067
masked,C,tool,stationary,family0051_detach,family0051,11,2.6880203936757012,2.82113057222556
masked,C,all,all,family0051_detach,family0051,21,2.8363914461806417,3.311686883015292
masked,C,all,detach,family0051_detach,family0051,21,2.8363914461806417,3.311686883015292
masked,C,all,stationary,family0051_detach,family0051,11,2.069740132852034,2.3451117608188228
masked,C,target,near_establish,family0051_detach,family0051,5,1.8441193038597703,2.835103729739785
masked,C,tool,near_establish,family0051_detach,family0051,5,1.3982468284666538,2.0162021392025054
masked,C,all,near_establish,family0051_detach,family0051,5,1.6211830312386155,2.4256528355181217
masked,C,target,moving,family0051_detach,family0051,10,3.195675427559763,4.4985344633460045
masked,C,tool,moving,family0051_detach,family0051,10,4.163740191143006,4.251304775243625
masked,C,all,moving,family0051_detach,family0051,10,3.67970789084211,4.374919517431408
masked,stationary,target,near_release,family0051_detach,family0051,5,4.8462802193323995,6.663365319429637
masked,stationary,tool,near_release,family0051_detach,family0051,5,20.906837284564972,34.12613570690155
masked,stationary,all,near_release,family0051_detach,family0051,5,12.876558490097523,20.394750125706196
masked,stationary,target,all,family0051_engage_pull,family0051,21,5.6840970182824675,9.625476759952601
masked,stationary,target,engage_pull,family0051_engage_pull,family0051,21,5.6840970182824675,9.625476759952601
masked,stationary,target,stationary,family0051_engage_pull,family0051,3,0.07462053847658486,0.37302866426713877
masked,stationary,tool,all,family0051_engage_pull,family0051,21,6.937679612920398,11.60224833126579
masked,stationary,tool,engage_pull,family0051_engage_pull,family0051,21,6.937679612920398,11.60224833126579
masked,stationary,tool,stationary,family0051_engage_pull,family0051,3,6.588009496529897,11.255002270142237
masked,stationary,all,all,family0051_engage_pull,family0051,21,6.310888311071765,10.613862713355394
masked,stationary,all,engage_pull,family0051_engage_pull,family0051,21,6.310888311071765,10.613862713355394
masked,stationary,all,stationary,family0051_engage_pull,family0051,3,3.331314849977692,5.81401539966464
masked,stationary,target,near_establish,family0051_engage_pull,family0051,5,2.826312470828185,5.345664438896236
masked,stationary,tool,near_establish,family0051_engage_pull,family0051,5,6.994089391082525,11.65360901504755
masked,stationary,all,near_establish,family0051_engage_pull,family0051,5,4.910200973972678,8.499636873602867
masked,stationary,target,moving,family0051_engage_pull,family0051,18,6.619009764916781,11.167551442566845
masked,stationary,tool,moving,family0051_engage_pull,family0051,18,6.995957965652148,11.660122674786383
masked,stationary,all,moving,family0051_engage_pull,family0051,18,6.807483887920777,11.413837265637186
masked,stationary,target,all,family0051_pass_by,family0051,21,2.3930020885489155e-05,2.2551197036741704e-05
masked,stationary,target,pass_by,family0051_pass_by,family0051,21,2.3930020885489155e-05,2.2551197036741704e-05
masked,stationary,target,stationary,family0051_pass_by,family0051,21,2.3930020885489155e-05,2.2551197036741704e-05
masked,stationary,tool,all,family0051_pass_by,family0051,21,7.568837187829471,12.618147191547212
masked,stationary,tool,pass_by,family0051_pass_by,family0051,21,7.568837187829471,12.618147191547212
masked,stationary,tool,stationary,family0051_pass_by,family0051,21,7.568837187829471,12.618147191547212
masked,stationary,all,all,family0051_pass_by,family0051,21,3.7844305791492974,6.3090849712136245
masked,stationary,all,pass_by,family0051_pass_by,family0051,21,3.7844305791492974,6.3090849712136245
masked,stationary,all,stationary,family0051_pass_by,family0051,21,3.7844305791492974,6.3090849712136245
masked,stationary,target,all,family0052_detach,family0052,21,4.429561672895892,7.366518903884089
masked,stationary,target,detach,family0052_detach,family0052,21,4.429561672895892,7.366518903884089
masked,stationary,target,stationary,family0052_detach,family0052,10,0.0002811298417171315,0.00034508594559667927
masked,stationary,tool,all,family0052_detach,family0052,21,14.271374581204284,24.01251835925948
masked,stationary,tool,detach,family0052_detach,family0052,21,14.271374581204284,24.01251835925948
masked,stationary,tool,stationary,family0052_detach,family0052,10,11.51261709164828,19.31825396604836
masked,stationary,all,all,family0052_detach,family0052,21,9.35046798327849,15.689518568771225
masked,stationary,all,detach,family0052_detach,family0052,21,9.35046798327849,15.689518568771225
masked,stationary,all,stationary,family0052_detach,family0052,10,5.756449163891375,9.659299161285162
masked,stationary,target,near_establish,family0052_detach,family0052,4,3.1640933383134673,6.71855043926417
masked,stationary,tool,near_establish,family0052_detach,family0052,4,6.905245827510953,12.385045178234577
masked,stationary,all,near_establish,family0052_detach,family0052,4,5.034669360611588,9.551797644235194
masked,stationary,target,moving,family0052_detach,family0052,11,8.456180348399688,14.063040556555444
masked,stationary,tool,moving,family0052_detach,family0052,11,16.779335935346104,28.28003144399686
masked,stationary,all,moving,family0052_detach,family0052,11,12.617757819084959,21.171536211940374
masked,constant_velocity,target,near_release,family0051_detach,family0051,5,4.716261225135554,7.3489911408337605
masked,constant_velocity,tool,near_release,family0051_detach,family0051,5,12.014640867710114,21.227123215794563
masked,constant_velocity,all,near_release,family0051_detach,family0051,5,8.36545117199421,14.288057945668697
masked,constant_velocity,target,all,family0051_engage_pull,family0051,21,3.203760376065459,5.493802203456966
masked,constant_velocity,target,engage_pull,family0051_engage_pull,family0051,21,3.203760376065459,5.493802203456966
masked,constant_velocity,target,stationary,family0051_engage_pull,family0051,3,0.07464680248681077,0.37306191838955743
masked,constant_velocity,tool,all,family0051_engage_pull,family0051,21,3.2241055797342035,5.413082350666325
masked,constant_velocity,tool,engage_pull,family0051_engage_pull,family0051,21,3.2241055797342035,5.413082350666325
masked,constant_velocity,tool,stationary,family0051_engage_pull,family0051,3,3.875264859137436,6.736229794720809
masked,constant_velocity,all,all,family0051_engage_pull,family0051,21,3.213932928961835,5.453442184564968
masked,constant_velocity,all,engage_pull,family0051_engage_pull,family0051,21,3.213932928961835,5.453442184564968
masked,constant_velocity,all,stationary,family0051_engage_pull,family0051,3,1.9749557638230424,3.5546458093449473
masked,constant_velocity,target,near_establish,family0051_engage_pull,family0051,5,2.6856501461299587,5.119088127040783
masked,constant_velocity,tool,near_establish,family0051_engage_pull,family0051,5,3.2878305530175567,5.477219447493553
masked,constant_velocity,all,near_establish,family0051_engage_pull,family0051,5,2.9867401462979615,5.2981538930907845
masked,constant_velocity,target,moving,family0051_engage_pull,family0051,18,3.725279304995234,6.347258917634867
masked,constant_velocity,tool,moving,family0051_engage_pull,family0051,18,3.115579033166998,5.192557776657243
masked,constant_velocity,all,moving,family0051_engage_pull,family0051,18,3.4204291231516333,5.769908247101638
masked,constant_velocity,target,all,family0051_pass_by,family0051,21,4.858986592975747e-05,6.612420579342273e-05
masked,constant_velocity,target,pass_by,family0051_pass_by,family0051,21,4.858986592975747e-05,6.612420579342273e-05
masked,constant_velocity,target,stationary,family0051_pass_by,family0051,21,4.858986592975747e-05,6.612420579342273e-05
masked,constant_velocity,tool,all,family0051_pass_by,family0051,21,4.327384644143638,7.215599706839948
masked,constant_velocity,tool,pass_by,family0051_pass_by,family0051,21,4.327384644143638,7.215599706839948
masked,constant_velocity,tool,stationary,family0051_pass_by,family0051,21,4.327384644143638,7.215599706839948
masked,constant_velocity,all,all,family0051_pass_by,family0051,21,2.163716691679188,3.6078329486328933
masked,constant_velocity,all,pass_by,family0051_pass_by,family0051,21,2.163716691679188,3.6078329486328933
masked,constant_velocity,all,stationary,family0051_pass_by,family0051,21,2.163716691679188,3.6078329486328933
masked,constant_velocity,target,all,family0052_detach,family0052,21,2.7300298373122343,4.886831694723322
masked,constant_velocity,target,detach,family0052_detach,family0052,21,2.7300298373122343,4.886831694723322
masked,constant_velocity,target,stationary,family0052_detach,family0052,10,0.11634387158707682,0.19382037007602548
masked,constant_velocity,tool,all,family0052_detach,family0052,21,8.735084307513066,15.283825995755338
masked,constant_velocity,tool,detach,family0052_detach,family0052,21,8.735084307513066,15.283825995755338
masked,constant_velocity,tool,stationary,family0052_detach,family0052,10,5.567686725407839,9.546229033730924
masked,constant_velocity,all,all,family0052_detach,family0052,21,5.73255716534775,10.085328870142499
masked,constant_velocity,all,detach,family0052_detach,family0052,21,5.73255716534775,10.085328870142499
masked,constant_velocity,all,stationary,family0052_detach,family0052,10,2.842015342321247,4.8700244864448905
masked,constant_velocity,target,near_establish,family0052_detach,family0052,4,2.5963379021956,5.793197801786221
masked,constant_velocity,tool,near_establish,family0052_detach,family0052,4,3.7524690269492567,7.302807760424912
masked,constant_velocity,all,near_establish,family0052_detach,family0052,4,3.174403478624299,6.548002391355112
masked,constant_velocity,target,moving,family0052_detach,family0052,11,5.106107987971469,9.153205626220865
masked,constant_velocity,tool,moving,family0052_detach,family0052,11,11.614536654881455,20.49982323395935
masked,constant_velocity,all,moving,family0052_detach,family0052,11,8.360322459008206,14.826514673503963
masked,A,target,near_release,family0051_detach,family0051,5,3.4626507898792624,4.7744995332323015
masked,A,tool,near_release,family0051_detach,family0051,5,10.149055486544967,15.588196646422148
masked,A,all,near_release,family0051_detach,family0051,5,6.805852800607681,10.181347839534283
masked,A,target,all,family0051_engage_pull,family0051,21,1.596840052765661,2.089438400053907
masked,A,target,engage_pull,family0051_engage_pull,family0051,21,1.596840052765661,2.089438400053907
masked,A,target,stationary,family0051_engage_pull,family0051,3,1.3858013165493805,2.3564608224357166
masked,A,tool,all,family0051_engage_pull,family0051,21,1.201574222206892,1.5613854075560258
masked,A,tool,engage_pull,family0051_engage_pull,family0051,21,1.201574222206892,1.5613854075560258
masked,A,tool,stationary,family0051_engage_pull,family0051,3,1.1677020811475813,1.4721875389417012
masked,A,all,all,family0051_engage_pull,family0051,21,1.3992071229343612,1.8254118372819252
masked,A,all,engage_pull,family0051_engage_pull,family0051,21,1.3992071229343612,1.8254118372819252
masked,A,all,stationary,family0051_engage_pull,family0051,3,1.2767516697446506,1.9143241612861555
masked,A,target,near_establish,family0051_engage_pull,family0051,5,1.8982902634888887,2.7798142516985536
masked,A,tool,near_establish,family0051_engage_pull,family0051,5,1.1024202103726566,1.4765845844522119
masked,A,all,near_establish,family0051_engage_pull,family0051,5,1.5003552660346031,2.1281993482261896
masked,A,target,moving,family0051_engage_pull,family0051,18,1.6320131754683744,2.044934662990272
masked,A,tool,moving,family0051_engage_pull,family0051,18,1.2072195790501103,1.5762517189917464
masked,A,all,moving,family0051_engage_pull,family0051,18,1.4196163651326463,1.8105931166145537
masked,A,target,all,family0051_pass_by,family0051,21,0.7248373086830335,0.7013113603794149
masked,A,target,pass_by,family0051_pass_by,family0051,21,0.7248373086830335,0.7013113603794149
masked,A,target,stationary,family0051_pass_by,family0051,21,0.7248373086830335,0.7013113603794149
masked,A,tool,all,family0051_pass_by,family0051,21,1.660248469783082,2.577709095064728
masked,A,tool,pass_by,family0051_pass_by,family0051,21,1.660248469783082,2.577709095064728
masked,A,tool,stationary,family0051_pass_by,family0051,21,1.660248469783082,2.577709095064728
masked,A,all,all,family0051_pass_by,family0051,21,1.1925428850753677,1.6395102443528318
masked,A,all,pass_by,family0051_pass_by,family0051,21,1.1925428850753677,1.6395102443528318
masked,A,all,stationary,family0051_pass_by,family0051,21,1.1925428850753677,1.6395102443528318
masked,A,target,all,family0052_detach,family0052,21,2.23461820167445,3.1990576466168497
masked,A,target,detach,family0052_detach,family0052,21,2.23461820167445,3.1990576466168497
masked,A,target,stationary,family0052_detach,family0052,10,1.0005273041315377,1.4296294160885736
masked,A,tool,all,family0052_detach,family0052,21,6.386865775788292,9.518218401353806
masked,A,tool,detach,family0052_detach,family0052,21,6.386865775788292,9.518218401353806
masked,A,tool,stationary,family0052_detach,family0052,10,4.62215562001802,6.569835502887145
masked,A,all,all,family0052_detach,family0052,21,4.310741809950698,6.358637807092497
masked,A,all,detach,family0052_detach,family0052,21,4.310741809950698,6.358637807092497
masked,A,all,stationary,family0052_detach,family0052,10,2.8113413020037115,3.9997323183342814
masked,A,target,near_establish,family0052_detach,family0052,4,2.077527722576633,3.3091399527620524
masked,A,tool,near_establish,family0052_detach,family0052,4,1.5377562958747149,2.4659089249325916
masked,A,all,near_establish,family0052_detach,family0052,4,1.8076421110890806,2.8875244315713644
masked,A,target,moving,family0052_detach,family0052,11,3.3565190176225523,4.80762876527892
masked,A,tool,moving,family0052_detach,family0052,11,7.991147735579447,12.198566490868954
masked,A,all,moving,family0052_detach,family0052,11,5.673833180811595,8.503097342327237
masked,B,target,near_release,family0051_detach,family0051,5,1.7338886624202132,1.8310179584659636
masked,B,tool,near_release,family0051_detach,family0051,5,3.583333594724536,5.291317496448755
masked,B,all,near_release,family0051_detach,family0051,5,2.6586111169308424,3.561167698353529
masked,B,target,all,family0051_engage_pull,family0051,21,1.0217271933686876,1.379971827624277
masked,B,target,engage_pull,family0051_engage_pull,family0051,21,1.0217271933686876,1.379971827624277
masked,B,target,stationary,family0051_engage_pull,family0051,3,0.9468122734688222,1.3060444228661556
masked,B,tool,all,family0051_engage_pull,family0051,21,0.978961598039383,1.2130504695787316
masked,B,tool,engage_pull,family0051_engage_pull,family0051,21,0.978961598039383,1.2130504695787316
masked,B,tool,stationary,family0051_engage_pull,family0051,3,1.5396990347653627,2.384853200055659
masked,B,all,all,family0051_engage_pull,family0051,21,1.000344392932242,1.296511149987401
masked,B,all,engage_pull,family0051_engage_pull,family0051,21,1.000344392932242,1.296511149987401
masked,B,all,stationary,family0051_engage_pull,family0051,3,1.2432556056107085,1.8454487823570769
masked,B,target,near_establish,family0051_engage_pull,family0051,5,1.4904240379109979,2.0008448627777398
masked,B,tool,near_establish,family0051_engage_pull,family0051,5,1.1461062706075609,1.5191183658316731
masked,B,all,near_establish,family0051_engage_pull,family0051,5,1.3182651833631098,1.7599815735593438
masked,B,target,moving,family0051_engage_pull,family0051,18,1.0342130133519984,1.3922930617506306
masked,B,tool,moving,family0051_engage_pull,family0051,18,0.885505358585053,1.0177500144992437
masked,B,all,moving,family0051_engage_pull,family0051,18,0.9598591908191642,1.205021544592455
masked,B,target,all,family0051_pass_by,family0051,21,0.7624471743058946,0.8436937821984646
masked,B,target,pass_by,family0051_pass_by,family0051,21,0.7624471743058946,0.8436937821984646
masked,B,target,stationary,family0051_pass_by,family0051,21,0.7624471743058946,0.8436937821984646
masked,B,tool,all,family0051_pass_by,family0051,21,1.0429976474759834,1.5256665647029877
masked,B,tool,pass_by,family0051_pass_by,family0051,21,1.0429976474759834,1.5256665647029877
masked,B,tool,stationary,family0051_pass_by,family0051,21,1.0429976474759834,1.5256665647029877
masked,B,all,all,family0051_pass_by,family0051,21,0.9027224122768357,1.184680191467383
masked,B,all,pass_by,family0051_pass_by,family0051,21,0.9027224122768357,1.184680191467383
masked,B,all,stationary,family0051_pass_by,family0051,21,0.9027224122768357,1.184680191467383
masked,B,target,all,family0052_detach,family0052,21,1.5822718906704158,2.149640294235377
masked,B,target,detach,family0052_detach,family0052,21,1.5822718906704158,2.149640294235377
masked,B,target,stationary,family0052_detach,family0052,10,0.9779072599485517,1.1670314008370042
masked,B,tool,all,family0052_detach,family0052,21,2.9516182368665578,4.467612362488927
masked,B,tool,detach,family0052_detach,family0052,21,2.9516182368665578,4.467612362488927
masked,B,tool,stationary,family0052_detach,family0052,10,2.406553545733914,3.0752567516174167
masked,B,all,all,family0052_detach,family0052,21,2.2669449847723757,3.3086262743121813
masked,B,all,detach,family0052_detach,family0052,21,2.2669449847723757,3.3086262743121813
masked,B,all,stationary,family0052_detach,family0052,10,1.6922303708270192,2.1211440209299326
masked,B,target,near_establish,family0052_detach,family0052,4,1.73337766318582,2.9799949552398175
masked,B,tool,near_establish,family0052_detach,family0052,4,1.4495897194137797,2.4872875219443813
masked,B,all,near_establish,family0052_detach,family0052,4,1.5914835094008595,2.7336411585565656
masked,B,target,moving,family0052_detach,family0052,11,2.131694282235747,3.042921106415716
masked,B,tool,moving,family0052_detach,family0052,11,3.4471315924416888,5.733390190553936
masked,B,all,moving,family0052_detach,family0052,11,2.7894128156317906,4.3881555955687706
masked,C,target,near_release,family0051_detach,family0051,5,2.8813605196774006,3.6713688168674707
masked,C,tool,near_release,family0051_detach,family0051,5,4.026461765170097,1.946072862483561
masked,C,all,near_release,family0051_detach,family0051,5,3.453911142423749,2.808720711618662
masked,C,target,all,family0051_engage_pull,family0051,21,1.026229939833727,1.393145679252311
masked,C,target,engage_pull,family0051_engage_pull,family0051,21,1.026229939833727,1.393145679252311
masked,C,target,stationary,family0051_engage_pull,family0051,3,1.536299552147587,2.2719085294132433
masked,C,tool,all,family0051_engage_pull,family0051,21,1.1381030088246225,1.3591302226164512
masked,C,tool,engage_pull,family0051_engage_pull,family0051,21,1.1381030088246225,1.3591302226164512
masked,C,tool,stationary,family0051_engage_pull,family0051,3,1.2944771054511268,1.75597060782214
masked,C,all,all,family0051_engage_pull,family0051,21,1.082166416814462,1.3761379800382114
masked,C,all,engage_pull,family0051_engage_pull,family0051,21,1.082166416814462,1.3761379800382114
masked,C,all,stationary,family0051_engage_pull,family0051,3,1.4153883093968034,2.013939704435567
masked,C,target,near_establish,family0051_engage_pull,family0051,5,1.6094960970804095,2.4173098150640726
masked,C,tool,near_establish,family0051_engage_pull,family0051,5,1.1320083867758512,1.3145813718438148
masked,C,all,near_establish,family0051_engage_pull,family0051,5,1.3707522535696626,1.8659456633031368
masked,C,target,moving,family0051_engage_pull,family0051,18,0.9412183377814168,1.2466852042254888
masked,C,tool,moving,family0051_engage_pull,family0051,18,1.1120406593868717,1.292990158415503
masked,C,all,moving,family0051_engage_pull,family0051,18,1.0266294347174052,1.269837692638652
masked,C,target,all,family0051_pass_by,family0051,21,1.4068380197776216,1.6062190600981314
masked,C,target,pass_by,family0051_pass_by,family0051,21,1.4068380197776216,1.6062190600981314
masked,C,target,stationary,family0051_pass_by,family0051,21,1.4068380197776216,1.6062190600981314
masked,C,tool,all,family0051_pass_by,family0051,21,1.3344881340994366,1.5162834010663486
masked,C,tool,pass_by,family0051_pass_by,family0051,21,1.3344881340994366,1.5162834010663486
masked,C,tool,stationary,family0051_pass_by,family0051,21,1.3344881340994366,1.5162834010663486
masked,C,all,all,family0051_pass_by,family0051,21,1.3706631226731198,1.5612512194950665
masked,C,all,pass_by,family0051_pass_by,family0051,21,1.3706631226731198,1.5612512194950665
masked,C,all,stationary,family0051_pass_by,family0051,21,1.3706631226731198,1.5612512194950665
masked,C,target,all,family0052_detach,family0052,21,2.379421133636719,3.083667207864069
masked,C,target,detach,family0052_detach,family0052,21,2.379421133636719,3.083667207864069
masked,C,target,stationary,family0052_detach,family0052,10,1.6295283567160368,1.9042734988033772
masked,C,tool,all,family0052_detach,family0052,21,3.587803581640834,3.9753440373931967
masked,C,tool,detach,family0052_detach,family0052,21,3.587803581640834,3.9753440373931967
masked,C,tool,stationary,family0052_detach,family0052,10,2.9530803149100393,3.398354456294328
masked,C,all,all,family0052_detach,family0052,21,2.9836123687259497,3.529505515914588
masked,C,all,detach,family0052_detach,family0052,21,2.9836123687259497,3.529505515914588
masked,C,all,stationary,family0052_detach,family0052,10,2.29130438528955,2.6513139251619577
masked,C,target,near_establish,family0052_detach,family0052,4,1.8069595680572093,3.15808376763016
masked,C,tool,near_establish,family0052_detach,family0052,4,1.447980379452929,2.484055803506635
masked,C,all,near_establish,family0052_detach,family0052,4,1.627469900995493,2.821069792844355
masked,C,target,moving,family0052_detach,family0052,11,3.0611418399282475,4.155843307010152
masked,C,tool,moving,family0052_detach,family0052,11,4.164824733214283,4.49988002021035
masked,C,all,moving,family0052_detach,family0052,11,3.6129832627590406,4.327861507507888
masked,stationary,target,near_release,family0052_detach,family0052,5,3.8374275493712418,5.19086898834793
masked,stationary,tool,near_release,family0052_detach,family0052,5,18.93400363624096,30.769525095820427
masked,stationary,all,near_release,family0052_detach,family0052,5,11.385715752840042,17.980196326971054
masked,stationary,target,all,family0052_engage_pull,family0052,21,4.881792757678516,8.307903975721063
masked,stationary,target,engage_pull,family0052_engage_pull,family0052,21,4.881792757678516,8.307903975721063
masked,stationary,target,stationary,family0052_engage_pull,family0052,4,2.8262244100574208e-05,3.104532586561959e-05
masked,stationary,tool,all,family0052_engage_pull,family0052,21,6.309514743320289,10.621208808429184
masked,stationary,tool,engage_pull,family0052_engage_pull,family0052,21,6.309514743320289,10.621208808429184
masked,stationary,tool,stationary,family0052_engage_pull,family0052,4,5.501844396349043,9.722916991449893
masked,stationary,all,all,family0052_engage_pull,family0052,21,5.595653783529997,9.464556617396218
masked,stationary,all,engage_pull,family0052_engage_pull,family0052,21,5.595653783529997,9.464556617396218
masked,stationary,all,stationary,family0052_engage_pull,family0052,4,2.750936255324632,4.861474270001054
masked,stationary,target,near_establish,family0052_engage_pull,family0052,4,2.8326028048870633,5.61757139236807
masked,stationary,tool,near_establish,family0052_engage_pull,family0052,4,6.4951765816658735,10.82136738114059
masked,stationary,all,near_establish,family0052_engage_pull,family0052,4,4.66388970380649,8.219469687901437
masked,stationary,target,moving,family0052_engage_pull,family0052,17,6.030443227192497,10.262697606402284
masked,stationary,tool,moving,family0052_engage_pull,family0052,17,6.499554824960582,10.8325715888949
masked,stationary,all,moving,family0052_engage_pull,family0052,17,6.2649990842842005,10.547634816783315
masked,stationary,target,all,family0052_pass_by,family0052,21,1.7743085984583168e-05,1.7184194829005556e-05
masked,stationary,target,pass_by,family0052_pass_by,family0052,21,1.7743085984583168e-05,1.7184194829005556e-05
masked,stationary,target,stationary,family0052_pass_by,family0052,21,1.7743085984583168e-05,1.7184194829005556e-05
masked,stationary,tool,all,family0052_pass_by,family0052,21,6.069357728674298,10.118837690069562
masked,stationary,tool,pass_by,family0052_pass_by,family0052,21,6.069357728674298,10.118837690069562
masked,stationary,tool,stationary,family0052_pass_by,family0052,21,6.069357728674298,10.118837690069562
masked,stationary,all,all,family0052_pass_by,family0052,21,3.0346877673374757,5.059427382158382
masked,stationary,all,pass_by,family0052_pass_by,family0052,21,3.0346877673374757,5.059427382158382
masked,stationary,all,stationary,family0052_pass_by,family0052,21,3.0346877673374757,5.059427382158382
masked,stationary,target,all,family0057_detach,family0057,21,4.710907233103163,7.815094473705209
masked,stationary,target,detach,family0057_detach,family0057,21,4.710907233103163,7.815094473705209
masked,stationary,target,stationary,family0057_detach,family0057,10,0.14221844063202482,0.14227053089994612
masked,stationary,tool,all,family0057_detach,family0057,21,14.978212925295034,25.130221974991617
masked,stationary,tool,detach,family0057_detach,family0057,21,14.978212925295034,25.130221974991617
masked,stationary,tool,stationary,family0057_detach,family0057,10,13.251757668331265,21.976538375020027
masked,stationary,all,all,family0057_detach,family0057,21,9.844559976564986,16.47265854158572
masked,stationary,all,detach,family0057_detach,family0057,21,9.844559976564986,16.47265854158572
masked,stationary,all,stationary,family0057_detach,family0057,10,6.696988269686699,11.05940449051559
masked,stationary,target,near_establish,family0057_detach,family0057,5,2.3981214401722184,5.0674201244966355
masked,stationary,tool,near_establish,family0057_detach,family0057,5,6.948838476091623,11.80411446839571
masked,stationary,all,near_establish,family0057_detach,family0057,5,4.67347982339561,8.43576705083251
masked,stationary,target,moving,family0057_detach,family0057,11,8.864260680804199,14.790388967164539
masked,stationary,tool,moving,family0057_detach,family0057,11,16.54771770435301,27.99720706587488
masked,stationary,all,moving,family0057_detach,family0057,11,12.705988800999792,21.39379858801311
masked,constant_velocity,target,near_release,family0052_detach,family0052,5,3.26233935624316,5.268486154821517
masked,constant_velocity,tool,near_release,family0052_detach,family0052,5,12.171277403831482,20.312578976154327
masked,constant_velocity,all,near_release,family0052_detach,family0052,5,7.716808281838894,12.79053259640932
masked,constant_velocity,target,all,family0052_engage_pull,family0052,21,2.759412526191205,4.770601766588744
masked,constant_velocity,target,engage_pull,family0052_engage_pull,family0052,21,2.759412526191205,4.770601766588744
masked,constant_velocity,target,stationary,family0052_engage_pull,family0052,4,6.319486089978454e-05,9.07727812915482e-05
masked,constant_velocity,tool,all,family0052_engage_pull,family0052,21,3.3731302967117656,5.727821667235167
masked,constant_velocity,tool,engage_pull,family0052_engage_pull,family0052,21,3.3731302967117656,5.727821667235167
masked,constant_velocity,tool,stationary,family0052_engage_pull,family0052,4,4.146762366872281,7.4644346022978425
masked,constant_velocity,all,all,family0052_engage_pull,family0052,21,3.066271443718246,5.249211797490716
masked,constant_velocity,all,engage_pull,family0052_engage_pull,family0052,21,3.066271443718246,5.249211797490716
masked,constant_velocity,all,stationary,family0052_engage_pull,family0052,4,2.0734129066113383,3.7322627613320947
masked,constant_velocity,target,near_establish,family0052_engage_pull,family0052,4,2.2642687564147224,4.670395091975976
masked,constant_velocity,tool,near_establish,family0052_engage_pull,family0052,4,3.796112083364278,6.3263121992349625
masked,constant_velocity,all,near_establish,family0052_engage_pull,family0052,4,3.030190651770681,5.49835356650874
masked,constant_velocity,target,moving,family0052_engage_pull,family0052,17,3.408671192386571,5.893074941602261
masked,constant_velocity,tool,moving,family0052_engage_pull,family0052,17,3.1910992213798797,5.319206858985126
masked,constant_velocity,all,moving,family0052_engage_pull,family0052,17,3.2998852171551656,5.606140982469215
masked,constant_velocity,target,all,family0052_pass_by,family0052,21,4.813490583899238e-05,6.930698110656814e-05
masked,constant_velocity,target,pass_by,family0052_pass_by,family0052,21,4.813490583899238e-05,6.930698110656814e-05
masked,constant_velocity,target,stationary,family0052_pass_by,family0052,21,4.813490583899238e-05,6.930698110656814e-05
masked,constant_velocity,tool,all,family0052_pass_by,family0052,21,3.372725810257699,5.624176350000285
masked,constant_velocity,tool,pass_by,family0052_pass_by,family0052,21,3.372725810257699,5.624176350000285
masked,constant_velocity,tool,stationary,family0052_pass_by,family0052,21,3.372725810257699,5.624176350000285
masked,constant_velocity,all,all,family0052_pass_by,family0052,21,1.6863869361578683,2.8121228678162966
masked,constant_velocity,all,pass_by,family0052_pass_by,family0052,21,1.6863869361578683,2.8121228678162966
masked,constant_velocity,all,stationary,family0052_pass_by,family0052,21,1.6863869361578683,2.8121228678162966
masked,constant_velocity,target,all,family0057_detach,family0057,21,3.397351046305156,6.061278565457177
masked,constant_velocity,target,detach,family0057_detach,family0057,21,3.397351046305156,6.061278565457177
masked,constant_velocity,target,stationary,family0057_detach,family0057,10,0.26793725265079615,0.4337171889439162
masked,constant_velocity,tool,all,family0057_detach,family0057,21,8.649555734813301,15.33261019392826
masked,constant_velocity,tool,detach,family0057_detach,family0057,21,8.649555734813301,15.33261019392826
masked,constant_velocity,tool,stationary,family0057_detach,family0057,10,7.017001466010697,12.03538112458773
masked,constant_velocity,all,all,family0057_detach,family0057,21,6.023453511131395,10.696944424472306
masked,constant_velocity,all,detach,family0057_detach,family0057,21,6.023453511131395,10.696944424472306
masked,constant_velocity,all,stationary,family0057_detach,family0057,10,3.6424694844754413,6.234549006330781
masked,constant_velocity,target,near_establish,family0057_detach,family0057,5,2.051393342866703,4.446367974685472
masked,constant_velocity,tool,near_establish,family0057_detach,family0057,5,2.9493407404515892,5.279166821856052
masked,constant_velocity,all,near_establish,family0057_detach,family0057,5,2.5003671238664538,4.862767265876755
masked,constant_velocity,target,moving,family0057_detach,family0057,11,6.242272676900029,11.177243453196503
masked,constant_velocity,tool,moving,family0057_detach,family0057,11,10.133695979179306,18.330091166056015
masked,constant_velocity,all,moving,family0057_detach,family0057,11,8.18798444445499,14.753667531873692
masked,A,target,near_release,family0052_detach,family0052,5,2.774378191679716,3.8443850935436785
masked,A,tool,near_release,family0052_detach,family0052,5,11.144143342971802,16.668318770825863
masked,A,all,near_release,family0052_detach,family0052,5,6.959260115399957,10.256352089345455
masked,A,target,all,family0052_engage_pull,family0052,21,1.3514367663966758,1.5295830837983106
masked,A,target,engage_pull,family0052_engage_pull,family0052,21,1.3514367663966758,1.5295830837983106
masked,A,target,stationary,family0052_engage_pull,family0052,4,1.4490360335912555,2.5520054041408002
masked,A,tool,all,family0052_engage_pull,family0052,21,1.171051319466815,1.3530497616600423
masked,A,tool,engage_pull,family0052_engage_pull,family0052,21,1.171051319466815,1.3530497616600423
masked,A,tool,stationary,family0052_engage_pull,family0052,4,1.4186188200255856,1.662705821217969
masked,A,all,all,family0052_engage_pull,family0052,21,1.261244040159952,1.441316424115073
masked,A,all,engage_pull,family0052_engage_pull,family0052,21,1.261244040159952,1.441316424115073
masked,A,all,stationary,family0052_engage_pull,family0052,4,1.433827419532463,2.107355569023639
masked,A,target,near_establish,family0052_engage_pull,family0052,4,1.9458707247395068,2.6401283976156265
masked,A,tool,near_establish,family0052_engage_pull,family0052,4,1.1334623413858935,1.2077820429112762
masked,A,all,near_establish,family0052_engage_pull,family0052,4,1.539666554890573,1.9239553657826036
masked,A,target,moving,family0052_engage_pull,family0052,17,1.3284722329391276,1.2890131260706659
masked,A,tool,moving,family0052_engage_pull,family0052,17,1.1128001428647514,1.2801895123522948
masked,A,all,moving,family0052_engage_pull,family0052,17,1.2206361861899495,1.2846013311954105
masked,A,target,all,family0052_pass_by,family0052,21,0.6945749531344821,0.7101729750588891
masked,A,target,pass_by,family0052_pass_by,family0052,21,0.6945749531344821,0.7101729750588891
masked,A,target,stationary,family0052_pass_by,family0052,21,0.6945749531344821,0.7101729750588891
masked,A,tool,all,family0052_pass_by,family0052,21,0.9737901716670465,1.2483469853621154
masked,A,tool,pass_by,family0052_pass_by,family0052,21,0.9737901716670465,1.2483469853621154
masked,A,tool,stationary,family0052_pass_by,family0052,21,0.9737901716670465,1.2483469853621154
masked,A,all,all,family0052_pass_by,family0052,21,0.8341825450770557,0.9792599982271591
masked,A,all,pass_by,family0052_pass_by,family0052,21,0.8341825450770557,0.9792599982271591
masked,A,all,stationary,family0052_pass_by,family0052,21,0.8341825450770557,0.9792599982271591
masked,A,target,all,family0057_detach,family0057,21,2.178330384638338,3.2038105806956687
masked,A,target,detach,family0057_detach,family0057,21,2.178330384638338,3.2038105806956687
masked,A,target,stationary,family0057_detach,family0057,10,1.0155626339837909,1.3137060217559338
masked,A,tool,all,family0057_detach,family0057,21,6.333729584834406,9.234802254165212
masked,A,tool,detach,family0057_detach,family0057,21,6.333729584834406,9.234802254165212
masked,A,tool,stationary,family0057_detach,family0057,10,5.652587616350502,8.228290523402393
masked,A,all,all,family0057_detach,family0057,21,4.256030045715826,6.219306428517614
masked,A,all,detach,family0057_detach,family0057,21,4.256030045715826,6.219306428517614
masked,A,all,stationary,family0057_detach,family0057,10,3.334074979647994,4.770998260937631
masked,A,target,near_establish,family0057_detach,family0057,5,1.5418355353176594,2.5193323381245136
masked,A,tool,near_establish,family0057_detach,family0057,5,1.3178085209801793,1.75587167032063
masked,A,all,near_establish,family0057_detach,family0057,5,1.429822063073516,2.137602027505636
masked,A,target,moving,family0057_detach,family0057,11,3.2353919761424716,4.922087452459064
masked,A,tool,moving,family0057_detach,family0057,11,6.952949556183409,10.149812918495048
masked,A,all,moving,family0057_detach,family0057,11,5.0941710148684,7.53595021722669
masked,B,target,near_release,family0052_detach,family0052,5,1.8804921652190387,2.299680549185723
masked,B,tool,near_release,family0052_detach,family0052,5,3.4069282468408346,4.993802215903997
masked,B,all,near_release,family0052_detach,family0052,5,2.6437101187184453,3.646741295233369
masked,B,target,all,family0052_engage_pull,family0052,21,1.1170333073962302,1.3839871556098973
masked,B,target,engage_pull,family0052_engage_pull,family0052,21,1.1170333073962302,1.3839871556098973
masked,B,target,stationary,family0052_engage_pull,family0052,4,1.1740041809389368,1.8175781005993485
masked,B,tool,all,family0052_engage_pull,family0052,21,1.0162581290517534,1.1495410608837293
masked,B,tool,engage_pull,family0052_engage_pull,family0052,21,1.0162581290517534,1.1495410608837293
masked,B,tool,stationary,family0052_engage_pull,family0052,4,1.3607673754449934,1.6706421447452158
masked,B,all,all,family0052_engage_pull,family0052,21,1.0666457459419256,1.2667641498237139
masked,B,all,engage_pull,family0052_engage_pull,family0052,21,1.0666457459419256,1.2667641498237139
masked,B,all,stationary,family0052_engage_pull,family0052,4,1.2673858145717531,1.7441102245356888
masked,B,target,near_establish,family0052_engage_pull,family0052,4,1.776142424205318,2.485184231773019
masked,B,tool,near_establish,family0052_engage_pull,family0052,4,0.9236707410309464,0.8800425857771188
masked,B,all,near_establish,family0052_engage_pull,family0052,4,1.3499066408257931,1.682613423326984
masked,B,target,moving,family0052_engage_pull,family0052,17,1.1036283959744169,1.2819657567888498
masked,B,tool,moving,family0052_engage_pull,family0052,17,0.9351971299004029,1.0269290411516148
masked,B,all,moving,family0052_engage_pull,family0052,17,1.0194127886172604,1.1544474263620728
masked,B,target,all,family0052_pass_by,family0052,21,0.644831668718585,0.7041176958453088
masked,B,target,pass_by,family0052_pass_by,family0052,21,0.644831668718585,0.7041176958453088
masked,B,target,stationary,family0052_pass_by,family0052,21,0.644831668718585,0.7041176958453088
masked,B,tool,all,family0052_pass_by,family0052,21,0.9899281486425371,1.2970412305245798
masked,B,tool,pass_by,family0052_pass_by,family0052,21,0.9899281486425371,1.2970412305245798
masked,B,tool,stationary,family0052_pass_by,family0052,21,0.9899281486425371,1.2970412305245798
masked,B,all,all,family0052_pass_by,family0052,21,0.8173798975933876,1.0005794520977707
masked,B,all,pass_by,family0052_pass_by,family0052,21,0.8173798975933876,1.0005794520977707
masked,B,all,stationary,family0052_pass_by,family0052,21,0.8173798975933876,1.0005794520977707
masked,B,target,all,family0057_detach,family0057,21,1.5213968415212418,2.1244096736024534
masked,B,target,detach,family0057_detach,family0057,21,1.5213968415212418,2.1244096736024534
masked,B,target,stationary,family0057_detach,family0057,10,0.7903926249127835,0.9584263083525002
masked,B,tool,all,family0057_detach,family0057,21,2.784630915682231,4.2040438247135
masked,B,tool,detach,family0057_detach,family0057,21,2.784630915682231,4.2040438247135
masked,B,tool,stationary,family0057_detach,family0057,10,2.320439205504954,2.9178678174503148
masked,B,all,all,family0057_detach,family0057,21,2.1530138384107325,3.1642266881785224
masked,B,all,detach,family0057_detach,family0057,21,2.1530138384107325,3.1642266881785224
masked,B,all,stationary,family0057_detach,family0057,10,1.555415941402316,1.9381470629014075
masked,B,target,near_establish,family0057_detach,family0057,5,1.3546602916903794,2.213756716810167
masked,B,tool,near_establish,family0057_detach,family0057,5,1.3789298944175243,2.00568656437099
masked,B,all,near_establish,family0057_detach,family0057,5,1.366795040667057,2.1097216522321105
masked,B,target,moving,family0057_detach,family0057,11,2.185946129347113,3.1843945511024105
masked,B,tool,moving,family0057_detach,family0057,11,3.206623379479755,5.373294740407304
masked,B,all,moving,family0057_detach,family0057,11,2.696284653872929,4.278844529339536
masked,C,target,near_release,family0052_detach,family0052,5,3.0253507662564516,3.0927851796150208
masked,C,tool,near_release,family0052_detach,family0052,5,4.191000619903207,3.794831968843937
masked,C,all,near_release,family0052_detach,family0052,5,3.608175739645958,3.4438086207956076
masked,C,target,all,family0052_engage_pull,family0052,21,1.075016377615698,1.3701021504987563
masked,C,target,engage_pull,family0052_engage_pull,family0052,21,1.075016377615698,1.3701021504987563
masked,C,target,stationary,family0052_engage_pull,family0052,4,1.9248923345003277,2.8244690620340407
masked,C,tool,all,family0052_engage_pull,family0052,21,1.2337589592096352,1.431981467508844
masked,C,tool,engage_pull,family0052_engage_pull,family0052,21,1.2337589592096352,1.431981467508844
masked,C,tool,stationary,family0052_engage_pull,family0052,4,1.643029710976407,1.6472155839437619
masked,C,all,all,family0052_engage_pull,family0052,21,1.1543876774209951,1.4010417896012466
masked,C,all,engage_pull,family0052_engage_pull,family0052,21,1.1543876774209951,1.4010417896012466
masked,C,all,stationary,family0052_engage_pull,family0052,4,1.7839610518421978,2.2358421701937914
masked,C,target,near_establish,family0052_engage_pull,family0052,4,1.7201035807374865,2.513829487725161
masked,C,tool,near_establish,family0052_engage_pull,family0052,4,0.8801726798992604,0.8344609814230353
masked,C,all,near_establish,family0052_engage_pull,family0052,4,1.3001381448702887,1.6741452127462253
masked,C,target,moving,family0052_engage_pull,family0052,17,0.8750455642310793,1.0278981713139836
masked,C,tool,moving,family0052_engage_pull,family0052,17,1.137459958793924,1.3813381459947456
masked,C,all,moving,family0052_engage_pull,family0052,17,1.0062527657924767,1.2046181706382948
masked,C,target,all,family0052_pass_by,family0052,21,1.2536926771558465,1.3825473253659548
masked,C,target,pass_by,family0052_pass_by,family0052,21,1.2536926771558465,1.3825473253659548
masked,C,target,stationary,family0052_pass_by,family0052,21,1.2536926771558465,1.3825473253659548
masked,C,tool,all,family0052_pass_by,family0052,21,1.343155939442416,1.7857869665714956
masked,C,tool,pass_by,family0052_pass_by,family0052,21,1.343155939442416,1.7857869665714956
masked,C,tool,stationary,family0052_pass_by,family0052,21,1.343155939442416,1.7857869665714956
masked,C,all,all,family0052_pass_by,family0052,21,1.2984243110709248,1.5841671542841054
masked,C,all,pass_by,family0052_pass_by,family0052,21,1.2984243110709248,1.5841671542841054
masked,C,all,stationary,family0052_pass_by,family0052,21,1.2984243110709248,1.5841671542841054
masked,C,target,all,family0057_detach,family0057,21,2.2249637931097475,3.2088431513069997
masked,C,target,detach,family0057_detach,family0057,21,2.2249637931097475,3.2088431513069997
masked,C,target,stationary,family0057_detach,family0057,10,1.432881731307134,2.0549709268379956
masked,C,tool,all,family0057_detach,family0057,21,3.5115754664210335,3.6628065669598677
masked,C,tool,detach,family0057_detach,family0057,21,3.5115754664210335,3.6628065669598677
masked,C,tool,stationary,family0057_detach,family0057,10,3.026113228406757,3.394170489627868
masked,C,all,all,family0057_detach,family0057,21,2.8682697087615017,3.435824925656475
masked,C,all,detach,family0057_detach,family0057,21,2.8682697087615017,3.435824925656475
masked,C,all,stationary,family0057_detach,family0057,10,2.2294974070973694,2.7245707693509758
masked,C,target,near_establish,family0057_detach,family0057,5,1.7276335274800658,2.9160067439079285
masked,C,tool,near_establish,family0057_detach,family0057,5,1.444178051315248,1.8845584359951317
masked,C,all,near_establish,family0057_detach,family0057,5,1.5859058126807213,2.4002826306968927
masked,C,target,moving,family0057_detach,family0057,11,2.945038394748487,4.257817900824276
masked,C,tool,moving,family0057_detach,family0057,11,3.9529047737067398,3.9070211827162313
masked,C,all,moving,family0057_detach,family0057,11,3.4489718011834403,4.082419613206929
masked,stationary,target,near_release,family0057_detach,family0057,5,5.012519865519494,7.005214933237625
masked,stationary,tool,near_release,family0057_detach,family0057,5,20.015011727809906,32.72777386009693
masked,stationary,all,near_release,family0057_detach,family0057,5,12.513765692710876,19.866495206952095
masked,stationary,target,all,family0057_engage_pull,family0057,21,5.475006533716185,9.308841586490738
masked,stationary,target,engage_pull,family0057_engage_pull,family0057,21,5.475006533716185,9.308841586490738
masked,stationary,target,stationary,family0057_engage_pull,family0057,3,3.1134241259186034e-05,2.9781373219369318e-05
masked,stationary,tool,all,family0057_engage_pull,family0057,21,6.771333959131014,11.359730114539465
masked,stationary,tool,engage_pull,family0057_engage_pull,family0057,21,6.771333959131014,11.359730114539465
masked,stationary,tool,stationary,family0057_engage_pull,family0057,3,6.111087743192911,10.704935217897097
masked,stationary,all,all,family0057_engage_pull,family0057,21,6.123170167917297,10.334285907447338
masked,stationary,all,engage_pull,family0057_engage_pull,family0057,21,6.123170167917297,10.334285907447338
masked,stationary,all,stationary,family0057_engage_pull,family0057,3,3.0555596264700093,5.352482044448455
masked,stationary,target,near_establish,family0057_engage_pull,family0057,5,2.307550878584408,4.614567875351128
masked,stationary,tool,near_establish,family0057_engage_pull,family0057,5,6.881086714565754,11.46535612642765
masked,stationary,all,near_establish,family0057_engage_pull,family0057,5,4.594318894669414,8.039961848407984
masked,stationary,target,moving,family0057_engage_pull,family0057,18,6.387502433628672,10.860310220676991
masked,stationary,tool,moving,family0057_engage_pull,family0057,18,6.881374995120698,11.468862597313192
masked,stationary,all,moving,family0057_engage_pull,family0057,18,6.634438591491845,11.164586551280486
masked,stationary,target,all,family0057_pass_by,family0057,21,2.590008284032917e-05,2.7984828295960335e-05
masked,stationary,target,pass_by,family0057_pass_by,family0057,21,2.590008284032917e-05,2.7984828295960335e-05
masked,stationary,target,stationary,family0057_pass_by,family0057,21,2.590008284032917e-05,2.7984828295960335e-05
masked,stationary,tool,all,family0057_pass_by,family0057,21,6.422142642328427,10.792293452790805
masked,stationary,tool,pass_by,family0057_pass_by,family0057,21,6.422142642328427,10.792293452790805
masked,stationary,tool,stationary,family0057_pass_by,family0057,21,6.422142642328427,10.792293452790805
masked,stationary,all,all,family0057_pass_by,family0057,21,3.2110842155470025,5.396160629710981
masked,stationary,all,pass_by,family0057_pass_by,family0057,21,3.2110842155470025,5.396160629710981
masked,stationary,all,stationary,family0057_pass_by,family0057,21,3.2110842155470025,5.396160629710981
masked,stationary,target,all,family0069_detach,family0069,21,4.219153235553024,7.024744731988908
masked,stationary,target,detach,family0069_detach,family0069,21,4.219153235553024,7.024744731988908
masked,stationary,target,stationary,family0069_detach,family0069,11,0.027852544259813913,0.13838280033517947
masked,stationary,tool,all,family0069_detach,family0069,21,13.545452933093268,22.840646805153007
masked,stationary,tool,detach,family0069_detach,family0069,21,13.545452933093268,22.840646805153007
masked,stationary,tool,stationary,family0069_detach,family0069,11,10.485282347706908,17.742751420221545
masked,stationary,all,all,family0069_detach,family0069,21,8.882303076374921,14.932695421434584
masked,stationary,all,detach,family0069_detach,family0069,21,8.882303076374921,14.932695421434584
masked,stationary,all,stationary,family0069_detach,family0069,11,5.256567314394157,8.940566500479525
masked,stationary,target,near_establish,family0069_detach,family0069,5,3.4953890727841497,7.278428548239191
masked,stationary,tool,near_establish,family0069_detach,family0069,5,7.192110642790794,13.183630630373955
masked,stationary,all,near_establish,family0069_detach,family0069,5,5.343749560415745,10.231029894202948
masked,stationary,target,moving,family0069_detach,family0069,10,8.829583995975554,14.599742856808007
masked,stationary,tool,moving,family0069_detach,family0069,10,16.91164057701826,28.448331728577614
masked,stationary,all,moving,family0069_detach,family0069,10,12.870612414553761,21.52403723448515
masked,constant_velocity,target,near_release,family0057_detach,family0057,5,4.369604562930363,7.593932279405635
masked,constant_velocity,tool,near_release,family0057_detach,family0057,5,13.28160110861063,22.69136682152748
masked,constant_velocity,all,near_release,family0057_detach,family0057,5,8.82560284808278,15.142649598419666
masked,constant_velocity,target,all,family0057_engage_pull,family0057,21,3.051521671903484,5.2773589306207995
masked,constant_velocity,target,engage_pull,family0057_engage_pull,family0057,21,3.051521671903484,5.2773589306207995
masked,constant_velocity,target,stationary,family0057_engage_pull,family0057,3,8.544582523010528e-05,0.00012303870692657407
masked,constant_velocity,tool,all,family0057_engage_pull,family0057,21,3.398101835305819,5.7395270287521445
masked,constant_velocity,tool,engage_pull,family0057_engage_pull,family0057,21,3.398101835305819,5.7395270287521445
masked,constant_velocity,tool,stationary,family0057_engage_pull,family0057,3,3.8695946180572114,6.96924530590574
masked,constant_velocity,all,all,family0057_engage_pull,family0057,21,3.2248117994250998,5.508442930433722
masked,constant_velocity,all,engage_pull,family0057_engage_pull,family0057,21,3.2248117994250998,5.508442930433722
masked,constant_velocity,all,stationary,family0057_engage_pull,family0057,3,1.9348399170363944,3.484683965022365
masked,constant_velocity,target,near_establish,family0057_engage_pull,family0057,5,1.948521403013359,4.04857304294417
masked,constant_velocity,tool,near_establish,family0057_engage_pull,family0057,5,3.259560838341713,5.437950138002634
masked,constant_velocity,all,near_establish,family0057_engage_pull,family0057,5,2.6040411787107587,4.743261495605111
masked,constant_velocity,target,moving,family0057_engage_pull,family0057,18,3.5600943762498596,6.156898245939778
masked,constant_velocity,tool,moving,family0057_engage_pull,family0057,18,3.319519704847254,5.534573982559879
masked,constant_velocity,all,moving,family0057_engage_pull,family0057,18,3.4398071131565504,5.845736091335614
masked,constant_velocity,target,all,family0057_pass_by,family0057,21,5.108122661364892e-05,7.142011934238976e-05
masked,constant_velocity,target,pass_by,family0057_pass_by,family0057,21,5.108122661364892e-05,7.142011934238976e-05
masked,constant_velocity,target,stationary,family0057_pass_by,family0057,21,5.108122661364892e-05,7.142011934238976e-05
masked,constant_velocity,tool,all,family0057_pass_by,family0057,21,3.637678594151068,6.151309486345521
masked,constant_velocity,tool,pass_by,family0057_pass_by,family0057,21,3.637678594151068,6.151309486345521
masked,constant_velocity,tool,stationary,family0057_pass_by,family0057,21,3.637678594151068,6.151309486345521
masked,constant_velocity,all,all,family0057_pass_by,family0057,21,1.8188647837156342,3.075690449415041
masked,constant_velocity,all,pass_by,family0057_pass_by,family0057,21,1.8188647837156342,3.075690449415041
masked,constant_velocity,all,stationary,family0057_pass_by,family0057,21,1.8188647837156342,3.075690449415041
masked,constant_velocity,target,all,family0069_detach,family0069,21,3.1789332862474784,5.603869045142995
masked,constant_velocity,target,detach,family0069_detach,family0069,21,3.1789332862474784,5.603869045142995
masked,constant_velocity,target,stationary,family0069_detach,family0069,11,0.30950610340854917,0.6078247759633887
masked,constant_velocity,tool,all,family0069_detach,family0069,21,8.366080250457994,14.949471678673511
masked,constant_velocity,tool,detach,family0069_detach,family0069,21,8.366080250457994,14.949471678673511
masked,constant_velocity,tool,stationary,family0069_detach,family0069,11,6.735854041339322,11.552434478124434
masked,constant_velocity,all,all,family0069_detach,family0069,21,5.772506868067596,10.276670307142748
masked,constant_velocity,all,detach,family0069_detach,family0069,21,5.772506868067596,10.276670307142748
masked,constant_velocity,all,stationary,family0069_detach,family0069,11,3.5226800246164203,6.0801297447390175
masked,constant_velocity,target,near_establish,family0069_detach,family0069,5,2.943381507404297,6.370858689253112
masked,constant_velocity,tool,near_establish,family0069_detach,family0069,5,3.7655884632840753,7.892786199226975
masked,constant_velocity,all,near_establish,family0069_detach,family0069,5,3.3544849138706923,7.131822663359344
masked,constant_velocity,target,moving,family0069_detach,family0069,10,6.3353031873703,11.099517741240561
masked,constant_velocity,tool,moving,family0069_detach,family0069,10,10.159329080488533,18.686212599277496
masked,constant_velocity,all,moving,family0069_detach,family0069,10,8.24731639586389,14.892864925786853
masked,A,target,near_release,family0057_detach,family0057,5,3.013776824809611,4.266126966103911
masked,A,tool,near_release,family0057_detach,family0057,5,10.444168746471405,16.034483816474676
masked,A,all,near_release,family0057_detach,family0057,5,6.728973099961877,10.150305181741714
masked,A,target,all,family0057_engage_pull,family0057,21,1.6127551456780307,2.083593256039811
masked,A,target,engage_pull,family0057_engage_pull,family0057,21,1.6127551456780307,2.083593256039811
masked,A,target,stationary,family0057_engage_pull,family0057,3,1.5464767736072342,2.6492765561367073
masked,A,tool,all,family0057_engage_pull,family0057,21,1.2542387869741236,1.6081013517188174
masked,A,tool,engage_pull,family0057_engage_pull,family0057,21,1.2542387869741236,1.6081013517188174
masked,A,tool,stationary,family0057_engage_pull,family0057,3,1.3234372017905116,1.7992361293484767
masked,A,all,all,family0057_engage_pull,family0057,21,1.4334969871145273,1.8458472941780375
masked,A,all,engage_pull,family0057_engage_pull,family0057,21,1.4334969871145273,1.8458472941780375
masked,A,all,stationary,family0057_engage_pull,family0057,3,1.4349569876988728,2.2242563233400383
masked,A,target,near_establish,family0057_engage_pull,family0057,5,1.4482711907476187,2.214694465510547
masked,A,tool,near_establish,family0057_engage_pull,family0057,5,1.224742829799652,1.676622685045004
masked,A,all,near_establish,family0057_engage_pull,family0057,5,1.3365069637075067,1.945658610202372
masked,A,target,moving,family0057_engage_pull,family0057,18,1.6238015410231634,1.9893127060236617
masked,A,tool,moving,family0057_engage_pull,family0057,18,1.242705717838059,1.5762455554472075
masked,A,all,moving,family0057_engage_pull,family0057,18,1.4332536536838032,1.7827791226510372
masked,A,target,all,family0057_pass_by,family0057,21,0.9717818410579293,0.8719778436768267
masked,A,target,pass_by,family0057_pass_by,family0057,21,0.9717818410579293,0.8719778436768267
masked,A,target,stationary,family0057_pass_by,family0057,21,0.9717818410579293,0.8719778436768267
masked,A,tool,all,family0057_pass_by,family0057,21,1.110883282741443,1.399332532725696
masked,A,tool,pass_by,family0057_pass_by,family0057,21,1.110883282741443,1.399332532725696
masked,A,tool,stationary,family0057_pass_by,family0057,21,1.110883282741443,1.399332532725696
masked,A,all,all,family0057_pass_by,family0057,21,1.041332561899686,1.135655199288435
masked,A,all,pass_by,family0057_pass_by,family0057,21,1.041332561899686,1.135655199288435
masked,A,all,stationary,family0057_pass_by,family0057,21,1.041332561899686,1.135655199288435
masked,A,target,all,family0069_detach,family0069,21,2.1998210826755633,2.938583468286587
masked,A,target,detach,family0069_detach,family0069,21,2.1998210826755633,2.938583468286587
masked,A,target,stationary,family0069_detach,family0069,11,1.4032465035349808,1.916609180625528
masked,A,tool,all,family0069_detach,family0069,21,6.169062124432197,9.055895930422205
masked,A,tool,detach,family0069_detach,family0069,21,6.169062124432197,9.055895930422205
masked,A,tool,stationary,family0069_detach,family0069,11,5.563723685389215,8.349330587820573
masked,A,all,all,family0069_detach,family0069,21,4.184441519014182,5.997239545519863
masked,A,all,detach,family0069_detach,family0069,21,4.184441519014182,5.997239545519863
masked,A,all,stationary,family0069_detach,family0069,11,3.4834849330681292,5.132969881577248
masked,A,target,near_establish,family0069_detach,family0069,5,1.823933282867074,2.866230276413262
masked,A,tool,near_establish,family0069_detach,family0069,5,2.0308355102315545,3.1430019764229655
masked,A,all,near_establish,family0069_detach,family0069,5,1.9273844780400395,3.004615823738277
masked,A,target,moving,family0069_detach,family0069,10,3.0760531197302043,4.062755184713751
masked,A,tool,moving,family0069_detach,family0069,10,6.834934407379478,9.833117807283998
masked,A,all,moving,family0069_detach,family0069,10,4.955493763554841,6.947936175856739
masked,B,target,near_release,family0057_detach,family0057,5,1.8476123455911875,1.9723934819921851
masked,B,tool,near_release,family0057_detach,family0057,5,3.008683491498232,4.762609349563718
masked,B,all,near_release,family0057_detach,family0057,5,2.4281479185447097,3.367501450702548
masked,B,target,all,family0057_engage_pull,family0057,21,1.2263459475001408,1.7283930820191191
masked,B,target,engage_pull,family0057_engage_pull,family0057,21,1.2263459475001408,1.7283930820191191
masked,B,target,stationary,family0057_engage_pull,family0057,3,1.1220872790242236,1.772960841966172
masked,B,tool,all,family0057_engage_pull,family0057,21,0.8848414457003985,1.1031254627076643
masked,B,tool,engage_pull,family0057_engage_pull,family0057,21,0.8848414457003985,1.1031254627076643
masked,B,tool,stationary,family0057_engage_pull,family0057,3,1.3795640940467517,2.196609585856398
masked,B,all,all,family0057_engage_pull,family0057,21,1.0555937298617901,1.4157592779069783
masked,B,all,engage_pull,family0057_engage_pull,family0057,21,1.0555937298617901,1.4157592779069783
masked,B,all,stationary,family0057_engage_pull,family0057,3,1.2508256671329339,1.9847851945087314
masked,B,target,near_establish,family0057_engage_pull,family0057,5,1.3395746005699039,2.0691989455372095
masked,B,tool,near_establish,family0057_engage_pull,family0057,5,1.166965370066464,1.6120410175062716
masked,B,all,near_establish,family0057_engage_pull,family0057,5,1.2532699620351195,1.84061995241791
masked,B,target,moving,family0057_engage_pull,family0057,18,1.2437223922461271,1.7209651220279436
masked,B,tool,moving,family0057_engage_pull,family0057,18,0.8023876709760063,0.920878108849542
masked,B,all,moving,family0057_engage_pull,family0057,18,1.0230550736499329,1.3209216251400195
masked,B,target,all,family0057_pass_by,family0057,21,0.8502554043107444,0.8428980696148106
masked,B,target,pass_by,family0057_pass_by,family0057,21,0.8502554043107444,0.8428980696148106
masked,B,target,stationary,family0057_pass_by,family0057,21,0.8502554043107444,0.8428980696148106
masked,B,tool,all,family0057_pass_by,family0057,21,0.763243699025008,0.777745053970388
masked,B,tool,pass_by,family0057_pass_by,family0057,21,0.763243699025008,0.777745053970388
masked,B,tool,stationary,family0057_pass_by,family0057,21,0.763243699025008,0.777745053970388
masked,B,all,all,family0057_pass_by,family0057,21,0.8067495544396696,0.8103215617925993
masked,B,all,pass_by,family0057_pass_by,family0057,21,0.8067495544396696,0.8103215617925993
masked,B,all,stationary,family0057_pass_by,family0057,21,0.8067495544396696,0.8103215617925993
masked,B,target,all,family0069_detach,family0069,21,1.5596744183096147,2.0246173925919546
masked,B,target,detach,family0069_detach,family0069,21,1.5596744183096147,2.0246173925919546
masked,B,target,stationary,family0069_detach,family0069,11,1.1427685068073599,1.3163839096457444
masked,B,tool,all,family0069_detach,family0069,21,3.0176251034607136,4.626202851622587
masked,B,tool,detach,family0069_detach,family0069,21,3.0176251034607136,4.626202851622587
masked,B,tool,stationary,family0069_detach,family0069,11,2.482568935110149,3.599566058255732
masked,B,all,all,family0069_detach,family0069,21,2.2886497733582343,3.3254100930034403
masked,B,all,detach,family0069_detach,family0069,21,2.2886497733582343,3.3254100930034403
masked,B,all,stationary,family0069_detach,family0069,11,1.8126686971465296,2.45797497601333
masked,B,target,near_establish,family0069_detach,family0069,5,1.7791718477383256,2.9988926369696856
masked,B,tool,near_establish,family0069_detach,family0069,5,1.8500094884075224,3.1987865455448627
masked,B,all,near_establish,family0069_detach,family0069,5,1.8145906273275614,3.09883956797421
masked,B,target,moving,family0069_detach,family0069,10,2.0182709209620953,2.803674223832786
masked,B,tool,moving,family0069_detach,family0069,10,3.6061868886463344,5.755503324326128
masked,B,all,moving,family0069_detach,family0069,10,2.8122289571911097,4.279588721692562
masked,C,target,near_release,family0057_detach,family0057,5,2.8786670649424195,3.6496810615062714
masked,C,tool,near_release,family0057_detach,family0057,5,4.305376019328833,3.1830975553020835
masked,C,all,near_release,family0057_detach,family0057,5,3.592021483927965,3.416389413177967
masked,C,target,all,family0057_engage_pull,family0057,21,1.1218428096201802,1.547584770291689
masked,C,target,engage_pull,family0057_engage_pull,family0057,21,1.1218428096201802,1.547584770291689
masked,C,target,stationary,family0057_engage_pull,family0057,3,1.5763748281945784,2.625084132887423
masked,C,tool,all,family0057_engage_pull,family0057,21,1.1919985408894718,1.3839015044227598
masked,C,tool,engage_pull,family0057_engage_pull,family0057,21,1.1919985408894718,1.3839015044227598
masked,C,tool,stationary,family0057_engage_pull,family0057,3,1.650053037640949,2.107114104243616
masked,C,all,all,family0057_engage_pull,family0057,21,1.15692071128814,1.4657431082533938
masked,C,all,engage_pull,family0057_engage_pull,family0057,21,1.15692071128814,1.4657431082533938
masked,C,all,stationary,family0057_engage_pull,family0057,3,1.6132141075407465,2.36609911856552
masked,C,target,near_establish,family0057_engage_pull,family0057,5,1.7220278969034553,2.7097325306385756
masked,C,tool,near_establish,family0057_engage_pull,family0057,5,1.2950787669979036,1.5079790842719376
masked,C,all,near_establish,family0057_engage_pull,family0057,5,1.5085534192621708,2.1088558016344905
masked,C,target,moving,family0057_engage_pull,family0057,18,1.0460874731911138,1.3680015431924
masked,C,tool,moving,family0057_engage_pull,family0057,18,1.1156561247642256,1.2633660711192836
masked,C,all,moving,family0057_engage_pull,family0057,18,1.0808718119127054,1.3156837732013729
masked,C,target,all,family0057_pass_by,family0057,21,1.3689432636879029,1.6257908705267168
masked,C,target,pass_by,family0057_pass_by,family0057,21,1.3689432636879029,1.6257908705267168
masked,C,target,stationary,family0057_pass_by,family0057,21,1.3689432636879029,1.6257908705267168
masked,C,tool,all,family0057_pass_by,family0057,21,1.2688858800434641,1.414815723408191
masked,C,tool,pass_by,family0057_pass_by,family0057,21,1.2688858800434641,1.414815723408191
masked,C,tool,stationary,family0057_pass_by,family0057,21,1.2688858800434641,1.414815723408191
masked,C,all,all,family0057_pass_by,family0057,21,1.3189145995836173,1.52030326093414
masked,C,all,pass_by,family0057_pass_by,family0057,21,1.3189145995836173,1.52030326093414
masked,C,all,stationary,family0057_pass_by,family0057,21,1.3189145995836173,1.52030326093414
masked,C,target,all,family0069_detach,family0069,21,2.427987283140066,3.472200212334948
masked,C,target,detach,family0069_detach,family0069,21,2.427987283140066,3.472200212334948
masked,C,target,stationary,family0069_detach,family0069,11,1.79697848348455,2.3287016877227207
masked,C,tool,all,family0069_detach,family0069,21,3.838248828071214,3.9257769849860953
masked,C,tool,detach,family0069_detach,family0069,21,3.838248828071214,3.9257769849860953
masked,C,tool,stationary,family0069_detach,family0069,11,3.3004453765567052,3.639403794130141
masked,C,all,all,family0069_detach,family0069,21,3.1331180472902598,3.698988645781009
masked,C,all,detach,family0069_detach,family0069,21,3.1331180472902598,3.698988645781009
masked,C,all,stationary,family0069_detach,family0069,11,2.548711924729022,2.9840527568012476
masked,C,target,near_establish,family0069_detach,family0069,5,2.236990677192807,3.826693771407008
masked,C,tool,near_establish,family0069_detach,family0069,5,2.362896758131683,3.307243110612035
masked,C,all,near_establish,family0069_detach,family0069,5,2.2999437525868416,3.5669686505571008
masked,C,target,moving,family0069_detach,family0069,10,3.122096962761134,4.730048589408398
masked,C,tool,moving,family0069_detach,family0069,10,4.429832624737173,4.240787494927645
masked,C,all,moving,family0069_detach,family0069,10,3.7759647821076214,4.4854181236587465
masked,stationary,target,near_release,family0069_detach,family0069,5,3.938103570443019,5.450256042213653
masked,stationary,tool,near_release,family0069_detach,family0069,5,18.563436903059483,30.179056525230408
masked,stationary,all,near_release,family0069_detach,family0069,5,11.25077037140727,17.814655229449272
masked,stationary,target,all,family0069_engage_pull,family0069,21,4.597698965092772,7.828027956376461
masked,stationary,target,engage_pull,family0069_engage_pull,family0069,21,4.597698965092772,7.828027956376461
masked,stationary,target,stationary,family0069_engage_pull,family0069,5,0.059644669781278026,0.29808345069284314
masked,stationary,tool,all,family0069_engage_pull,family0069,21,5.9713882482832386,10.119442827999592
masked,stationary,tool,engage_pull,family0069_engage_pull,family0069,21,5.9713882482832386,10.119442827999592
masked,stationary,tool,stationary,family0069_engage_pull,family0069,5,4.872204642742872,8.819922804832458
masked,stationary,all,all,family0069_engage_pull,family0069,21,5.284543753424216,8.973735384643078
masked,stationary,all,engage_pull,family0069_engage_pull,family0069,21,5.284543753424216,8.973735384643078
masked,stationary,all,stationary,family0069_engage_pull,family0069,5,2.465924550779164,4.559003002941608
masked,stationary,target,near_establish,family0069_engage_pull,family0069,5,2.852564121030099,5.445015204111314
masked,stationary,tool,near_establish,family0069_engage_pull,family0069,5,6.307178270071745,10.509713180363178
masked,stationary,all,near_establish,family0069_engage_pull,family0069,5,4.579871473833919,7.9773640260100365
masked,stationary,target,moving,family0069_engage_pull,family0069,16,6.015840932377614,10.181135614402592
masked,stationary,tool,moving,family0069_engage_pull,family0069,16,6.314883125014603,10.525542835239321
masked,stationary,all,moving,family0069_engage_pull,family0069,16,6.165362254250795,10.353339253924787
masked,stationary,target,all,family0069_pass_by,family0069,21,2.7460627634246477e-05,2.453831100217891e-05
masked,stationary,target,pass_by,family0069_pass_by,family0069,21,2.7460627634246477e-05,2.453831100217891e-05
masked,stationary,target,stationary,family0069_pass_by,family0069,21,2.7460627634246477e-05,2.453831100217891e-05
masked,stationary,tool,all,family0069_pass_by,family0069,21,6.842442799270863,11.518377345055342
masked,stationary,tool,pass_by,family0069_pass_by,family0069,21,6.842442799270863,11.518377345055342
masked,stationary,tool,stationary,family0069_pass_by,family0069,21,6.842442799270863,11.518377345055342
masked,stationary,all,all,family0069_pass_by,family0069,21,3.4212350257716717,5.759200979290264
masked,stationary,all,pass_by,family0069_pass_by,family0069,21,3.4212350257716717,5.759200979290264
masked,stationary,all,stationary,family0069_pass_by,family0069,21,3.4212350257716717,5.759200979290264
masked,stationary,target,all,family0079_detach,family0079,21,4.9287258924827375,8.178183370626257
masked,stationary,target,detach,family0079_detach,family0079,21,4.9287258924827375,8.178183370626257
masked,stationary,target,stationary,family0079_detach,family0079,10,0.022362729124658642,0.11094136787921371
masked,stationary,tool,all,family0079_detach,family0079,21,15.038036375439592,25.354292221544753
masked,stationary,tool,detach,family0079_detach,family0079,21,15.038036375439592,25.354292221544753
masked,stationary,tool,stationary,family0079_detach,family0079,10,12.604112434200943,21.095178788527846
masked,stationary,all,all,family0079_detach,family0079,21,9.983381045804848,16.766237749141595
masked,stationary,all,detach,family0079_detach,family0079,21,9.983381045804848,16.766237749141595
masked,stationary,all,stationary,family0079_detach,family0079,10,6.313237803988159,10.603060363791883
masked,stationary,target,near_establish,family0079_detach,family0079,5,3.244620747586069,6.5684294636874085
masked,stationary,tool,near_establish,family0079_detach,family0079,5,7.668668404221535,13.021539524197578
masked,stationary,all,near_establish,family0079_detach,family0079,5,5.456644715741277,9.794984105974436
masked,stationary,target,moving,family0079_detach,family0079,11,9.389056040990083,15.512039736759933
masked,stationary,tool,moving,family0079_detach,family0079,11,17.250694503838364,29.2262135242874
masked,stationary,all,moving,family0079_detach,family0079,11,13.319874902001835,22.3691262812777
masked,stationary,target,near_release,family0079_detach,family0079,5,4.443137865648339,6.122834440562741
masked,stationary,tool,near_release,family0079_detach,family0079,5,21.009689942002296,34.4397246837616
masked,stationary,all,near_release,family0079_detach,family0079,5,12.72641345858574,20.281280763447285
masked,constant_velocity,target,near_release,family0069_detach,family0069,5,3.740825554014293,5.934608449381074
masked,constant_velocity,tool,near_release,family0069_detach,family0069,5,12.986933067440987,21.97561003267765
masked,constant_velocity,all,near_release,family0069_detach,family0069,5,8.363879285752773,13.955109752714634
masked,constant_velocity,target,all,family0069_engage_pull,family0069,21,2.1396132881651484,3.731499431128308
masked,constant_velocity,target,engage_pull,family0069_engage_pull,family0069,21,2.1396132881651484,3.731499431128308
masked,constant_velocity,target,stationary,family0069_engage_pull,family0069,5,0.05966637161947119,0.2981211737036915
masked,constant_velocity,tool,all,family0069_engage_pull,family0069,21,2.8241928092332578,4.8741832584450355
masked,constant_velocity,tool,engage_pull,family0069_engage_pull,family0069,21,2.8241928092332578,4.8741832584450355
masked,constant_velocity,tool,stationary,family0069_engage_pull,family0069,5,3.208435163833201,6.048692623153329
masked,constant_velocity,all,all,family0069_engage_pull,family0069,21,2.4819031075042273,4.302841378375888
masked,constant_velocity,all,engage_pull,family0069_engage_pull,family0069,21,2.4819031075042273,4.302841378375888
masked,constant_velocity,all,stationary,family0069_engage_pull,family0069,5,1.6340506845153868,3.1734068877995014
masked,constant_velocity,target,near_establish,family0069_engage_pull,family0069,5,2.43620847962589,4.750622600142407
masked,constant_velocity,tool,near_establish,family0069_engage_pull,family0069,5,2.3323548957705498,3.8851153338328004
masked,constant_velocity,all,near_establish,family0069_engage_pull,family0069,5,2.3842817405238748,4.317869106307626
masked,constant_velocity,target,moving,family0069_engage_pull,family0069,16,2.7895966995856725,4.804430136573501
masked,constant_velocity,tool,moving,family0069_engage_pull,family0069,16,2.7041170734207753,4.507149081973694
masked,constant_velocity,all,moving,family0069_engage_pull,family0069,16,2.74685698968824,4.655789656681009
masked,constant_velocity,target,all,family0069_pass_by,family0069,21,5.375508681568352e-05,7.148399459668196e-05
masked,constant_velocity,target,pass_by,family0069_pass_by,family0069,21,5.375508681568352e-05,7.148399459668196e-05
masked,constant_velocity,target,stationary,family0069_pass_by,family0069,21,5.375508681568352e-05,7.148399459668196e-05
masked,constant_velocity,tool,all,family0069_pass_by,family0069,21,3.8802531891546788,6.5813021667833835
masked,constant_velocity,tool,pass_by,family0069_pass_by,family0069,21,3.8802531891546788,6.5813021667833835
masked,constant_velocity,tool,stationary,family0069_pass_by,family0069,21,3.8802531891546788,6.5813021667833835
masked,constant_velocity,all,all,family0069_pass_by,family0069,21,1.9401534698859213,3.290686795177559
masked,constant_velocity,all,pass_by,family0069_pass_by,family0069,21,1.9401534698859213,3.290686795177559
masked,constant_velocity,all,stationary,family0069_pass_by,family0069,21,1.9401534698859213,3.290686795177559
masked,constant_velocity,target,all,family0079_detach,family0079,21,3.256970934854748,5.885724098329838
masked,constant_velocity,target,detach,family0079_detach,family0079,21,3.256970934854748,5.885724098329838
masked,constant_velocity,target,stationary,family0079_detach,family0079,10,0.1686025791265422,0.35471024056246137
masked,constant_velocity,tool,all,family0079_detach,family0079,21,8.947914410825996,15.721813587117053
masked,constant_velocity,tool,detach,family0079_detach,family0079,21,8.947914410825996,15.721813587117053
masked,constant_velocity,tool,stationary,family0079_detach,family0079,10,8.023767988197505,13.697139616124332
masked,constant_velocity,all,all,family0079_detach,family0079,21,6.1024428439503975,10.803768655196542
masked,constant_velocity,all,detach,family0079_detach,family0079,21,6.1024428439503975,10.803768655196542
masked,constant_velocity,all,stationary,family0079_detach,family0079,10,4.096185421803966,7.0259250700473785
masked,constant_velocity,target,near_establish,family0079_detach,family0079,5,2.360651141171388,4.993404449986372
masked,constant_velocity,tool,near_establish,family0079_detach,family0079,5,2.9745104489848018,5.41555886156857
masked,constant_velocity,all,near_establish,family0079_detach,family0079,5,2.66758092911914,5.2044817712157965
masked,constant_velocity,target,moving,family0079_detach,family0079,11,6.0645785309713,10.913918514481999
masked,constant_velocity,tool,moving,family0079_detach,family0079,11,9.788047522306442,17.562426288019527
masked,constant_velocity,all,moving,family0079_detach,family0079,11,7.926313227719882,14.238171914423054
masked,constant_velocity,target,near_release,family0079_detach,family0079,5,3.9727749200579865,7.197158918293667
masked,constant_velocity,tool,near_release,family0079_detach,family0079,5,13.739894703030586,22.82755048945546
masked,constant_velocity,all,near_release,family0079_detach,family0079,5,8.856335189193487,15.012354217469692
masked,A,target,near_release,family0069_detach,family0069,5,2.8039807686582208,3.860489255748689
masked,A,tool,near_release,family0069_detach,family0069,5,10.469751805067062,15.736671537160873
masked,A,all,near_release,family0069_detach,family0069,5,6.6368660889565945,9.798580128699541
masked,A,target,all,family0069_engage_pull,family0069,21,1.1900890773783128,1.5126287582374753
masked,A,target,engage_pull,family0069_engage_pull,family0069,21,1.1900890773783128,1.5126287582374753
masked,A,target,stationary,family0069_engage_pull,family0069,5,1.5076924348250031,2.5345148285850883
masked,A,tool,all,family0069_engage_pull,family0069,21,1.3759976746292697,1.8535879207774997
masked,A,tool,engage_pull,family0069_engage_pull,family0069,21,1.3759976746292697,1.8535879207774997
masked,A,tool,stationary,family0069_engage_pull,family0069,5,2.066202217247337,2.4648435413837433
masked,A,all,all,family0069_engage_pull,family0069,21,1.2830433884768613,1.683108342279281
masked,A,all,engage_pull,family0069_engage_pull,family0069,21,1.2830433884768613,1.683108342279281
masked,A,all,stationary,family0069_engage_pull,family0069,5,1.7869472736492753,2.4996792199090123
masked,A,target,near_establish,family0069_engage_pull,family0069,5,1.705878903158009,2.2362332325428724
masked,A,tool,near_establish,family0069_engage_pull,family0069,5,1.254522881936282,1.9175209337845445
masked,A,all,near_establish,family0069_engage_pull,family0069,5,1.4802009332925081,2.076877048239112
masked,A,target,moving,family0069_engage_pull,family0069,16,1.090838028176222,1.1932893612538464
masked,A,tool,moving,family0069_engage_pull,family0069,16,1.1603087550611235,1.6625705393380485
masked,A,all,moving,family0069_engage_pull,family0069,16,1.125573424360482,1.4279299430199899
masked,A,target,all,family0069_pass_by,family0069,21,0.8039789667929567,1.0421068069436366
masked,A,target,pass_by,family0069_pass_by,family0069,21,0.8039789667929567,1.0421068069436366
masked,A,target,stationary,family0069_pass_by,family0069,21,0.8039789667929567,1.0421068069436366
masked,A,tool,all,family0069_pass_by,family0069,21,1.1422471198741169,1.4213620951133115
masked,A,tool,pass_by,family0069_pass_by,family0069,21,1.1422471198741169,1.4213620951133115
masked,A,tool,stationary,family0069_pass_by,family0069,21,1.1422471198741169,1.4213620951133115
masked,A,all,all,family0069_pass_by,family0069,21,0.973113077980954,1.231734424696437
masked,A,all,pass_by,family0069_pass_by,family0069,21,0.973113077980954,1.231734424696437
masked,A,all,stationary,family0069_pass_by,family0069,21,0.973113077980954,1.231734424696437
masked,A,target,all,family0079_detach,family0079,21,2.313639159269986,3.339170715272693
masked,A,target,detach,family0079_detach,family0079,21,2.313639159269986,3.339170715272693
masked,A,target,stationary,family0079_detach,family0079,10,1.1993464198894799,1.4082888228585944
masked,A,tool,all,family0079_detach,family0079,21,6.8980618241420455,10.097575385034794
masked,A,tool,detach,family0079_detach,family0079,21,6.8980618241420455,10.097575385034794
masked,A,tool,stationary,family0079_detach,family0079,10,6.745147338369861,9.718413720838726
masked,A,all,all,family0079_detach,family0079,21,4.605850415481698,6.718372876223709
masked,A,all,detach,family0079_detach,family0079,21,4.605850415481698,6.718372876223709
masked,A,all,stationary,family0079_detach,family0079,10,3.9722468121908605,5.563350929878652
masked,A,target,near_establish,family0079_detach,family0079,5,1.5192083781585097,2.497811266221106
masked,A,tool,near_establish,family0079_detach,family0079,5,1.4386671246029437,2.112459670752287
masked,A,all,near_establish,family0079_detach,family0079,5,1.4789376873522997,2.3051354335621
masked,A,target,moving,family0079_detach,family0079,11,3.3266325587068093,5.0945178901946
masked,A,tool,moving,family0079_detach,family0079,11,7.0370749930258505,10.44226780703122
masked,A,all,moving,family0079_detach,family0079,11,5.181853691200641,7.768392827446488
masked,A,target,near_release,family0079_detach,family0079,5,2.9938921332359314,4.185502021573484
masked,A,tool,near_release,family0079_detach,family0079,5,11.749870702624321,18.36290918290615
masked,A,all,near_release,family0079_detach,family0079,5,7.371881417930126,11.274205148220062
masked,B,target,near_release,family0069_detach,family0069,5,1.7999291885644197,2.0213742973282933
masked,B,tool,near_release,family0069_detach,family0069,5,3.537542838603258,5.397334415465593
masked,B,all,near_release,family0069_detach,family0069,5,2.668736083433032,3.7093542516231537
masked,B,target,all,family0069_engage_pull,family0069,21,1.080072232677291,1.4590151286462234
masked,B,target,engage_pull,family0069_engage_pull,family0069,21,1.080072232677291,1.4590151286462234
masked,B,target,stationary,family0069_engage_pull,family0069,5,1.1829855386167765,1.7774217296391726
masked,B,tool,all,family0069_engage_pull,family0069,21,1.2008343778905415,1.7641622828142274
masked,B,tool,engage_pull,family0069_engage_pull,family0069,21,1.2008343778905415,1.7641622828142274
masked,B,tool,stationary,family0069_engage_pull,family0069,5,1.5103024546988308,1.9538909662514925
masked,B,all,all,family0069_engage_pull,family0069,21,1.1404533094416063,1.6115887168173988
masked,B,all,engage_pull,family0069_engage_pull,family0069,21,1.1404533094416063,1.6115887168173988
masked,B,all,stationary,family0069_engage_pull,family0069,5,1.3466440374031663,1.865656371228397
masked,B,target,near_establish,family0069_engage_pull,family0069,5,1.5024797525256872,2.0118872518651187
masked,B,tool,near_establish,family0069_engage_pull,family0069,5,1.022949384059757,1.5481421491131186
masked,B,all,near_establish,family0069_engage_pull,family0069,5,1.2627145508304238,1.7800147645175457
masked,B,target,moving,family0069_engage_pull,family0069,16,1.0479118245712016,1.3595130658359267
masked,B,tool,moving,family0069_engage_pull,family0069,16,1.104125603887951,1.704872069240082
masked,B,all,moving,family0069_engage_pull,family0069,16,1.0760187069536187,1.532192574813962
masked,B,target,all,family0069_pass_by,family0069,21,0.7770325256777662,0.9324842276761219
masked,B,target,pass_by,family0069_pass_by,family0069,21,0.7770325256777662,0.9324842276761219
masked,B,target,stationary,family0069_pass_by,family0069,21,0.7770325256777662,0.9324842276761219
masked,B,tool,all,family0069_pass_by,family0069,21,0.985550458565177,1.1289508963402892
masked,B,tool,pass_by,family0069_pass_by,family0069,21,0.985550458565177,1.1289508963402892
masked,B,tool,stationary,family0069_pass_by,family0069,21,0.985550458565177,1.1289508963402892
masked,B,all,all,family0069_pass_by,family0069,21,0.8812914851919881,1.030717568937689
masked,B,all,pass_by,family0069_pass_by,family0069,21,0.8812914851919881,1.030717568937689
masked,B,all,stationary,family0069_pass_by,family0069,21,0.8812914851919881,1.030717568937689
masked,B,target,all,family0079_detach,family0079,21,1.5810213073910702,2.286863025455248
masked,B,target,detach,family0079_detach,family0079,21,1.5810213073910702,2.286863025455248
masked,B,target,stationary,family0079_detach,family0079,10,0.9786249254830182,1.1028400156646967
masked,B,tool,all,family0079_detach,family0079,21,3.0014045436733534,4.605105146765709
masked,B,tool,detach,family0079_detach,family0079,21,3.0014045436733534,4.605105146765709
masked,B,tool,stationary,family0079_detach,family0079,10,2.642272552475333,3.369430755265057
masked,B,all,all,family0079_detach,family0079,21,2.2912128784117245,3.4459839918695034
masked,B,all,detach,family0079_detach,family0079,21,2.2912128784117245,3.4459839918695034
masked,B,all,stationary,family0079_detach,family0079,10,1.8104485934600234,2.2361353505402803
masked,B,target,near_establish,family0079_detach,family0079,5,1.4787203166633844,2.5155408307909966
masked,B,tool,near_establish,family0079_detach,family0079,5,1.5008601127192378,2.4247920140624046
masked,B,all,near_establish,family0079_detach,family0079,5,1.4897901332005858,2.4701663060113788
masked,B,target,moving,family0079_detach,family0079,11,2.1286543818529355,3.3632475798102943
masked,B,tool,moving,family0079_detach,family0079,11,3.3278881720351903,5.728445502675393
masked,B,all,moving,family0079_detach,family0079,11,2.728271319276907,4.5458463930778885
masked,B,target,near_release,family0079_detach,family0079,5,1.667294220533222,1.9595516961999238
masked,B,tool,near_release,family0079_detach,family0079,5,3.5485879983752966,5.387860769405961
masked,B,all,near_release,family0079_detach,family0079,5,2.6079411152750254,3.6737062502652407
masked,C,target,near_release,family0069_detach,family0069,5,2.7785531245172024,3.8554010447114706
masked,C,tool,near_release,family0069_detach,family0069,5,5.092668766155839,4.72115317825228
masked,C,all,near_release,family0069_detach,family0069,5,3.93561078235507,4.288277169689536
masked,C,target,all,family0069_engage_pull,family0069,21,1.1731870361559449,1.409222441171074
masked,C,target,engage_pull,family0069_engage_pull,family0069,21,1.1731870361559449,1.409222441171074
masked,C,target,stationary,family0069_engage_pull,family0069,5,1.787816104479134,2.310496149584651
masked,C,tool,all,family0069_engage_pull,family0069,21,1.594995835884696,1.9684782905858897
masked,C,tool,engage_pull,family0069_engage_pull,family0069,21,1.594995835884696,1.9684782905858897
masked,C,tool,stationary,family0069_engage_pull,family0069,5,1.8995540216565132,1.8003950826823711
masked,C,all,all,family0069_engage_pull,family0069,21,1.3840914027587998,1.6888503949823124
masked,C,all,engage_pull,family0069_engage_pull,family0069,21,1.3840914027587998,1.6888503949823124
masked,C,all,stationary,family0069_engage_pull,family0069,5,1.843685028143227,2.05544566269964
masked,C,target,near_establish,family0069_engage_pull,family0069,5,1.7580696381628513,2.5978635298088193
masked,C,tool,near_establish,family0069_engage_pull,family0069,5,1.4275786932557821,1.651709759607911
masked,C,all,near_establish,family0069_engage_pull,family0069,5,1.5928240958601236,2.1247865865007043
masked,C,target,moving,family0069_engage_pull,family0069,16,0.9811154523049481,1.1275744072918314
masked,C,tool,moving,family0069_engage_pull,family0069,16,1.499821402831003,2.0210042930557393
masked,C,all,moving,family0069_engage_pull,family0069,16,1.2404683948261663,1.5742893738206476
masked,C,target,all,family0069_pass_by,family0069,21,1.5673005310375066,1.5169120105426936
masked,C,target,pass_by,family0069_pass_by,family0069,21,1.5673005310375066,1.5169120105426936
masked,C,target,stationary,family0069_pass_by,family0069,21,1.5673005310375066,1.5169120105426936
masked,C,tool,all,family0069_pass_by,family0069,21,1.4522662330862313,1.5831868762948684
masked,C,tool,pass_by,family0069_pass_by,family0069,21,1.4522662330862313,1.5831868762948684
masked,C,tool,stationary,family0069_pass_by,family0069,21,1.4522662330862313,1.5831868762948684
masked,C,all,all,family0069_pass_by,family0069,21,1.509783368202902,1.5500494600495411
masked,C,all,pass_by,family0069_pass_by,family0069,21,1.509783368202902,1.5500494600495411
masked,C,all,stationary,family0069_pass_by,family0069,21,1.509783368202902,1.5500494600495411
masked,C,target,all,family0079_detach,family0079,21,2.3367700798969184,3.1882213301114026
masked,C,target,detach,family0079_detach,family0079,21,2.3367700798969184,3.1882213301114026
masked,C,target,stationary,family0079_detach,family0079,10,1.3423601281829178,1.4106558926869184
masked,C,tool,all,family0079_detach,family0079,21,3.685589913012726,3.9084346166678836
masked,C,tool,detach,family0079_detach,family0079,21,3.685589913012726,3.9084346166678836
masked,C,tool,stationary,family0079_detach,family0079,10,3.137982019688934,3.2971940701827407
masked,C,all,all,family0079_detach,family0079,21,3.011179860636947,3.5483279886345067
masked,C,all,detach,family0079_detach,family0079,21,3.011179860636947,3.5483279886345067
masked,C,all,stationary,family0079_detach,family0079,10,2.240171132143587,2.3539249668829143
masked,C,target,near_establish,family0079_detach,family0079,5,1.58945401199162,2.8916148701682687
masked,C,tool,near_establish,family0079_detach,family0079,5,1.5311441849917173,2.4234097683802247
masked,C,all,near_establish,family0079_detach,family0079,5,1.5602990984916687,2.6575123658403754
masked,C,target,moving,family0079_detach,family0079,11,3.240779126909646,4.804189909588207
masked,C,tool,moving,family0079_detach,family0079,11,4.183415270579809,4.464107840745286
masked,C,all,moving,family0079_detach,family0079,11,3.7120968865400013,4.634148917499591
masked,C,target,near_release,family0079_detach,family0079,5,2.749252784997225,3.330970252864063
masked,C,tool,near_release,family0079_detach,family0079,5,3.9668757934123278,2.924635633826256
masked,C,all,near_release,family0079_detach,family0079,5,3.3580643590539694,3.1278028152883053
masked,stationary,target,all,family0079_engage_pull,family0079,21,5.820699840473678,9.90269696189641
masked,stationary,target,engage_pull,family0079_engage_pull,family0079,21,5.820699840473678,9.90269696189641
masked,stationary,target,stationary,family0079_engage_pull,family0079,4,0.05535080260621328,0.2766792583521749
masked,stationary,tool,all,family0079_engage_pull,family0079,21,7.1821887866549545,12.171346450313216
masked,stationary,tool,engage_pull,family0079_engage_pull,family0079,21,7.1821887866549545,12.171346450313216
masked,stationary,tool,stationary,family0079_engage_pull,family0079,4,5.427594936918467,10.100942919962108
masked,stationary,all,all,family0079_engage_pull,family0079,21,6.5014444047673825,11.037021598202132
masked,stationary,all,engage_pull,family0079_engage_pull,family0079,21,6.5014444047673825,11.037021598202132
masked,stationary,all,stationary,family0079_engage_pull,family0079,4,2.7414729702286422,5.188811046537012
masked,stationary,target,near_establish,family0079_engage_pull,family0079,5,3.1495758329530332,6.093204797389973
masked,stationary,tool,near_establish,family0079_engage_pull,family0079,5,7.595702912658453,12.656711600720882
masked,stationary,all,near_establish,family0079_engage_pull,family0079,5,5.372639326378703,9.374957624822855
masked,stationary,target,moving,family0079_engage_pull,family0079,17,7.177252555266023,12.167642303906819
masked,stationary,tool,moving,family0079_engage_pull,family0079,17,7.595034398357658,12.658500222160535
masked,stationary,all,moving,family0079_engage_pull,family0079,17,7.386143565835321,12.413071139770395
masked,stationary,target,all,family0079_pass_by,family0079,21,2.1624422041370617e-05,2.159142828549507e-05
masked,stationary,target,pass_by,family0079_pass_by,family0079,21,2.1624422041370617e-05,2.159142828549507e-05
masked,stationary,target,stationary,family0079_pass_by,family0079,21,2.1624422041370617e-05,2.159142828549507e-05
masked,stationary,tool,all,family0079_pass_by,family0079,21,6.795786565080995,11.420227808966523
masked,stationary,tool,pass_by,family0079_pass_by,family0079,21,6.795786565080995,11.420227808966523
masked,stationary,tool,stationary,family0079_pass_by,family0079,21,6.795786565080995,11.420227808966523
masked,stationary,all,all,family0079_pass_by,family0079,21,3.397904136883361,5.710124592518523
masked,stationary,all,pass_by,family0079_pass_by,family0079,21,3.397904136883361,5.710124592518523
masked,stationary,all,stationary,family0079_pass_by,family0079,21,3.397904136883361,5.710124592518523
masked,stationary,target,all,family0089_detach,family0089,21,5.9186069908152135,9.828500865637578
masked,stationary,target,detach,family0089_detach,family0089,21,5.9186069908152135,9.828500865637578
masked,stationary,target,stationary,family0089_detach,family0089,9,0.03990398337015853,0.19919990042025246
masked,stationary,tool,all,family0089_detach,family0089,21,16.285332862199063,27.379630887437436
masked,stationary,tool,detach,family0089_detach,family0089,21,16.285332862199063,27.379630887437436
masked,stationary,tool,stationary,family0089_detach,family0089,9,13.904370600357652,23.35979261746009
masked,stationary,all,all,family0089_detach,family0089,21,11.101970338218269,18.604065602024395
masked,stationary,all,detach,family0089_detach,family0089,21,11.101970338218269,18.604065602024395
masked,stationary,all,stationary,family0089_detach,family0089,9,6.972137942082352,11.779496756692728
masked,stationary,target,near_establish,family0089_detach,family0089,5,3.973983667416192,7.610407543152675
masked,stationary,tool,near_establish,family0089_detach,family0089,5,8.992806822061539,14.99592773616314
masked,stationary,all,near_establish,family0089_detach,family0089,5,6.483395490795374,11.303167510777712
masked,stationary,target,moving,family0089_detach,family0089,12,10.327634246399006,17.050476589550573
masked,stationary,tool,moving,family0089_detach,family0089,12,18.07105455858012,30.394509589920442
masked,stationary,all,moving,family0089_detach,family0089,12,14.199344635320207,23.722492236023147
masked,stationary,target,near_release,family0089_detach,family0089,4,5.079771142611822,6.716380217190121
masked,stationary,tool,near_release,family0089_detach,family0089,4,21.889505442231894,35.53071245551109
masked,stationary,all,near_release,family0089_detach,family0089,4,13.484637718647718,21.123547106981277
masked,constant_velocity,target,all,family0079_engage_pull,family0079,21,3.052299230120747,5.288814353499694
masked,constant_velocity,target,engage_pull,family0079_engage_pull,family0079,21,3.052299230120747,5.288814353499694
masked,constant_velocity,target,stationary,family0079_engage_pull,family0079,4,0.05536935585936931,0.27671033404930157
masked,constant_velocity,tool,all,family0079_engage_pull,family0079,21,3.340701954216673,5.769072917506231
masked,constant_velocity,tool,engage_pull,family0079_engage_pull,family0079,21,3.340701954216673,5.769072917506231
masked,constant_velocity,tool,stationary,family0079_engage_pull,family0079,4,2.9511037282645702,5.974699044600129
masked,constant_velocity,all,all,family0079_engage_pull,family0079,21,3.1965005882306112,5.5289437018689656
masked,constant_velocity,all,engage_pull,family0079_engage_pull,family0079,21,3.1965005882306112,5.5289437018689656
masked,constant_velocity,all,stationary,family0079_engage_pull,family0079,4,1.5032365772640333,3.125704708509147
masked,constant_velocity,target,near_establish,family0079_engage_pull,family0079,5,2.161739387921102,4.4461830073018405
masked,constant_velocity,tool,near_establish,family0079_engage_pull,family0079,5,3.603548789396882,6.004735454916954
masked,constant_velocity,all,near_establish,family0079_engage_pull,family0079,5,2.8826441382989287,5.225459346547723
masked,constant_velocity,target,moving,family0079_engage_pull,family0079,17,3.757459200535189,6.468132946311551
masked,constant_velocity,tool,moving,family0079_engage_pull,family0079,17,3.432372125028932,5.720690299366491
masked,constant_velocity,all,moving,family0079_engage_pull,family0079,17,3.594915649634512,6.09441170030657
masked,constant_velocity,target,all,family0079_pass_by,family0079,21,4.991094496428364e-05,6.877109548497629e-05
masked,constant_velocity,target,pass_by,family0079_pass_by,family0079,21,4.991094496428364e-05,6.877109548497629e-05
masked,constant_velocity,target,stationary,family0079_pass_by,family0079,21,4.991094496428364e-05,6.877109548497629e-05
masked,constant_velocity,tool,all,family0079_pass_by,family0079,21,3.352748586405055,5.681422641048682
masked,constant_velocity,tool,pass_by,family0079_pass_by,family0079,21,3.352748586405055,5.681422641048682
masked,constant_velocity,tool,stationary,family0079_pass_by,family0079,21,3.352748586405055,5.681422641048682
masked,constant_velocity,all,all,family0079_pass_by,family0079,21,1.6763992322835075,2.8407456575440024
masked,constant_velocity,all,pass_by,family0079_pass_by,family0079,21,1.6763992322835075,2.8407456575440024
masked,constant_velocity,all,stationary,family0079_pass_by,family0079,21,1.6763992322835075,2.8407456575440024
masked,constant_velocity,target,all,family0089_detach,family0089,21,3.8089439905663522,6.628775022560958
masked,constant_velocity,target,detach,family0089_detach,family0089,21,3.8089439905663522,6.628775022560958
masked,constant_velocity,target,stationary,family0089_detach,family0089,9,0.11370018816197419,0.32218588679771504
masked,constant_velocity,tool,all,family0089_detach,family0089,21,9.51204696182339,16.68602633955223
masked,constant_velocity,tool,detach,family0089_detach,family0089,21,9.51204696182339,16.68602633955223
masked,constant_velocity,tool,stationary,family0089_detach,family0089,9,6.552275891105334,11.28688511542148
masked,constant_velocity,all,all,family0089_detach,family0089,21,6.660495502209025,11.657400777386059
masked,constant_velocity,all,detach,family0089_detach,family0089,21,6.660495502209025,11.657400777386059
masked,constant_velocity,all,stationary,family0089_detach,family0089,9,3.3329881908785968,5.80453564826813
masked,constant_velocity,target,near_establish,family0089_detach,family0089,5,2.9996782975153735,5.986313839281365
masked,constant_velocity,tool,near_establish,family0089_detach,family0089,5,5.700481124222279,9.509385749697685
masked,constant_velocity,all,near_establish,family0089_detach,family0089,5,4.350079922005534,7.747849589213729
masked,constant_velocity,target,moving,family0089_detach,family0089,12,6.580376842369636,11.35871687438339
masked,constant_velocity,tool,moving,family0089_detach,family0089,12,11.731875264861932,20.735382257650297
masked,constant_velocity,all,moving,family0089_detach,family0089,12,9.156125985706845,16.047049624224503
masked,constant_velocity,target,near_release,family0089_detach,family0089,4,4.729159540147521,7.39579091896303
masked,constant_velocity,tool,near_release,family0089_detach,family0089,4,13.067177962511778,22.052316926419735
masked,constant_velocity,all,near_release,family0089_detach,family0089,4,8.898168103769422,14.724053908139467
masked,A,target,all,family0079_engage_pull,family0079,21,1.5743426102701397,1.9957717907215868
masked,A,target,engage_pull,family0079_engage_pull,family0079,21,1.5743426102701397,1.9957717907215868
masked,A,target,stationary,family0079_engage_pull,family0079,4,1.1635970149654895,1.7186212644446641
masked,A,tool,all,family0079_engage_pull,family0079,21,1.629244597140877,1.9935965094537962
masked,A,tool,engage_pull,family0079_engage_pull,family0079,21,1.629244597140877,1.9935965094537962
masked,A,tool,stationary,family0079_engage_pull,family0079,4,2.1222790237516165,2.5385631597600877
masked,A,all,all,family0079_engage_pull,family0079,21,1.6017936203362686,1.9946841168261709
masked,A,all,engage_pull,family0079_engage_pull,family0079,21,1.6017936203362686,1.9946841168261709
masked,A,all,stationary,family0079_engage_pull,family0079,4,1.6429380921181291,2.1285921975504607
masked,A,target,near_establish,family0079_engage_pull,family0079,5,1.6665798146277666,2.3440114920958877
masked,A,tool,near_establish,family0079_engage_pull,family0079,5,1.483391341753304,2.094201114960015
masked,A,all,near_establish,family0079_engage_pull,family0079,5,1.5749856131151319,2.2191063035279512
masked,A,target,moving,family0079_engage_pull,family0079,17,1.6709886326947634,2.0609836792573333
masked,A,tool,moving,family0079_engage_pull,family0079,17,1.5132364967618794,1.865369062322904
masked,A,all,moving,family0079_engage_pull,family0079,17,1.5921125681523014,1.963176333126338
masked,A,target,all,family0079_pass_by,family0079,21,0.8228965314282548,0.7857091259211302
masked,A,target,pass_by,family0079_pass_by,family0079,21,0.8228965314282548,0.7857091259211302
masked,A,target,stationary,family0079_pass_by,family0079,21,0.8228965314282548,0.7857091259211302
masked,A,tool,all,family0079_pass_by,family0079,21,1.0889359289735911,1.3801776443696803
masked,A,tool,pass_by,family0079_pass_by,family0079,21,1.0889359289735911,1.3801776443696803
masked,A,tool,stationary,family0079_pass_by,family0079,21,1.0889359289735911,1.3801776443696803
masked,A,all,all,family0079_pass_by,family0079,21,0.9559162454457865,1.0829434003902687
masked,A,all,pass_by,family0079_pass_by,family0079,21,0.9559162454457865,1.0829434003902687
masked,A,all,stationary,family0079_pass_by,family0079,21,0.9559162454457865,1.0829434003902687
masked,A,target,all,family0089_detach,family0089,21,3.1579919686053124,4.601881602346631
masked,A,target,detach,family0089_detach,family0089,21,3.1579919686053124,4.601881602346631
masked,A,target,stationary,family0089_detach,family0089,9,1.1563927206831675,1.3559168211132702
masked,A,tool,all,family0089_detach,family0089,21,6.960527882689521,10.221941379963287
masked,A,tool,detach,family0089_detach,family0089,21,6.960527882689521,10.221941379963287
masked,A,tool,stationary,family0089_detach,family0089,9,5.601691806481944,7.6488081960835395
masked,A,all,all,family0089_detach,family0089,21,5.05925988268462,7.411911473831251
masked,A,all,detach,family0089_detach,family0089,21,5.05925988268462,7.411911473831251
masked,A,all,stationary,family0089_detach,family0089,9,3.3790422732838326,4.502362597526775
masked,A,target,near_establish,family0089_detach,family0089,5,2.2346072364598513,3.364907903596759
masked,A,tool,near_establish,family0089_detach,family0089,5,2.596067311242223,3.896451834589243
masked,A,all,near_establish,family0089_detach,family0089,5,2.4153373204171658,3.630679799243808
masked,A,target,moving,family0089_detach,family0089,12,4.659191404546921,7.036355188271652
masked,A,tool,moving,family0089_detach,family0089,12,7.979654939845204,12.151791267873099
masked,A,all,moving,family0089_detach,family0089,12,6.31942308973521,9.594073131059607
masked,A,target,near_release,family0089_detach,family0089,4,3.9261321944650263,5.444826325401664
masked,A,tool,near_release,family0089_detach,family0089,4,12.020334368571639,18.141367007046938
masked,A,all,near_release,family0089_detach,family0089,4,7.973233005031943,11.79309724830091
masked,B,target,all,family0079_engage_pull,family0079,21,1.0740270483351888,1.4387683920739662
masked,B,target,engage_pull,family0079_engage_pull,family0079,21,1.0740270483351888,1.4387683920739662
masked,B,target,stationary,family0079_engage_pull,family0079,4,0.8590598736191168,1.1888786393683404
masked,B,tool,all,family0079_engage_pull,family0079,21,1.2230001462046944,1.4047031041367777
masked,B,tool,engage_pull,family0079_engage_pull,family0079,21,1.2230001462046944,1.4047031041367777
masked,B,tool,stationary,family0079_engage_pull,family0079,4,2.1046221954748034,2.9322977061383426
masked,B,all,all,family0079_engage_pull,family0079,21,1.1485136069712185,1.4217357439476819
masked,B,all,engage_pull,family0079_engage_pull,family0079,21,1.1485136069712185,1.4217357439476819
masked,B,all,stationary,family0079_engage_pull,family0079,4,1.481841056374833,2.0605881873052567
masked,B,target,near_establish,family0079_engage_pull,family0079,5,1.6775277210399508,2.401859569363296
masked,B,tool,near_establish,family0079_engage_pull,family0079,5,1.575339469127357,2.229573857039213
masked,B,all,near_establish,family0079_engage_pull,family0079,5,1.6264336882159114,2.315716678276658
masked,B,target,moving,family0079_engage_pull,family0079,17,1.1246075600330883,1.4975659809458781
masked,B,tool,moving,family0079_engage_pull,family0079,17,1.0155596640234923,1.0452690801364095
masked,B,all,moving,family0079_engage_pull,family0079,17,1.0700836188762504,1.2714175219811938
masked,B,target,all,family0079_pass_by,family0079,21,0.7354860205114597,0.7626016712969258
masked,B,target,pass_by,family0079_pass_by,family0079,21,0.7354860205114597,0.7626016712969258
masked,B,target,stationary,family0079_pass_by,family0079,21,0.7354860205114597,0.7626016712969258
masked,B,tool,all,family0079_pass_by,family0079,21,0.6720976504896369,0.7374468980179656
masked,B,tool,pass_by,family0079_pass_by,family0079,21,0.6720976504896369,0.7374468980179656
masked,B,tool,stationary,family0079_pass_by,family0079,21,0.6720976504896369,0.7374468980179656
masked,B,all,all,family0079_pass_by,family0079,21,0.7037918244133747,0.7500242929728258
masked,B,all,pass_by,family0079_pass_by,family0079,21,0.7037918244133747,0.7500242929728258
masked,B,all,stationary,family0079_pass_by,family0079,21,0.7037918244133747,0.7500242929728258
masked,B,target,all,family0089_detach,family0089,21,1.9196756544434244,2.862551889847964
masked,B,target,detach,family0089_detach,family0089,21,1.9196756544434244,2.862551889847964
masked,B,target,stationary,family0089_detach,family0089,9,0.8771914096238712,1.0511185391806066
masked,B,tool,all,family0089_detach,family0089,21,3.3398015047645284,5.1121008748720795
masked,B,tool,detach,family0089_detach,family0089,21,3.3398015047645284,5.1121008748720795
masked,B,tool,stationary,family0089_detach,family0089,9,2.851069982474049,3.8685669682713018
masked,B,all,all,family0089_detach,family0089,21,2.6297385394129726,3.9873263698869517
masked,B,all,detach,family0089_detach,family0089,21,2.6297385394129726,3.9873263698869517
masked,B,all,stationary,family0089_detach,family0089,9,1.8641306604776118,2.4598427246221237
masked,B,target,near_establish,family0089_detach,family0089,5,2.0440649706870317,3.2886144937947392
masked,B,tool,near_establish,family0089_detach,family0089,5,2.573312260210514,3.912559198215604
masked,B,all,near_establish,family0089_detach,family0089,5,2.30868854559958,3.6005869042128325
masked,B,target,moving,family0089_detach,family0089,12,2.7015388380580894,4.221126902848482
masked,B,tool,moving,family0089_detach,family0089,12,3.706350146482388,6.044751304822664
masked,B,all,moving,family0089_detach,family0089,12,3.203944448614493,5.1329391038355725
masked,B,target,near_release,family0089_detach,family0089,4,2.0907378930132836,2.1529676159843802
masked,B,tool,near_release,family0089_detach,family0089,4,3.3950398792512715,5.1802798407152295
masked,B,all,near_release,family0089_detach,family0089,4,2.7428887551650405,3.666623553726822
masked,C,target,all,family0079_engage_pull,family0079,21,1.0961386253170313,1.54209798035611
masked,C,target,engage_pull,family0079_engage_pull,family0079,21,1.0961386253170313,1.54209798035611
masked,C,target,stationary,family0079_engage_pull,family0079,4,1.3863753993064165,1.6185135464183986
masked,C,tool,all,family0079_engage_pull,family0079,21,1.4800921060322296,1.6277426094304592
masked,C,tool,engage_pull,family0079_engage_pull,family0079,21,1.4800921060322296,1.6277426094304592
masked,C,tool,stationary,family0079_engage_pull,family0079,4,2.561613597208634,3.1364543247036636
masked,C,all,all,family0079_engage_pull,family0079,21,1.2881153656746305,1.5849203032086647
masked,C,all,engage_pull,family0079_engage_pull,family0079,21,1.2881153656746305,1.5849203032086647
masked,C,all,stationary,family0079_engage_pull,family0079,4,1.9739944546017796,2.377483790041879
masked,C,target,near_establish,family0079_engage_pull,family0079,5,1.8501209327951074,2.9424682492390275
masked,C,tool,near_establish,family0079_engage_pull,family0079,5,1.5636759111657739,2.2342517506331205
masked,C,all,near_establish,family0079_engage_pull,family0079,5,1.7068984219804406,2.5883599650114775
masked,C,target,moving,family0079_engage_pull,family0079,17,1.0278476196724702,1.5241178471649832
masked,C,tool,moving,family0079_engage_pull,family0079,17,1.2256164610495461,1.27275161760147
masked,C,all,moving,family0079_engage_pull,family0079,17,1.1267320506329483,1.3984347768949674
masked,C,target,all,family0079_pass_by,family0079,21,1.3147808799874925,1.448493983064379
masked,C,target,pass_by,family0079_pass_by,family0079,21,1.3147808799874925,1.448493983064379
masked,C,target,stationary,family0079_pass_by,family0079,21,1.3147808799874925,1.448493983064379
masked,C,tool,all,family0079_pass_by,family0079,21,1.157464636933236,1.2690343206659669
masked,C,tool,pass_by,family0079_pass_by,family0079,21,1.157464636933236,1.2690343206659669
masked,C,tool,stationary,family0079_pass_by,family0079,21,1.157464636933236,1.2690343206659669
masked,C,all,all,family0079_pass_by,family0079,21,1.2361227556885708,1.358764151865173
masked,C,all,pass_by,family0079_pass_by,family0079,21,1.2361227556885708,1.358764151865173
masked,C,all,stationary,family0079_pass_by,family0079,21,1.2361227556885708,1.358764151865173
masked,C,target,all,family0089_detach,family0089,21,2.87630595266819,3.9705300476357697
masked,C,target,detach,family0089_detach,family0089,21,2.87630595266819,3.9705300476357697
masked,C,target,stationary,family0089_detach,family0089,9,1.625064411200583,1.7403856683005061
masked,C,tool,all,family0089_detach,family0089,21,3.8399641246845326,4.3277637201494406
masked,C,tool,detach,family0089_detach,family0089,21,3.8399641246845326,4.3277637201494406
masked,C,tool,stationary,family0089_detach,family0089,9,3.253752624409066,3.4752863122978144
masked,C,all,all,family0089_detach,family0089,21,3.3581349666097333,4.149146832614427
masked,C,all,detach,family0089_detach,family0089,21,3.3581349666097333,4.149146832614427
masked,C,all,stationary,family0089_detach,family0089,9,2.439408381986949,2.607835896520151
masked,C,target,near_establish,family0089_detach,family0089,5,2.5637660175561905,4.33712350204587
masked,C,tool,near_establish,family0089_detach,family0089,5,2.3171970155090094,3.820250276476145
masked,C,all,near_establish,family0089_detach,family0089,5,2.4404815398156643,4.0786865167319775
masked,C,target,moving,family0089_detach,family0089,12,3.8147371087688953,5.643138332137217
masked,C,tool,moving,family0089_detach,family0089,12,4.279622749891132,4.96712177603816
masked,C,all,moving,family0089_detach,family0089,12,4.047179905076821,5.305130034685135
masked,C,target,near_release,family0089_detach,family0089,4,3.704481292515993,3.990676370449364
masked,C,tool,near_release,family0089_detach,family0089,4,4.717289470136166,4.016589664388448
masked,C,all,near_release,family0089_detach,family0089,4,4.21088543953374,4.003633221145719
masked,stationary,target,all,family0089_engage_pull,family0089,21,7.3924290095001695,12.556326336071995
masked,stationary,target,engage_pull,family0089_engage_pull,family0089,21,7.3924290095001695,12.556326336071995
masked,stationary,target,stationary,family0089_engage_pull,family0089,3,0.11945760420080849,0.5972190137632319
masked,stationary,tool,all,family0089_engage_pull,family0089,21,8.751760381052183,14.731850519421554
masked,stationary,tool,engage_pull,family0089_engage_pull,family0089,21,8.751760381052183,14.731850519421554
masked,stationary,tool,stationary,family0089_engage_pull,family0089,3,7.176913398628433,12.978133745491505
masked,stationary,all,all,family0089_engage_pull,family0089,21,8.072094481793188,13.644088325755936
masked,stationary,all,engage_pull,family0089_engage_pull,family0089,21,8.072094481793188,13.644088325755936
masked,stationary,all,stationary,family0089_engage_pull,family0089,3,3.6481857920686402,6.787676364183426
masked,stationary,target,near_establish,family0089_engage_pull,family0089,5,3.973983667416192,7.610407543152675
masked,stationary,tool,near_establish,family0089_engage_pull,family0089,5,8.992806822061539,14.99592773616314
masked,stationary,all,near_establish,family0089_engage_pull,family0089,5,6.483395490795374,11.303167510777712
masked,stationary,target,moving,family0089_engage_pull,family0089,18,8.604590910383397,14.549510889790124
masked,stationary,tool,moving,family0089_engage_pull,family0089,18,9.014234878122807,15.024136648409897
masked,stationary,all,moving,family0089_engage_pull,family0089,18,8.80941259674728,14.786823652684689
masked,stationary,target,all,family0089_pass_by,family0089,21,2.2590984786556117e-05,2.5593326315385768e-05
masked,stationary,target,pass_by,family0089_pass_by,family0089,21,2.2590984786556117e-05,2.5593326315385768e-05
masked,stationary,target,stationary,family0089_pass_by,family0089,21,2.2590984786556117e-05,2.5593326315385768e-05
masked,stationary,tool,all,family0089_pass_by,family0089,21,6.7784084517153955,11.390885781674157
masked,stationary,tool,pass_by,family0089_pass_by,family0089,21,6.7784084517153955,11.390885781674157
masked,stationary,tool,stationary,family0089_pass_by,family0089,21,6.7784084517153955,11.390885781674157
masked,stationary,all,all,family0089_pass_by,family0089,21,3.389215512600328,5.695455685435307
masked,stationary,all,pass_by,family0089_pass_by,family0089,21,3.389215512600328,5.695455685435307
masked,stationary,all,stationary,family0089_pass_by,family0089,21,3.389215512600328,5.695455685435307
masked,constant_velocity,target,all,family0089_engage_pull,family0089,21,3.8761811704341587,6.695726188110334
masked,constant_velocity,target,engage_pull,family0089_engage_pull,family0089,21,3.8761811704341587,6.695726188110334
masked,constant_velocity,target,stationary,family0089_engage_pull,family0089,3,0.11947884208396431,0.5972327122627519
masked,constant_velocity,tool,all,family0089_engage_pull,family0089,21,4.464551119045133,7.5864064662406845
masked,constant_velocity,tool,engage_pull,family0089_engage_pull,family0089,21,4.464551119045133,7.5864064662406845
masked,constant_velocity,tool,stationary,family0089_engage_pull,family0089,3,6.676181297128399,12.144130654633045
masked,constant_velocity,all,all,family0089_engage_pull,family0089,21,4.170366163764681,7.141066426854758
masked,constant_velocity,all,engage_pull,family0089_engage_pull,family0089,21,4.170366163764681,7.141066426854758
masked,constant_velocity,all,stationary,family0089_engage_pull,family0089,3,3.397830373918017,6.370682114114364
masked,constant_velocity,target,near_establish,family0089_engage_pull,family0089,5,2.73511489302507,5.545379334791534
masked,constant_velocity,tool,near_establish,family0089_engage_pull,family0089,5,6.609915336593986,11.024174187332392
masked,constant_velocity,all,near_establish,family0089_engage_pull,family0089,5,4.672515299171209,8.284777030348778
masked,constant_velocity,target,moving,family0089_engage_pull,family0089,18,4.5022982251591905,7.712141767418264
masked,constant_velocity,tool,moving,family0089_engage_pull,family0089,18,4.095946089364588,6.826785768175291
masked,constant_velocity,all,moving,family0089_engage_pull,family0089,18,4.299122128739125,7.26946381231149
masked,constant_velocity,target,all,family0089_pass_by,family0089,21,5.363037633035869e-05,7.907296827895715e-05
masked,constant_velocity,target,pass_by,family0089_pass_by,family0089,21,5.363037633035869e-05,7.907296827895715e-05
masked,constant_velocity,target,stationary,family0089_pass_by,family0089,21,5.363037633035869e-05,7.907296827895715e-05
masked,constant_velocity,tool,all,family0089_pass_by,family0089,21,3.6498170257324265,6.176346835369865
masked,constant_velocity,tool,pass_by,family0089_pass_by,family0089,21,3.6498170257324265,6.176346835369865
masked,constant_velocity,tool,stationary,family0089_pass_by,family0089,21,3.6498170257324265,6.176346835369865
masked,constant_velocity,all,all,family0089_pass_by,family0089,21,1.8249353327389275,3.0882130099815273
masked,constant_velocity,all,pass_by,family0089_pass_by,family0089,21,1.8249353327389275,3.0882130099815273
masked,constant_velocity,all,stationary,family0089_pass_by,family0089,21,1.8249353327389275,3.0882130099815273
masked,A,target,all,family0089_engage_pull,family0089,21,2.1281957216117355,3.1596816455324492
masked,A,target,engage_pull,family0089_engage_pull,family0089,21,2.1281957216117355,3.1596816455324492
masked,A,target,stationary,family0089_engage_pull,family0089,3,1.6890196905781825,2.5628990648935237
masked,A,tool,all,family0089_engage_pull,family0089,21,2.3110430421573773,3.2145472831048427
masked,A,tool,engage_pull,family0089_engage_pull,family0089,21,2.3110430421573773,3.2145472831048427
masked,A,tool,stationary,family0089_engage_pull,family0089,3,2.7785482816398144,3.8326695018137493
masked,A,all,all,family0089_engage_pull,family0089,21,2.219619334764069,3.1871144837211993
masked,A,all,engage_pull,family0089_engage_pull,family0089,21,2.219619334764069,3.1871144837211993
masked,A,all,stationary,family0089_engage_pull,family0089,3,2.233783908498784,3.1977841475357613
masked,A,target,near_establish,family0089_engage_pull,family0089,5,2.090797945857048,3.2016181387007236
masked,A,tool,near_establish,family0089_engage_pull,family0089,5,2.6852136943489313,4.052043193951249
masked,A,all,near_establish,family0089_engage_pull,family0089,5,2.3880057502537966,3.6268307361751795
masked,A,target,moving,family0089_engage_pull,family0089,18,2.201391726783994,3.25914540897227
masked,A,tool,moving,family0089_engage_pull,family0089,18,2.233125502243638,3.111526913320025
masked,A,all,moving,family0089_engage_pull,family0089,18,2.21725857247495,3.1853362064187727
masked,A,target,all,family0089_pass_by,family0089,21,0.7423934931423337,0.8621860788913355
masked,A,target,pass_by,family0089_pass_by,family0089,21,0.7423934931423337,0.8621860788913355
masked,A,target,stationary,family0089_pass_by,family0089,21,0.7423934931423337,0.8621860788913355
masked,A,tool,all,family0089_pass_by,family0089,21,1.119550436712979,1.358992894113596
masked,A,tool,pass_by,family0089_pass_by,family0089,21,1.119550436712979,1.358992894113596
masked,A,tool,stationary,family0089_pass_by,family0089,21,1.119550436712979,1.358992894113596
masked,A,all,all,family0089_pass_by,family0089,21,0.930971970471243,1.1105894948178459
masked,A,all,pass_by,family0089_pass_by,family0089,21,0.930971970471243,1.1105894948178459
masked,A,all,stationary,family0089_pass_by,family0089,21,0.930971970471243,1.1105894948178459
masked,B,target,all,family0089_engage_pull,family0089,21,1.5206553424442453,2.341894188984519
masked,B,target,engage_pull,family0089_engage_pull,family0089,21,1.5206553424442453,2.341894188984519
masked,B,target,stationary,family0089_engage_pull,family0089,3,1.0994906770065427,1.4993053240080674
masked,B,tool,all,family0089_engage_pull,family0089,21,1.7978673900610633,2.4166069703087922
masked,B,tool,engage_pull,family0089_engage_pull,family0089,21,1.7978673900610633,2.4166069703087922
masked,B,tool,stationary,family0089_engage_pull,family0089,3,2.8254009472827115,4.101684200577438
masked,B,all,all,family0089_engage_pull,family0089,21,1.6592613593231709,2.3792506018210027
masked,B,all,engage_pull,family0089_engage_pull,family0089,21,1.6592613593231709,2.3792506018210027
masked,B,all,stationary,family0089_engage_pull,family0089,3,1.962445870352288,2.8004949369157353
masked,B,target,near_establish,family0089_engage_pull,family0089,5,1.8733636476099491,2.999223256483674
masked,B,tool,near_establish,family0089_engage_pull,family0089,5,2.5953609962016344,3.9833701215684414
masked,B,all,near_establish,family0089_engage_pull,family0089,5,2.2343622986227274,3.491296712309122
masked,B,target,moving,family0089_engage_pull,family0089,18,1.590849453350529,2.482325666480594
masked,B,tool,moving,family0089_engage_pull,family0089,18,1.6266117971907887,2.135760765264018
masked,B,all,moving,family0089_engage_pull,family0089,18,1.6087306074849848,2.309043212638547
masked,B,target,all,family0089_pass_by,family0089,21,0.8816335965613169,0.8763800752127454
masked,B,target,pass_by,family0089_pass_by,family0089,21,0.8816335965613169,0.8763800752127454
masked,B,target,stationary,family0089_pass_by,family0089,21,0.8816335965613169,0.8763800752127454
masked,B,tool,all,family0089_pass_by,family0089,21,0.6363370561129635,0.7336347258561069
masked,B,tool,pass_by,family0089_pass_by,family0089,21,0.6363370561129635,0.7336347258561069
masked,B,tool,stationary,family0089_pass_by,family0089,21,0.6363370561129635,0.7336347258561069
masked,B,all,all,family0089_pass_by,family0089,21,0.7589853263371402,0.8050074019203228
masked,B,all,pass_by,family0089_pass_by,family0089,21,0.7589853263371402,0.8050074019203228
masked,B,all,stationary,family0089_pass_by,family0089,21,0.7589853263371402,0.8050074019203228
masked,C,target,all,family0089_engage_pull,family0089,21,1.5132921592642863,2.5143183745621216
masked,C,target,engage_pull,family0089_engage_pull,family0089,21,1.5132921592642863,2.5143183745621216
masked,C,target,stationary,family0089_engage_pull,family0089,3,1.5596425315986078,2.018726741274198
masked,C,tool,all,family0089_engage_pull,family0089,21,1.770720756169231,2.256619206274904
masked,C,tool,engage_pull,family0089_engage_pull,family0089,21,1.770720756169231,2.256619206274904
masked,C,tool,stationary,family0089_engage_pull,family0089,3,2.8859146405011415,4.0623780417566495
masked,C,all,all,family0089_engage_pull,family0089,21,1.642006460488552,2.3854688319954134
masked,C,all,engage_pull,family0089_engage_pull,family0089,21,1.642006460488552,2.3854688319954134
masked,C,all,stationary,family0089_engage_pull,family0089,3,2.2227785860498748,3.040552643748621
masked,C,target,near_establish,family0089_engage_pull,family0089,5,2.3065224289894104,3.925731312483549
masked,C,tool,near_establish,family0089_engage_pull,family0089,5,2.409959677606821,3.8902243599295616
masked,C,all,near_establish,family0089_engage_pull,family0089,5,2.3582410300150514,3.907977929338813
masked,C,target,moving,family0089_engage_pull,family0089,18,1.5055670972085662,2.596916980110109
masked,C,tool,moving,family0089_engage_pull,family0089,18,1.5848551087805793,1.9556594003612797
masked,C,all,moving,family0089_engage_pull,family0089,18,1.5452111062283318,2.276288196703212
masked,C,target,all,family0089_pass_by,family0089,21,1.225625439214387,1.3125829476242263
masked,C,target,pass_by,family0089_pass_by,family0089,21,1.225625439214387,1.3125829476242263
masked,C,target,stationary,family0089_pass_by,family0089,21,1.225625439214387,1.3125829476242263
masked,C,tool,all,family0089_pass_by,family0089,21,1.3820039485359477,1.3539574131192196
masked,C,tool,pass_by,family0089_pass_by,family0089,21,1.3820039485359477,1.3539574131192196
masked,C,tool,stationary,family0089_pass_by,family0089,21,1.3820039485359477,1.3539574131192196
masked,C,all,all,family0089_pass_by,family0089,21,1.303814717435411,1.3332701665127562
masked,C,all,pass_by,family0089_pass_by,family0089,21,1.303814717435411,1.3332701665127562
masked,C,all,stationary,family0089_pass_by,family0089,21,1.303814717435411,1.3332701665127562
